#include "cmpbe_chunks.h"
#if defined(__GNUC__)
#pragma GCC diagnostic push
#pragma GCC diagnostic ignored "-Wpedantic"
#endif
static const cmpbe_chunk_VEHW VEHW_0 =
{
	(cmpbe_chunk_VEHW_core) 0x1c,
	(uint32_t) 0x0,
	(uint32_t) 0x0,
};
static const cmpbe_chunk_VELA VELA_1 =
{
	(cmpbe_chunk_VELA_lang) 0x7,
};
static const cmpbe_chunk_SSYM SSYM_2 =
{
	(uint32_t) 0x0,
	NULL,
};
static const cmpbe_chunk_SSYM SSYM_3 =
{
	(uint32_t) 0x0,
	NULL,
};
static const uint8_t b_4[] = "_4000_pushConstants_0";
static const cmpbe_chunk_STRI STRI_4 = { 21, (uint8_t*)b_4 };
static const uint8_t b_5[] = "u_TextureDimensions_0";
static const cmpbe_chunk_STRI STRI_5 = { 21, (uint8_t*)b_5 };
static const cmpbe_chunk_TPGE TPGE_6 =
{
	(cmpbe_chunk_TPGE_scalar_type) 0x2,
	(uint8_t) 0x2,
	(cmpbe_chunk_TPGE_scalar_size) 0x2,
	(cmpbe_chunk_TPGE_precision) 0x1,
	(uint32_t) 0x8,
	(cmpbe_chunk_TPGE_aux_qualifier) 0x8,
	(uint8_t) 0x0,
};
static const cmpbe_chunk_TYPE TYPE_7 =
{
	NULL,
	NULL,
	(cmpbe_chunk_TPGE*)&TPGE_6,
	NULL,
	NULL,
	NULL,
	NULL,
	NULL,
	NULL,
	NULL,
	NULL,
	NULL,
};
static const cmpbe_chunk_TPSE TPSE_5 =
{
	STRI_5,
	(uint32_t) 0x0,
	(uint16_t) 0xffff,
	(cmpbe_chunk_symbol_flags) 0x0,
	(uint16_t) 0xffff,
	(cmpbe_chunk_SYMB_semantics) 0x0,
	TYPE_7,
};
static const uint8_t b_8[] = "u_Flags_0";
static const cmpbe_chunk_STRI STRI_8 = { 9, (uint8_t*)b_8 };
static const uint8_t b_9[] = "";
static const cmpbe_chunk_STRI STRI_9 = { 0, (uint8_t*)b_9 };
static const uint8_t b_10[] = "flags_0";
static const cmpbe_chunk_STRI STRI_10 = { 7, (uint8_t*)b_10 };
static const uint8_t b_11[] = "";
static const cmpbe_chunk_STRI STRI_11 = { 0, (uint8_t*)b_11 };
static const uint8_t b_12[] = "data_0";
static const cmpbe_chunk_STRI STRI_12 = { 6, (uint8_t*)b_12 };
static const cmpbe_chunk_TPGE TPGE_13 =
{
	(cmpbe_chunk_TPGE_scalar_type) 0x3,
	(uint8_t) 0x1,
	(cmpbe_chunk_TPGE_scalar_size) 0x2,
	(cmpbe_chunk_TPGE_precision) 0x1,
	(uint32_t) 0x4,
	(cmpbe_chunk_TPGE_aux_qualifier) 0x8,
	(uint8_t) 0x0,
};
static const cmpbe_chunk_TYPE TYPE_14 =
{
	NULL,
	NULL,
	(cmpbe_chunk_TPGE*)&TPGE_13,
	NULL,
	NULL,
	NULL,
	NULL,
	NULL,
	NULL,
	NULL,
	NULL,
	NULL,
};
static const cmpbe_chunk_TPAR TPAR_15 =
{
	(uint32_t) 0x1,
	TYPE_14,
};
static const cmpbe_chunk_TYPE TYPE_16 =
{
	NULL,
	(cmpbe_chunk_TPAR*)&TPAR_15,
	NULL,
	NULL,
	NULL,
	NULL,
	NULL,
	NULL,
	NULL,
	NULL,
	NULL,
	NULL,
};
static const cmpbe_chunk_TPSE TPSE_12 =
{
	STRI_12,
	(uint32_t) 0x0,
	(uint16_t) 0xffff,
	(cmpbe_chunk_symbol_flags) 0x0,
	(uint16_t) 0xffff,
	(cmpbe_chunk_SYMB_semantics) 0x0,
	TYPE_16,
};
static cmpbe_chunk_TPSE a_12[1] = { TPSE_12, };
static const cmpbe_chunk_TPST TPST_17 =
{
	(uint32_t) 0x4,
	(uint32_t) 0x1,
	STRI_11,
	a_12,
};
static const cmpbe_chunk_TYPE TYPE_18 =
{
	NULL,
	NULL,
	NULL,
	NULL,
	NULL,
	NULL,
	NULL,
	NULL,
	NULL,
	NULL,
	(cmpbe_chunk_TPST*)&TPST_17,
	NULL,
};
static const cmpbe_chunk_TPSE TPSE_10 =
{
	STRI_10,
	(uint32_t) 0x0,
	(uint16_t) 0xffff,
	(cmpbe_chunk_symbol_flags) 0x0,
	(uint16_t) 0xffff,
	(cmpbe_chunk_SYMB_semantics) 0x0,
	TYPE_18,
};
static cmpbe_chunk_TPSE a_10[1] = { TPSE_10, };
static const cmpbe_chunk_TPST TPST_19 =
{
	(uint32_t) 0x4,
	(uint32_t) 0x1,
	STRI_9,
	a_10,
};
static const cmpbe_chunk_TYPE TYPE_20 =
{
	NULL,
	NULL,
	NULL,
	NULL,
	NULL,
	NULL,
	NULL,
	NULL,
	NULL,
	NULL,
	(cmpbe_chunk_TPST*)&TPST_19,
	NULL,
};
static const cmpbe_chunk_TPSE TPSE_8 =
{
	STRI_8,
	(uint32_t) 0x8,
	(uint16_t) 0xffff,
	(cmpbe_chunk_symbol_flags) 0x0,
	(uint16_t) 0xffff,
	(cmpbe_chunk_SYMB_semantics) 0x0,
	TYPE_20,
};
static cmpbe_chunk_TPSE a_5[2] = { TPSE_5, TPSE_8, };
static const cmpbe_chunk_TPIB TPIB_21 =
{
	(cmpbe_chunk_TPIB_layout) 0x0,
	(cmpbe_chunk_TPIB_kind) 0x0,
	(uint32_t) 0xc,
	(uint32_t) 0x2,
	a_5,
	NULL,
};
static const cmpbe_chunk_TYPE TYPE_22 =
{
	NULL,
	NULL,
	NULL,
	(cmpbe_chunk_TPIB*)&TPIB_21,
	NULL,
	NULL,
	NULL,
	NULL,
	NULL,
	NULL,
	NULL,
	NULL,
};
static const cmpbe_chunk_RLOC RLOC_23 =
{
	(uint16_t) 0x0,
	(uint16_t) 0x28,
	(uint16_t) 0x0,
	(uint16_t) 0x8,
};
static cmpbe_chunk_RLOC a_23[1] = { RLOC_23, };
static const cmpbe_chunk_SYMB SYMB_4 =
{
	STRI_4,
	(cmpbe_chunk_symbol_flags) 0x24,
	(cmpbe_chunk_SYMB_semantics) 0x0,
	(uint8_t) 0x0,
	(uint32_t) 0x0,
	(uint16_t) 0xffff,
	(uint16_t) 0xffff,
	TYPE_22,
	(uint32_t) 0x1,
	a_23,
	(uint32_t) 0x0,
	NULL,
	NULL,
	NULL,
};
static cmpbe_chunk_SYMB a_4[1] = { SYMB_4, };
static const cmpbe_chunk_SSYM SSYM_24 =
{
	(uint32_t) 0x1,
	a_4,
};
static const cmpbe_chunk_SSYM SSYM_25 =
{
	(uint32_t) 0x0,
	NULL,
};
static const cmpbe_chunk_SSYM SSYM_26 =
{
	(uint32_t) 0x0,
	NULL,
};
static const uint8_t b_27[] = "_3657_astc_2p_lut_s2_0";
static const cmpbe_chunk_STRI STRI_27 = { 22, (uint8_t*)b_27 };
static const uint8_t b_28[] = "_data";
static const cmpbe_chunk_STRI STRI_28 = { 5, (uint8_t*)b_28 };
static const cmpbe_chunk_TPGE TPGE_29 =
{
	(cmpbe_chunk_TPGE_scalar_type) 0x3,
	(uint8_t) 0x1,
	(cmpbe_chunk_TPGE_scalar_size) 0x2,
	(cmpbe_chunk_TPGE_precision) 0x1,
	(uint32_t) 0x4,
	(cmpbe_chunk_TPGE_aux_qualifier) 0x8,
	(uint8_t) 0x0,
};
static const cmpbe_chunk_TYPE TYPE_30 =
{
	NULL,
	NULL,
	(cmpbe_chunk_TPGE*)&TPGE_29,
	NULL,
	NULL,
	NULL,
	NULL,
	NULL,
	NULL,
	NULL,
	NULL,
	NULL,
};
static const cmpbe_chunk_TPAR TPAR_31 =
{
	(uint32_t) 0x0,
	TYPE_30,
};
static const cmpbe_chunk_TYPE TYPE_32 =
{
	NULL,
	(cmpbe_chunk_TPAR*)&TPAR_31,
	NULL,
	NULL,
	NULL,
	NULL,
	NULL,
	NULL,
	NULL,
	NULL,
	NULL,
	NULL,
};
static const cmpbe_chunk_TPSE TPSE_28 =
{
	STRI_28,
	(uint32_t) 0x0,
	(uint16_t) 0xffff,
	(cmpbe_chunk_symbol_flags) 0x0,
	(uint16_t) 0xffff,
	(cmpbe_chunk_SYMB_semantics) 0x0,
	TYPE_32,
};
static cmpbe_chunk_TPSE a_28[1] = { TPSE_28, };
static const cmpbe_chunk_TPIB TPIB_33 =
{
	(cmpbe_chunk_TPIB_layout) 0x0,
	(cmpbe_chunk_TPIB_kind) 0x1,
	(uint32_t) 0x4,
	(uint32_t) 0x1,
	a_28,
	NULL,
};
static const cmpbe_chunk_TYPE TYPE_34 =
{
	NULL,
	NULL,
	NULL,
	(cmpbe_chunk_TPIB*)&TPIB_33,
	NULL,
	NULL,
	NULL,
	NULL,
	NULL,
	NULL,
	NULL,
	NULL,
};
static const cmpbe_chunk_SYMB SYMB_27 =
{
	STRI_27,
	(cmpbe_chunk_symbol_flags) 0x824,
	(cmpbe_chunk_SYMB_semantics) 0x0,
	(uint8_t) 0x4,
	(uint32_t) 0x3,
	(uint16_t) 0x3,
	(uint16_t) 0xffff,
	TYPE_34,
	(uint32_t) 0x0,
	NULL,
	(uint32_t) 0x0,
	NULL,
	NULL,
	NULL,
};
static const uint8_t b_35[] = "_3672_lut2_0";
static const cmpbe_chunk_STRI STRI_35 = { 12, (uint8_t*)b_35 };
static const uint8_t b_36[] = "_data";
static const cmpbe_chunk_STRI STRI_36 = { 5, (uint8_t*)b_36 };
static const cmpbe_chunk_TPGE TPGE_37 =
{
	(cmpbe_chunk_TPGE_scalar_type) 0x3,
	(uint8_t) 0x1,
	(cmpbe_chunk_TPGE_scalar_size) 0x2,
	(cmpbe_chunk_TPGE_precision) 0x1,
	(uint32_t) 0x4,
	(cmpbe_chunk_TPGE_aux_qualifier) 0x8,
	(uint8_t) 0x0,
};
static const cmpbe_chunk_TYPE TYPE_38 =
{
	NULL,
	NULL,
	(cmpbe_chunk_TPGE*)&TPGE_37,
	NULL,
	NULL,
	NULL,
	NULL,
	NULL,
	NULL,
	NULL,
	NULL,
	NULL,
};
static const cmpbe_chunk_TPAR TPAR_39 =
{
	(uint32_t) 0x0,
	TYPE_38,
};
static const cmpbe_chunk_TYPE TYPE_40 =
{
	NULL,
	(cmpbe_chunk_TPAR*)&TPAR_39,
	NULL,
	NULL,
	NULL,
	NULL,
	NULL,
	NULL,
	NULL,
	NULL,
	NULL,
	NULL,
};
static const cmpbe_chunk_TPSE TPSE_36 =
{
	STRI_36,
	(uint32_t) 0x0,
	(uint16_t) 0xffff,
	(cmpbe_chunk_symbol_flags) 0x0,
	(uint16_t) 0xffff,
	(cmpbe_chunk_SYMB_semantics) 0x0,
	TYPE_40,
};
static cmpbe_chunk_TPSE a_36[1] = { TPSE_36, };
static const cmpbe_chunk_TPIB TPIB_41 =
{
	(cmpbe_chunk_TPIB_layout) 0x0,
	(cmpbe_chunk_TPIB_kind) 0x1,
	(uint32_t) 0x4,
	(uint32_t) 0x1,
	a_36,
	NULL,
};
static const cmpbe_chunk_TYPE TYPE_42 =
{
	NULL,
	NULL,
	NULL,
	(cmpbe_chunk_TPIB*)&TPIB_41,
	NULL,
	NULL,
	NULL,
	NULL,
	NULL,
	NULL,
	NULL,
	NULL,
};
static const cmpbe_chunk_SYMB SYMB_35 =
{
	STRI_35,
	(cmpbe_chunk_symbol_flags) 0x824,
	(cmpbe_chunk_SYMB_semantics) 0x0,
	(uint8_t) 0x4,
	(uint32_t) 0x2,
	(uint16_t) 0x2,
	(uint16_t) 0xffff,
	TYPE_42,
	(uint32_t) 0x0,
	NULL,
	(uint32_t) 0x0,
	NULL,
	NULL,
	NULL,
};
static const uint8_t b_43[] = "_4056_input_rgba8_buffer_0";
static const cmpbe_chunk_STRI STRI_43 = { 26, (uint8_t*)b_43 };
static const uint8_t b_44[] = "_data";
static const cmpbe_chunk_STRI STRI_44 = { 5, (uint8_t*)b_44 };
static const cmpbe_chunk_TPGE TPGE_45 =
{
	(cmpbe_chunk_TPGE_scalar_type) 0x3,
	(uint8_t) 0x1,
	(cmpbe_chunk_TPGE_scalar_size) 0x2,
	(cmpbe_chunk_TPGE_precision) 0x1,
	(uint32_t) 0x4,
	(cmpbe_chunk_TPGE_aux_qualifier) 0x8,
	(uint8_t) 0x0,
};
static const cmpbe_chunk_TYPE TYPE_46 =
{
	NULL,
	NULL,
	(cmpbe_chunk_TPGE*)&TPGE_45,
	NULL,
	NULL,
	NULL,
	NULL,
	NULL,
	NULL,
	NULL,
	NULL,
	NULL,
};
static const cmpbe_chunk_TPAR TPAR_47 =
{
	(uint32_t) 0x0,
	TYPE_46,
};
static const cmpbe_chunk_TYPE TYPE_48 =
{
	NULL,
	(cmpbe_chunk_TPAR*)&TPAR_47,
	NULL,
	NULL,
	NULL,
	NULL,
	NULL,
	NULL,
	NULL,
	NULL,
	NULL,
	NULL,
};
static const cmpbe_chunk_TPSE TPSE_44 =
{
	STRI_44,
	(uint32_t) 0x0,
	(uint16_t) 0xffff,
	(cmpbe_chunk_symbol_flags) 0x0,
	(uint16_t) 0xffff,
	(cmpbe_chunk_SYMB_semantics) 0x0,
	TYPE_48,
};
static cmpbe_chunk_TPSE a_44[1] = { TPSE_44, };
static const cmpbe_chunk_TPIB TPIB_49 =
{
	(cmpbe_chunk_TPIB_layout) 0x0,
	(cmpbe_chunk_TPIB_kind) 0x1,
	(uint32_t) 0x4,
	(uint32_t) 0x1,
	a_44,
	NULL,
};
static const cmpbe_chunk_TYPE TYPE_50 =
{
	NULL,
	NULL,
	NULL,
	(cmpbe_chunk_TPIB*)&TPIB_49,
	NULL,
	NULL,
	NULL,
	NULL,
	NULL,
	NULL,
	NULL,
	NULL,
};
static const cmpbe_chunk_SYMB SYMB_43 =
{
	STRI_43,
	(cmpbe_chunk_symbol_flags) 0x824,
	(cmpbe_chunk_SYMB_semantics) 0x0,
	(uint8_t) 0x4,
	(uint32_t) 0x0,
	(uint16_t) 0x0,
	(uint16_t) 0xffff,
	TYPE_50,
	(uint32_t) 0x0,
	NULL,
	(uint32_t) 0x0,
	NULL,
	NULL,
	NULL,
};
static const uint8_t b_51[] = "_4277_astc_blocks_0";
static const cmpbe_chunk_STRI STRI_51 = { 19, (uint8_t*)b_51 };
static const uint8_t b_52[] = "_data";
static const cmpbe_chunk_STRI STRI_52 = { 5, (uint8_t*)b_52 };
static const cmpbe_chunk_TPGE TPGE_53 =
{
	(cmpbe_chunk_TPGE_scalar_type) 0x3,
	(uint8_t) 0x4,
	(cmpbe_chunk_TPGE_scalar_size) 0x2,
	(cmpbe_chunk_TPGE_precision) 0x1,
	(uint32_t) 0x10,
	(cmpbe_chunk_TPGE_aux_qualifier) 0x8,
	(uint8_t) 0x0,
};
static const cmpbe_chunk_TYPE TYPE_54 =
{
	NULL,
	NULL,
	(cmpbe_chunk_TPGE*)&TPGE_53,
	NULL,
	NULL,
	NULL,
	NULL,
	NULL,
	NULL,
	NULL,
	NULL,
	NULL,
};
static const cmpbe_chunk_TPAR TPAR_55 =
{
	(uint32_t) 0x0,
	TYPE_54,
};
static const cmpbe_chunk_TYPE TYPE_56 =
{
	NULL,
	(cmpbe_chunk_TPAR*)&TPAR_55,
	NULL,
	NULL,
	NULL,
	NULL,
	NULL,
	NULL,
	NULL,
	NULL,
	NULL,
	NULL,
};
static const cmpbe_chunk_TPSE TPSE_52 =
{
	STRI_52,
	(uint32_t) 0x0,
	(uint16_t) 0xffff,
	(cmpbe_chunk_symbol_flags) 0x0,
	(uint16_t) 0xffff,
	(cmpbe_chunk_SYMB_semantics) 0x0,
	TYPE_56,
};
static cmpbe_chunk_TPSE a_52[1] = { TPSE_52, };
static const cmpbe_chunk_TPIB TPIB_57 =
{
	(cmpbe_chunk_TPIB_layout) 0x0,
	(cmpbe_chunk_TPIB_kind) 0x1,
	(uint32_t) 0x10,
	(uint32_t) 0x1,
	a_52,
	NULL,
};
static const cmpbe_chunk_TYPE TYPE_58 =
{
	NULL,
	NULL,
	NULL,
	(cmpbe_chunk_TPIB*)&TPIB_57,
	NULL,
	NULL,
	NULL,
	NULL,
	NULL,
	NULL,
	NULL,
	NULL,
};
static const cmpbe_chunk_SYMB SYMB_51 =
{
	STRI_51,
	(cmpbe_chunk_symbol_flags) 0x24,
	(cmpbe_chunk_SYMB_semantics) 0x0,
	(uint8_t) 0x4,
	(uint32_t) 0x1,
	(uint16_t) 0x1,
	(uint16_t) 0xffff,
	TYPE_58,
	(uint32_t) 0x0,
	NULL,
	(uint32_t) 0x0,
	NULL,
	NULL,
	NULL,
};
static cmpbe_chunk_SYMB a_27[4] = { SYMB_27, SYMB_35, SYMB_43, SYMB_51, };
static const cmpbe_chunk_SSYM SSYM_59 =
{
	(uint32_t) 0x4,
	a_27,
};
static const cmpbe_chunk_UBUF UBUF_60 =
{
	(uint32_t) 0x0,
	NULL,
};
static const cmpbe_chunk_FCST FCST_61 =
{
	(uint16_t) 0x4,
	(uint16_t) 0x30,
	(uint32_t) 0x3fff1c04,
};
static const cmpbe_chunk_FCST FCST_62 =
{
	(uint16_t) 0x4,
	(uint16_t) 0x34,
	(uint32_t) 0x1ffffffc,
};
static const cmpbe_chunk_FCST FCST_63 =
{
	(uint16_t) 0x4,
	(uint16_t) 0x38,
	(uint32_t) 0x3,
};
static const cmpbe_chunk_FCST FCST_64 =
{
	(uint16_t) 0x4,
	(uint16_t) 0x3c,
	(uint32_t) 0x399d4952,
};
static const cmpbe_chunk_FCST FCST_65 =
{
	(uint16_t) 0x4,
	(uint16_t) 0x40,
	(uint32_t) 0x32bc3666,
};
static const cmpbe_chunk_FCST FCST_66 =
{
	(uint16_t) 0x4,
	(uint16_t) 0x44,
	(uint32_t) 0x3afd31ba,
};
static const cmpbe_chunk_FCST FCST_67 =
{
	(uint16_t) 0x4,
	(uint16_t) 0x48,
	(uint32_t) 0x322bcc77,
};
static const cmpbe_chunk_FCST FCST_68 =
{
	(uint16_t) 0x4,
	(uint16_t) 0x4c,
	(uint32_t) 0x33800000,
};
static const cmpbe_chunk_FCST FCST_69 =
{
	(uint16_t) 0x4,
	(uint16_t) 0x50,
	(uint32_t) 0xe3d063d0,
};
static const cmpbe_chunk_FCST FCST_70 =
{
	(uint16_t) 0x4,
	(uint16_t) 0x54,
	(uint32_t) 0x11,
};
static const cmpbe_chunk_FCST FCST_71 =
{
	(uint16_t) 0x4,
	(uint16_t) 0x58,
	(uint32_t) 0x6,
};
static const cmpbe_chunk_FCST FCST_72 =
{
	(uint16_t) 0x4,
	(uint16_t) 0x5c,
	(uint32_t) 0x26,
};
static const cmpbe_chunk_FCST FCST_73 =
{
	(uint16_t) 0x4,
	(uint16_t) 0x60,
	(uint32_t) 0xec,
};
static const cmpbe_chunk_FCST FCST_74 =
{
	(uint16_t) 0x4,
	(uint16_t) 0x64,
	(uint32_t) 0x21,
};
static const cmpbe_chunk_FCST FCST_75 =
{
	(uint16_t) 0x4,
	(uint16_t) 0x68,
	(uint32_t) 0x8e,
};
static const cmpbe_chunk_FCST FCST_76 =
{
	(uint16_t) 0x4,
	(uint16_t) 0x6c,
	(uint32_t) 0xf0,
};
static const cmpbe_chunk_FCST FCST_77 =
{
	(uint16_t) 0x4,
	(uint16_t) 0x70,
	(uint32_t) 0x20,
};
static const cmpbe_chunk_FCST FCST_78 =
{
	(uint16_t) 0x4,
	(uint16_t) 0x74,
	(uint32_t) 0x8e,
};
static const cmpbe_chunk_FCST FCST_79 =
{
	(uint16_t) 0x4,
	(uint16_t) 0x78,
	(uint32_t) 0x3b808081,
};
static const cmpbe_chunk_FCST FCST_80 =
{
	(uint16_t) 0x4,
	(uint16_t) 0x7c,
	(uint32_t) 0xff,
};
static const cmpbe_chunk_FCST FCST_81 =
{
	(uint16_t) 0x4,
	(uint16_t) 0x80,
	(uint32_t) 0x3d70f0f2,
};
static const cmpbe_chunk_FCST FCST_82 =
{
	(uint16_t) 0x4,
	(uint16_t) 0x84,
	(uint32_t) 0xf,
};
static const cmpbe_chunk_FCST FCST_83 =
{
	(uint16_t) 0x4,
	(uint16_t) 0x88,
	(uint32_t) 0x4187ffff,
};
static const cmpbe_chunk_FCST FCST_84 =
{
	(uint16_t) 0x4,
	(uint16_t) 0x8c,
	(uint32_t) 0x3caaaaab,
};
static const cmpbe_chunk_FCST FCST_85 =
{
	(uint16_t) 0x4,
	(uint16_t) 0x90,
	(uint32_t) 0x10242,
};
static const cmpbe_chunk_FCST FCST_86 =
{
	(uint16_t) 0x4,
	(uint16_t) 0x94,
	(uint32_t) 0x1,
};
static const cmpbe_chunk_FCST FCST_87 =
{
	(uint16_t) 0x4,
	(uint16_t) 0x98,
	(uint32_t) 0x51,
};
static const cmpbe_chunk_FCST FCST_88 =
{
	(uint16_t) 0x4,
	(uint16_t) 0x9c,
	(uint32_t) 0x7e,
};
static const cmpbe_chunk_FCST FCST_89 =
{
	(uint16_t) 0x4,
	(uint16_t) 0xa0,
	(uint32_t) 0x7d,
};
static const cmpbe_chunk_FCST FCST_90 =
{
	(uint16_t) 0x4,
	(uint16_t) 0xa4,
	(uint32_t) 0x7c,
};
static const cmpbe_chunk_FCST FCST_91 =
{
	(uint16_t) 0x4,
	(uint16_t) 0xa8,
	(uint32_t) 0x1c041c04,
};
static const cmpbe_chunk_FCST FCST_92 =
{
	(uint16_t) 0x4,
	(uint16_t) 0xac,
	(uint32_t) 0x18,
};
static const cmpbe_chunk_FCST FCST_93 =
{
	(uint16_t) 0x4,
	(uint16_t) 0xb0,
	(uint32_t) 0x55555555,
};
static const cmpbe_chunk_FCST FCST_94 =
{
	(uint16_t) 0x4,
	(uint16_t) 0xb4,
	(uint32_t) 0xffc,
};
static const cmpbe_chunk_FCST FCST_95 =
{
	(uint16_t) 0x4,
	(uint16_t) 0xb8,
	(uint32_t) 0xaaaaaaab,
};
static const cmpbe_chunk_FCST FCST_96 =
{
	(uint16_t) 0x4,
	(uint16_t) 0xbc,
	(uint32_t) 0x10000400,
};
static const cmpbe_chunk_FCST FCST_97 =
{
	(uint16_t) 0x4,
	(uint16_t) 0xc0,
	(uint32_t) 0xc,
};
static const cmpbe_chunk_FCST FCST_98 =
{
	(uint16_t) 0x4,
	(uint16_t) 0xc4,
	(uint32_t) 0x122,
};
static const cmpbe_chunk_FCST FCST_99 =
{
	(uint16_t) 0x4,
	(uint16_t) 0xc8,
	(uint32_t) 0xae,
};
static const cmpbe_chunk_FCST FCST_100 =
{
	(uint16_t) 0x4,
	(uint16_t) 0xcc,
	(uint32_t) 0x3a,
};
static const cmpbe_chunk_FCST FCST_101 =
{
	(uint16_t) 0x4,
	(uint16_t) 0xd0,
	(uint32_t) 0x11e,
};
static const cmpbe_chunk_FCST FCST_102 =
{
	(uint16_t) 0x4,
	(uint16_t) 0xd4,
	(uint32_t) 0x3ca0a0a1,
};
static const cmpbe_chunk_FCST FCST_103 =
{
	(uint16_t) 0x4,
	(uint16_t) 0xd8,
	(uint32_t) 0x20,
};
static const cmpbe_chunk_FCST FCST_104 =
{
	(uint16_t) 0x4,
	(uint16_t) 0xdc,
	(uint32_t) 0xae,
};
static const cmpbe_chunk_FCST FCST_105 =
{
	(uint16_t) 0x4,
	(uint16_t) 0xe0,
	(uint32_t) 0x10,
};
static const cmpbe_chunk_FCST FCST_106 =
{
	(uint16_t) 0x4,
	(uint16_t) 0xe4,
	(uint32_t) 0x3a,
};
static const cmpbe_chunk_FCST FCST_107 =
{
	(uint16_t) 0x4,
	(uint16_t) 0xe8,
	(uint32_t) 0x5,
};
static const cmpbe_chunk_FCST FCST_108 =
{
	(uint16_t) 0x4,
	(uint16_t) 0xec,
	(uint32_t) 0x4c,
};
static const cmpbe_chunk_FCST FCST_109 =
{
	(uint16_t) 0x4,
	(uint16_t) 0xf0,
	(uint32_t) 0x2c,
};
static const cmpbe_chunk_FCST FCST_110 =
{
	(uint16_t) 0x4,
	(uint16_t) 0xf4,
	(uint32_t) 0x7fe000,
};
static const cmpbe_chunk_FCST FCST_111 =
{
	(uint16_t) 0x4,
	(uint16_t) 0xf8,
	(uint32_t) 0x20000000,
};
static const cmpbe_chunk_FCST FCST_112 =
{
	(uint16_t) 0x4,
	(uint16_t) 0xfc,
	(uint32_t) 0x10000000,
};
static const cmpbe_chunk_FCST FCST_113 =
{
	(uint16_t) 0x4,
	(uint16_t) 0x100,
	(uint32_t) 0x8000000,
};
static const cmpbe_chunk_FCST FCST_114 =
{
	(uint16_t) 0x4,
	(uint16_t) 0x104,
	(uint32_t) 0x4000000,
};
static const cmpbe_chunk_FCST FCST_115 =
{
	(uint16_t) 0x4,
	(uint16_t) 0x108,
	(uint32_t) 0x2000000,
};
static const cmpbe_chunk_FCST FCST_116 =
{
	(uint16_t) 0x4,
	(uint16_t) 0x10c,
	(uint32_t) 0x800000,
};
static const cmpbe_chunk_FCST FCST_117 =
{
	(uint16_t) 0x4,
	(uint16_t) 0x110,
	(uint32_t) 0x400000,
};
static const cmpbe_chunk_FCST FCST_118 =
{
	(uint16_t) 0x4,
	(uint16_t) 0x114,
	(uint32_t) 0x100000,
};
static const cmpbe_chunk_FCST FCST_119 =
{
	(uint16_t) 0x4,
	(uint16_t) 0x118,
	(uint32_t) 0x80000,
};
static const cmpbe_chunk_FCST FCST_120 =
{
	(uint16_t) 0x4,
	(uint16_t) 0x11c,
	(uint32_t) 0x20000,
};
static const cmpbe_chunk_FCST FCST_121 =
{
	(uint16_t) 0x4,
	(uint16_t) 0x120,
	(uint32_t) 0x8000,
};
static const cmpbe_chunk_FCST FCST_122 =
{
	(uint16_t) 0x4,
	(uint16_t) 0x124,
	(uint32_t) 0x4000,
};
static const cmpbe_chunk_FCST FCST_123 =
{
	(uint16_t) 0x4,
	(uint16_t) 0x128,
	(uint32_t) 0x8,
};
static const cmpbe_chunk_FCST FCST_124 =
{
	(uint16_t) 0x4,
	(uint16_t) 0x12c,
	(uint32_t) 0x1000,
};
static const cmpbe_chunk_FCST FCST_125 =
{
	(uint16_t) 0x4,
	(uint16_t) 0x130,
	(uint32_t) 0x200000,
};
static const cmpbe_chunk_FCST FCST_126 =
{
	(uint16_t) 0x4,
	(uint16_t) 0x134,
	(uint32_t) 0x40000,
};
static const cmpbe_chunk_FCST FCST_127 =
{
	(uint16_t) 0x4,
	(uint16_t) 0x138,
	(uint32_t) 0x10000,
};
static const cmpbe_chunk_FCST FCST_128 =
{
	(uint16_t) 0x4,
	(uint16_t) 0x13c,
	(uint32_t) 0x2000,
};
static const cmpbe_chunk_FCST FCST_129 =
{
	(uint16_t) 0x4,
	(uint16_t) 0x140,
	(uint32_t) 0x800,
};
static const cmpbe_chunk_FCST FCST_130 =
{
	(uint16_t) 0x4,
	(uint16_t) 0x144,
	(uint32_t) 0x400,
};
static const cmpbe_chunk_FCST FCST_131 =
{
	(uint16_t) 0x4,
	(uint16_t) 0x148,
	(uint32_t) 0x200,
};
static const cmpbe_chunk_FCST FCST_132 =
{
	(uint16_t) 0x4,
	(uint16_t) 0x14c,
	(uint32_t) 0x4,
};
static const cmpbe_chunk_FCST FCST_133 =
{
	(uint16_t) 0x4,
	(uint16_t) 0x150,
	(uint32_t) 0x100,
};
static const cmpbe_chunk_FCST FCST_134 =
{
	(uint16_t) 0x4,
	(uint16_t) 0x154,
	(uint32_t) 0x2,
};
static const cmpbe_chunk_FCST FCST_135 =
{
	(uint16_t) 0x4,
	(uint16_t) 0x158,
	(uint32_t) 0x80,
};
static const cmpbe_chunk_FCST FCST_136 =
{
	(uint16_t) 0x4,
	(uint16_t) 0x15c,
	(uint32_t) 0x40,
};
static cmpbe_chunk_FCST a_61[76] = { FCST_61, FCST_62, FCST_63, FCST_64, FCST_65, FCST_66, FCST_67, FCST_68, FCST_69, FCST_70, FCST_71, FCST_72, FCST_73, FCST_74, FCST_75, FCST_76, FCST_77, FCST_78, FCST_79, FCST_80, FCST_81, FCST_82, FCST_83, FCST_84, FCST_85, FCST_86, FCST_87, FCST_88, FCST_89, FCST_90, FCST_91, FCST_92, FCST_93, FCST_94, FCST_95, FCST_96, FCST_97, FCST_98, FCST_99, FCST_100, FCST_101, FCST_102, FCST_103, FCST_104, FCST_105, FCST_106, FCST_107, FCST_108, FCST_109, FCST_110, FCST_111, FCST_112, FCST_113, FCST_114, FCST_115, FCST_116, FCST_117, FCST_118, FCST_119, FCST_120, FCST_121, FCST_122, FCST_123, FCST_124, FCST_125, FCST_126, FCST_127, FCST_128, FCST_129, FCST_130, FCST_131, FCST_132, FCST_133, FCST_134, FCST_135, FCST_136, };
static const uint8_t b_137[] = "=\xc8\xc0\x19\x01\xf0\xb4\x00""0\x8b\xc0\x80\x02\xc1\xf8\x00<\xc8\xc0\x19\x01\xc0\xb4\x00\x00\x8a""A\x80\x02\xc1\xf8\x00""A\xf8\x1d\x00\x00\xc0\x1f\x00""0\xc8\x00\x1c\x00\xc2\xa0\x00""B\x8a\x0a\x00\x00\xf1\xa0\x00\x00\xc8\x00\x1c\x00\xc1\xa0\x00""1\x01\x00\x00\x00\xc2\xa0\x00\x80""B' \x00\xc2\xa3\x01""B\x00\x00\x18\x82\x83`\x00\x00\xc8\x00\x18\x00\xe2\xa0\x00""1\x22\x00\x00\x00\xc4\xa0\x00\x80""D' \x00\xc4\xa3\x01""D\x00\x00X\x82\x89`\x00\x00\xc4\x00\x1c\x00\xe3\xa0\x00}\x89\x0a\x00\x00\xfd\xa0\x08\x03\xce\xc0\x11\x00\xc7\xb4\x00\x03\x00\x10\x00\x00\xc4\x90\x00\x03\x00\x10 \x00\xc6\x90\x00""C\x00\x10\x10\x00\xc5\x90\x00\xe2\xf0\x00\xbb\x08""Da\x02""1#\x00\x00\x00\xc4\xa0\x00\x80""D' \x00\xc4\xa3\x01""D\x00\x00\x18\x82\x84`\x10\x09\xce\xc0\x11\x00\xcb\xb4\x00\x09\x00\x10\x00\x00\xc8\x90\x00\x09\x00\x10 \x00\xca\x90\x00I\x00\x10\x10\x00\xc9\x90\x00\xe2\xe0\x00\xbb\x08Ha\x02K\xd6\xc0\x94\x03\xcb\xf0\x08\x04\xce\xc0\x11\x00\xcf\xb4\x00\x04\x00\x10\x00\x00\xcc\x90\x00\x04\x00\x10 \x00\xce\x90\x00""D\x00\x10\x10\x00\xcd\x90\x00\xe2\xd0\x00\xbb\x08La\x02q\x00\x00\x00\x00\xc4\xa0\x00\x80""D' \x00\xc4\xa3\x01""D\x00\x00\x18\x82\x84`\x00""0\xc8\x00\x18\x00\xc5\xa0\x00""E\x8a\x0a\x00\x00\xf4\xa0\x00""4#\x00\x00\x00\xf5\xa0\x00""4\x01\x00\x00\x00\xc5\xa0\x00\x80\x04'$\x00\xe8\xa3\x01h\x00\x00\x18\x82\x85`\x00""4\x00\x00\x00\x00\xf6\xa0\x00\x80v' \x00\xec\xa3\x01l\x00\x00\x98\x82\xb7`\x00\x80""4'$\x00\xc8\xa3\x01H\x00\x00\x98\x82\x88`\x00""0\xc4\x00\x1c\x00\xc9\xa0\x00I\x8a\x0a\x00\x00\xc9\xa0\x00\x09\x01\x00\x00\x00\xf8\xa0\x00\x80x' \x00\xcc\xa3\x01L\x00\x00X\x82\xb9`\x00t\x22\x00\x00\x00\xc6\xa0\x00\x80\x06' \x00\xea\xa3\x01j\x00\x00\x98\x82\x86`\x00p\x8a\x0a\x00\x00\xf4\xa0\x00""4\x22\x00\x00\x00\xfa\xa0\x00""4#\x00\x00\x00\xfb\xa0\x00""4\x00\x00\x00\x00\xf0\xa0\x00\x80p' \x00\xf0\xa3\x01p\x00\x00X\x82\xb1`\x00\x09""b\x00\x00\x00\xe2\xa0\x00\x80:' \x00\xcc\xa3\x01L\x00\x00\x98\x82\xb5`\x00\x80z'$\x00\xcc\xa3\x01L\x00\x00\x98\x82\x8c`\x08\x05\xce\xc0\x11\x00\xdd\xb4\x00\x05\x00\x10\x00\x00\xda\x90\x00\x05\x00\x10 \x00\xdc\x90\x00""E\x00\x10\x10\x00\xdb\x90\x00\xe2\xb0\x00;\x08Za\x02\x04\xce\xc0\x11\x00\xe1\xb4\x00\x04\x00\x10\x00\x00\xde\x90\x00\x04\x00\x10 \x00\xe0\x90\x00""D\x00\x10\x10\x00\xdf\x90\x00\xe2\xc0\x00;\x08^a\x02\x80\x22' \x00\xc4\xa3\x01""D\x00\x00\x98\x82\x84`\x10""9\xce\xc0\x11\x00\xef\xb4\x00\x2f\xd6\xc0\x94\x03\xf6\xf0\x00""9\x00\x10\x00\x00\xec\x90\x00""9\x00\x10 \x00\xee\x90\x00y\x00\x10\x10\x00\xed\x90\x00\xe2p\x00{\x08la\x02tA\x00\x00\x00\xec\xa0\x00""1\xce\xc0\x11\x00\xf3\xb4\x00""3\xd6\xc0\x94\x03\xfe\xf0\x00G\xd6\xc0\x94\x03\xed\xf0 5\xce\xc0\x11\x00\xeb\xb4\x00""5\x00\x10\x00\x00\xe8\x90\x00\x0c\xce\xc0\x11\x00\xe7\xb4\x00'\xd6~\x94\x03\xff\xf0\x00+\xd6\x7f\x94\x03\xd0\xf0\x00\x0c\x00\x10\x00\x00\xe4\x90\x00\x0c\x00\x10 \x00\xe6\x90\x00L\x00\x10\x10\x00\xe5\x90\x00\xe2\x10\x00{\x08""da\x02\x09""c\x00\x00\x00\xe5\xa0\x00\x80""d'$\x00\xc2\xa3\x01""B\x00\x00\x18\x82\x85`\x00""5\x00\x10 \x00\xea\x90\x00u\x00\x10\x10\x00\xe9\x90\x00\xe2 \x00{\x08ha\x02I@\x00\x00\x00\xe6\xa0\x00\x80,' \x00\xc0\xa3\x01\x80""f' \x00\xee\xa3\x01\x04\xce\xc0\x11\x00\xe5\xb4\x00\x04\x00\x10\x00\x00\xe2\x90\x00\x04\x00\x10 \x00\xe4\x90\x00""D\x00\x10\x10\x00\xe3\x90\x00\xe2`\x00{\x08""ba\x02n\x00\x00X\x82\x84`\x00""7\xce\xc0\x11\x00\xfb\xb4\x00;\xd6\xc0\x94\x03\xd1\xf0\x00\x08\xce\xc0\x11\x00\xd5\xb4\x00\x08\x00\x10\x00\x00\xd2\x90\x00\x08\x00\x10 \x00\xd4\x90\x00H\x00\x10\x10\x00\xd3\x90\x00\xe2\x90\x00{\x08Ra\x02U\xd6\xc0\x94\x03\xd5\xf0\x00\x06\xce\xc0\x11\x00\xd9\xb4\x00""7\x00\x10\x00\x00\xf8\x90\x00""7\x00\x10 \x00\xfa\x90\x00w\x00\x10\x10\x00\xf9\x90\x00\xe2\x80\x00{\x08xa\x0a\x05\xce\xc0\x11\x00\xeb\xb4\x00\x05\x00\x10\x00\x00\xe8\x90\x00\x05\x00\x10 \x00\xea\x90\x00""E\x00\x10\x10\x00\xe9\x90\x00\xe2P\x00;\x08ha\x02@\x00\x00\x18\x82\x85`\x00\x19\xd6\xc0\x94\x03\xf7\xf0\x00]\xd6\xc0\x94\x03\xf8\xf0\x00""a\xd6\xc0\x94\x03\xf9\xf0\x00O\xd6\xc0\x94\x03\xe7\xf0\x00""1\x00\x10\x00\x00\xf0\x90\x10\x04\xce\xc0\x11\x00\xc3\xb4\x00""1\x00\x10 \x00\xf2\x90\x00q\x00\x10\x10\x00\xf1\x90\x00\xe2\x00\x00{\x08pa\x02\x06\x00\x10\x00\x00\xd6\x90\x00\x06\x00\x10 \x00\xd8\x90\x00""F\x00\x10\x10\x00\xd7\x90\x00\xe2\xa0\x00{\x08Va\x02\x04\x00\x10\x00\x00\xc0\x90\x00\x04\x00\x10 \x00\xc2\x90\x00""D\x00\x10\x10\x00\xc1\x90\x00\xe2@\x00{\x08@a\x0a\x05\xce\xc0\x11\x00\xc7\xb4\x00\x07\xd6P\x94\x03\xee\xf0\x00""C\xd6n\x94\x03\xef\xf0\x00k\xd6o\x94\x03\xef\xf0\x00""e\xd6o\x94\x03\xef\xf0\x00v\xc0o\x11\x01\xef\xb4\x00Q\xc0o\x11\x01\xef\xb4\x00U\xc0o\x11\x01\xef\xb4\x00w\xc0o\x11\x01\xef\xb4\x00x\xc0o\x11\x01\xef\xb4\x00y\xc0o\x11\x01\xef\xb4\x00g\xc0o\x11\x01\xef\xb4\x00K\xc0o\x11\x01\xef\xb4\x00m\xc0o\x11\x01\xe6\xb4\x00\xe2,\x02\x1b\x02""fa\x02\x05\x00\x10\x00\x00\xc4\x90\x00\x05\x00\x10 \x00\xc6\x90\x00""E\x00\x10\x10\x00\xc5\x90\x00\xe2""0\x00\xbb\x08""Da\x02\x88\x06\x00\x00 \xc0\x1f\x00\xc0\x00\x00\x00\x00\xc4\x10\x01\xc0\x00\x00zD\xf9\x10\x01\xc0\x00\x00\x00\x00\xc5\x10\x01\xc0\x00\x00\x00\x00\xc6\x10\x01\xc0\x00\x00\x00\x00\xc7\x10\x01\xc1""9\x0b\x00\x00\xc0\x1f\x00\x00\x00\x00\x00\x00\xc0\x00""0\xe2\x00\x00""8\xf8\x84`\x02\xc0\x00\x00\x00\x00\xc0\x10\x01\xe2(\x02[\x02@a\x0aG\x00\x19\x00\x0c\xee\x90\x00""F\x00\x19\x00\x0c\xc1\x90\x00""A\x8c\xc0\x04\x04""A\xb2\x00n\x8c\xc0\x04\x04\x81\xb2\x00""E\x00\x19\x00\x0c\xef\x90\x00""D\x00\x19\x00\x0c\xc2\x90\x00""B\x8c\xc0\x04\x04""D\xb2\x00o\x8c\xc0\x04\x04\x84\xb2\x00\xc0\x01\x00\x00\x00\xc5\x10\x01\xc1\x0b\x00\x00\x10\xc0\x1f\x00\x00\x00\x00\x00\x00\xc0\x00\x10\xe2\x10\x00""8\xf8\x88`\x02\xc0\x02\x00\x00\x00\xc5\x10\x09K\x00\x19\x00\x0c\xc0\x90\x00@\x8c\x01\x06\x00\x81\xb2\x00J\x00\x19\x00\x0c\xc2\x90\x00""B\x8c\x01\x05\x00""A\xb2\x00I\x00\x19\x00\x0c\xee\x90\x00n\x8c\x04\x06\x00\x84\xb2\x00H\x00\x19\x00\x0c\xef\x90\x00o\x8c\x04\x05\x00""D\xb2P\x00\x00\x00\x00\x00\xc0\x00\x10\xe2(\x02\x00\x82\x80`\x0a@0\x00\x00\x00@\x18\x01@\x0a\x00\x00 \xc0\x1f\x00\xe2 \x00""8\xf8\x88`\x02""E\xc4\x00\x1c\x00\xc5\xa0\x08K\x00\x19\x00\x0c\xc0\x90\x00@\x8c\x01\x06\x00\x81\xb2\x00J\x00\x19\x00\x0c\xc2\x90\x00""B\x8c\x01\x05\x00""A\xb2\x00I\x00\x19\x00\x0c\xee\x90\x00n\x8c\x04\x06\x00\x84\xb2\x00H\x00\x19\x00\x0c\xef\x90\x00o\x8c\x04\x05\x00""D\xb2P\xe2(\x02\x00\x82\x80`\x0a@\xc0\x00\x00\x00@\x18\x01@\x0a\x00\x00 \xc0\x1f\x00\xe2""0\x00""8\xf8\x88`\x02""E\xc4\x00\x1c\x00\xc5\xa0\x08K\x00\x19\x00\x0c\xc0\x90\x00@\x8c\x01\x06\x00\x81\xb2\x00J\x00\x19\x00\x0c\xc2\x90\x00""B\x8c\x01\x05\x00""A\xb2\x00I\x00\x19\x00\x0c\xee\x90\x00n\x8c\x04\x06\x00\x84\xb2\x00H\x00\x19\x00\x0c\xef\x90\x00o\x8c\x04\x05\x00""D\xb2P\xe2)\x02\x00\x82\x80`\x0a@\x03\x00\x00\x00@\x18\x01@\x0a\x00\x00 \xc0\x1f\x00\xe2@\x00""8\xf8\x88`\x02""E\xc4\x00\x1c\x00\xc5\xa0\x08K\x00\x19\x00\x0c\xc0\x90\x00@\x8c\x01\x06\x00\x81\xb2\x00J\x00\x19\x00\x0c\xc2\x90\x00""B\x8c\x01\x05\x00""A\xb2\x00I\x00\x19\x00\x0c\xee\x90\x00n\x8c\x04\x06\x00\x84\xb2\x00H\x00\x19\x00\x0c\xef\x90\x00o\x8c\x04\x05\x00""D\xb2P\xe2)\x02\x00\x82\x80`\x0a@\x0c\x00\x00\x00@\x18\x01@\x0a\x00\x00 \xc0\x1f\x00\xe2P\x00""8\xf8\x88`\x02""E\xc4\x00\x1c\x00\xc5\xa0\x08K\x00\x19\x00\x0c\xc0\x90\x00@\x8c\x01\x06\x00\x81\xb2\x00J\x00\x19\x00\x0c\xc2\x90\x00""B\x8c\x01\x05\x00""A\xb2\x00I\x00\x19\x00\x0c\xee\x90\x00n\x8c\x04\x06\x00\x84\xb2\x00H\x00\x19\x00\x0c\xef\x90\x00o\x8c\x04\x05\x00""D\xb2P\xe2)\x02\x00\x82\x80`\x0a@0\x00\x00\x00@\x18\x01@\x0a\x00\x00 \xc0\x1f\x00\xe2`\x00""8\xf8\x88`\x02""E\xc4\x00\x1c\x00\xc5\xa0\x08K\x00\x19\x00\x0c\xc0\x90\x00@\x8c\x01\x06\x00\x81\xb2\x00J\x00\x19\x00\x0c\xc2\x90\x00""B\x8c\x01\x05\x00""A\xb2\x00I\x00\x19\x00\x0c\xee\x90\x00n\x8c\x04\x06\x00\x84\xb2\x00H\x00\x19\x00\x0c\xef\x90\x00o\x8c\x04\x05\x00""D\xb2P\xe2(\x02\x08\x82\x80`\x0a@\x8c\xc0\x84!@\xf1\x00@\x0a\x00\x00 \xc0\x1f\x00\xe2p\x00""8\xf8\x88`\x02""E\xc4\x00\x1c\x00\xc5\xa0\x08K\x00\x19\x00\x0c\xc0\x90\x00@\x8c\x01\x06\x00\x81\xb2\x00J\x00\x19\x00\x0c\xc2\x90\x00""B\x8c\x01\x05\x00""A\xb2\x00I\x00\x19\x00\x0c\xee\x90\x00n\x8c\x04\x06\x00\x84\xb2\x00H\x00\x19\x00\x0c\xef\x90\x00o\x8c\x04\x05\x00""D\xb2P\xe2*\x02\x00\x82\x80`\x0a@\x03\x00\x00\x00@\x18\x01@\x0a\x00\x00 \xc0\x1f\x00\xe2\x80\x00""8\xf8\x88`\x02""E\xc4\x00\x1c\x00\xc5\xa0\x08K\x00\x19\x00\x0c\xc0\x90\x00@\x8c\x01\x06\x00\x81\xb2\x00J\x00\x19\x00\x0c\xc2\x90\x00""B\x8c\x01\x05\x00""A\xb2\x00I\x00\x19\x00\x0c\xee\x90\x00n\x8c\x04\x06\x00\x84\xb2\x00H\x00\x19\x00\x0c\xef\x90\x00o\x8c\x04\x05\x00""D\xb2P\xe2*\x02\x00\x82\x80`\x0a@\x0c\x00\x00\x00@\x18\x01@\x0a\x00\x00 \xc0\x1f\x00\xe2\x90\x00""8\xf8\x88`\x02""E\xc4\x00\x1c\x00\xc5\xa0\x08K\x00\x19\x00\x0c\xc0\x90\x00@\x8c\x01\x06\x00\x81\xb2\x00J\x00\x19\x00\x0c\xc2\x90\x00""B\x8c\x01\x05\x00""A\xb2\x00I\x00\x19\x00\x0c\xee\x90\x00n\x8c\x04\x06\x00\x84\xb2\x00H\x00\x19\x00\x0c\xef\x90\x00o\x8c\x04\x05\x00""D\xb2P\xe2*\x02\x00\x82\x80`\x0a@0\x00\x00\x00@\x18\x01@\x0a\x00\x00 \xc0\x1f\x00\xe2\xa0\x00""8\xf8\x88`\x02""E\xc4\x00\x1c\x00\xc5\xa0\x08K\x00\x19\x00\x0c\xc0\x90\x00@\x8c\x01\x06\x00\x81\xb2\x00J\x00\x19\x00\x0c\xc2\x90\x00""B\x8c\x01\x05\x00""A\xb2\x00I\x00\x19\x00\x0c\xee\x90\x00n\x8c\x04\x06\x00\x84\xb2\x00H\x00\x19\x00\x0c\xef\x90\x00o\x8c\x04\x05\x00""D\xb2P\xe2*\x02\x00\x82\x80`\x0a@\xc0\x00\x00\x00@\x18\x01@\x0a\x00\x00 \xc0\x1f\x00\xe2\xb0\x00""8\xf8\x88`\x02""E\xc4\x00\x1c\x00\xc5\xa0\x08K\x00\x19\x00\x0c\xc0\x90\x00@\x8c\x01\x06\x00\x81\xb2\x00J\x00\x19\x00\x0c\xc2\x90\x00""B\x8c\x01\x05\x00""A\xb2\x00I\x00\x19\x00\x0c\xee\x90\x00n\x8c\x04\x06\x00\x84\xb2\x00H\x00\x19\x00\x0c\xef\x90\x00o\x8c\x04\x05\x00""D\xb2P\xe2+\x02\x00\x82\x80`\x0a@\x03\x00\x00\x00@\x18\x01@\x0a\x00\x00 \xc0\x1f\x00\xe2\xc0\x00""8\xf8\x88`\x02""E\xc4\x00\x1c\x00\xc5\xa0\x08K\x00\x19\x00\x0c\xc0\x90\x00@\x8c\x01\x06\x00\x81\xb2\x00J\x00\x19\x00\x0c\xc2\x90\x00""B\x8c\x01\x05\x00""A\xb2\x00I\x00\x19\x00\x0c\xee\x90\x00n\x8c\x04\x06\x00\x84\xb2\x00H\x00\x19\x00\x0c\xef\x90\x00o\x8c\x04\x05\x00""D\xb2P\xe2+\x02\x00\x82\x80`\x0a@\x0c\x00\x00\x00@\x18\x01@\x0a\x00\x00 \xc0\x1f\x00\xe2\xd0\x00""8\xf8\x88`\x02""E\xc4\x00\x1c\x00\xc5\xa0\x08K\x00\x19\x00\x0c\xc0\x90\x00@\x8c\x01\x06\x00\x81\xb2\x00J\x00\x19\x00\x0c\xc2\x90\x00""B\x8c\x01\x05\x00""A\xb2\x00I\x00\x19\x00\x0c\xee\x90\x00n\x8c\x04\x06\x00\x84\xb2\x00H\x00\x19\x00\x0c\xef\x90\x00o\x8c\x04\x05\x00""D\xb2P\xe2(\x02\x18\x82\x80`\x0a\x00\x00\x00\x00""0\xc2\x18\x01""B\x0b\x00\x00\x00\xc0\x1f\x00\xe2\xe0\x00""8\xf8\x88`\x02""E\xc4\x00\x1c\x00\xc5\xa0\x08K\x00\x19\x00\x0c\xc0\x90\x00@\x8c\x01\x06\x00\x81\xb2\x00\xe2(\x02\x18\x82\x80`\x02J\x00\x19\x00\x0c\xc2\x90\x00""B\x8c\x01\x05\x00""A\xb2\x00I\x00\x19\x00\x0c\xee\x90\x00n\x8c\x04\x06\x00\x84\xb2\x00H\x00\x19\x00\x0c\xef\x90\x00o\x8c\x04\x05\x00""D\xb2P\x00\x00\x00\x00\x00\xc0\x00\x08@\x00\x00\x00\xc0\xc0\x18\x01@\x0a\x00\x00\x00\xc0\x1f\x00\xe2\xf0\x00""8\xf8\x88`\x02""E\xc4\x00\x1c\x00\xc5\xa0\x08K\x00\x19\x00\x0c\xc0\x90\x00@\x8c\x01\x06\x00\x81\xb2\x00J\x00\x19\x00\x0c\xc2\x90\x00""B\x8c\x01\x05\x00""A\xb2\x00I\x00\x19\x00\x0c\xee\x90\x00n\x8c\x04\x06\x00\x84\xb2\x00H\x00\x19\x00\x0c\xef\x90\x00o\x8c\x04\x05\x00""D\xb2P\xc0\x00\x00\x00\x00\xc0\x10\x01\xc0\x00\x00\x00\x00\xc2\x10\x01\xc0\x00\x00\x00\x00\xc7\x10\x01\xc0\x00\x00\x00\x00\xc3\x10\x01\x05\xb5\x01\x00\x10\xc0\x1f\x00\x05\x00\x19\x00\x0c\xc2\x90\x00""B\xc0\x00\x00\x10""B\xa4\x00""B\x00\x01\x00\x00""F\x9c\x00""A\x06\xc0\x22\x04\xc3\xb3\x00""D\x06\xc0\x22\x04\xc1\xb3\x00""E\x01\x00\x00\x00\xc2\x1a\x01""B\x89\x00\x00\x10\xc0\x1f\x00\xc0\x00\x00\x00\x00\xc4\x10\x01\xc0\x00\x00\x00\x00\xcd\x91\x00\xc0(\x02\x00\x00\xcc\x10\x01\xc0\x00\x00\x00\x00\xc7\x10\x01\xc0\x00\x00\x00\x00\xc2\x10\x01\xc0\x00\x00\x00\x00\xc9\x10\x01\xc0\x00\x00\x00\x00\xca\x10\x01\xc0\x00\x00\x00\x00\xc5\x10\x01\xc0\x00\x00\x00\x00\xcb\x10\x01\xc0\x00\x00\x00\x00\xc8\x10\x01\xc0\x00\x00\x00\x00\xce\x10Q\x0e\xc8\x8d\x18\x00\xcf\xb4\x00\x0c\x0e\x00$\x00\xf0\xa3\x01\xe2p\x00\x00\x00\xf0\xa3\x03p\x00\x00\x18\x82\x8f`\x08O\x04\x8e\x10\x00\xcf\xb4\x00O\x12\x00\x00\x00\xc0\x1f\x00\xe2\x0eG \x00\xf0\xa3\x03p\x00\x00""8\xf8\xb0`\x08s\x00\x19\x00\x0c\xcf\x90\x00r\x00\x19\x00\x0c\xf2\x90\x00r\x8c\x03\x05\x04r\xb2\x00O\x8c\x03\x06\x04\xb2\xb2\x00""22@.\x00\xc0\xb3\x00""22B\x22\x00\xc2\xb3\x00q\x00\x19\x00\x0c\xef\x90\x00p\x00\x19\x00\x0c\xf0\x90\x00p\x8c\x01\x05\x04p\xb2\x00""20K\x22\x00\xcb\xb3\x00o\x8c\x01\x06\x04\xb0\xb2\x00""02G.\x00\xc7\xb3\x00""02I\x22\x00\xc9\xb3\x00r0J.\x00\xca\xb3\x00""00E.\x00\xc5\xb3\x00ppH\x22\x00\xc8\xb3PN\xc4\x00\x1c\x00\xce\xa0\x00\x0e\x10\x00\x00\x00\xcf\x1a\x01""D\xc8\x00\x18\x00\xc4\xa0\x00O\xe4\xff\xff\x07\xc0\x1f\x00""E\x06\xc0\x22\x04\xc5\xb3\x00H\x06\xc0\x22\x04\xc4\xb3\x00\x04\x05\x00\x18\x00\x86\xa5\x00""B\x06\xc0\x22\x04\xc2\xb3\x00\x06\x02\x00$\x00\x86\xa5\x00@\x06\xc0\x22\x04\xc0\xb3\x00\x06\x00\x00(\x00\x86\xa5\x00\x06\x8f\xc0\xa0\x04\xc8\xf4\x00HY\x00\x00\x00\xc0\x1f\x00G\x06\xc0\x22\x04\xc8\xb3\x00I\x06\xc0\x22\x04\xc7\xb3\x00J\x06\xc0\x22\x04\xc9\xb3\x00\x09\x90\xc0*\x04\xca\xb3\x00\x05\x91J*\x00\xca\xb3\x00JJ\x00\x18\x00\x8a\xa5\x00KF\xc0\x22\x04\xc6\xb3\x00\x06\x90\xc0*\x04\xcb\xb3\x00\x04\x91K*\x00\xcb\xb3\x00KK\x00$\x00J\xa5\x00\x00\x90\xc0*\x04\xcc\xb3\x00\x08\x91L*\x00\xcc\xb3\x00LL\x00\x18\x00\x8c\xa5\x00\x02\x90\xc0*\x04\xcd\xb3\x00\x07\x91M*\x00\xcd\xb3\x00MM\x00$\x00L\xa5\x00\x0c\x0c\xc0*\x04\xcb\xb3\x00\x0a\x0aK*\x00\xcb\xb3\x00KK\x00$\x00K\xa5\x00\x0b\x92\xc0\x90\x01\xcd\xf4\x00M\x03\x00\x00\x10\xc0\x1f\x00K\x00\x03\x00\x00K\x9c\x00L\x0b\xc0\x22\x04\xcc\xb3\x00JK\xc0\x22\x04\xca\xb3P\x0c\x06\xc0*\x04\xcd\xb3\x00\x0a\x04M*\x00\xce\xb3\x00\x0c\x00\xc0*\x04\xcd\xb3\x00\x0a\x08M*\x00\xcd\xb3\x00MM\x00\x18\x00\x8d\xa5\x00\x0c\x02\xc0*\x04\xee\xb3\x00\x0a\x07n*\x00\xef\xb3\x00oo\x00$\x00M\xa5\x00L\x09\xc0*\x04\xcb\xb3\x00J\x05K*\x00\xcb\xb3\x00KK\x00\x18\x00\x8b\xa5\x00NN\x00$\x00K\xa5\x00\x0d\x0d\xc0*\x04\xca\xb3\x00\x0b\x0bJ*\x00\xca\xb3\x00JJ\x00$\x00J\xa5\x00\x0a\x92\xc0\x90\x01\xcc\xf4\x00L\x03\x00\x00\x10\xc0\x1f\x00J\x00\x03\x00\x00J\x9c\x00M\x0a\xc0\x22\x04\xcd\xb3\x00KJ\xc0\x22\x04\xcb\xb3P\x0d\x06\xc0*\x04\xcc\xb3\x00\x0b\x04L*\x00\xce\xb3\x00\x0d\x00\xc0*\x04\xcc\xb3\x00\x0b\x08L*\x00\xcc\xb3\x00LL\x00\x18\x00\x8c\xa5\x00\x0d\x02\xc0*\x04\xee\xb3\x00\x0b\x07n*\x00\xef\xb3\x00oo\x00$\x00L\xa5\x00M\x09\xc0*\x04\xca\xb3\x00K\x05J*\x00\xca\xb3\x00JJ\x00\x18\x00\x8a\xa5\x00NN\x00$\x00J\xa5\x00\x0c\x0c\xc0*\x04\xcb\xb3\x00\x0a\x0aK*\x00\xcb\xb3\x00KK\x00$\x00K\xa5\x00\x0b\x92\xc0\x90\x01\xcd\xf4\x00M\x03\x00\x00\x10\xc0\x1f\x00K\x00\x03\x00\x00K\x9c\x00L\x0b\xc0\x22\x04\xcc\xb3\x00JK\xc0\x22\x04\xca\xb3P\x0c@\xc0*\x04\xc0\xb3\x00\x0aH@*\x00\xc0\xb3\x00@@\x00\x18\x00\x80\xa5\x00\x0c""B\xc0*\x04\xc2\xb3\x00\x0aGB*\x00\xc2\xb3\x00""BB\x00$\x00@\xa5\x00\x00\x00\xc0*\x04\xc2\xb3\x00\x0cI\xc0*\x04\xc9\xb3\x00\x0a""EI*\x00\xc5\xb3\x00""EE\x00\x18\x00\x85\xa5\x00LF\xc0*\x04\xc6\xb3\x00JDF*\x00\xc4\xb3\x00""DD\x00$\x00""E\xa5\x00\x05\x05""B*\x00\xc2\xb3\x00""BB\x00$\x00""B\xa5\x00\x02\x92\xc0\x90\x01\xc4\xf4\x00""D\x03\x00\x00\x10\xc0\x1f\x00""B\x00\x03\x00\x00""B\x9c\x00@\x02\xc0\x22\x04\xc0\xb3\x00""EB\xc0\x22\x04\xc5\xb3P\x00\x00\xc0*\x04\xc2\xb3\x00\x05\x05""B*\x00\xc2\xb3\x00""BB\x00$\x00""B\xa5\x00""B\x92\xc0\x90\x04\xc2\xf4\x00""B\x05\x00\x00\x10\xc0\x1f\x00""C\xc0\x00(\x13\xc2\xa5\x00\x02\x00\x00\x00\x00\xc3\x91\x00""A\xc0\x00(\x13\xc0\xa5\x00\x00\x00\x00\x00\x00\xc7\x91\x00\xc1 \x01\x00\x00\xc0\x1f\x00\xe2(\x02\x00\x82\x82`\x02\x05\x05\xc4\x14\x00\xef\xb2\x00\x05\x05o(\x00\xef\xb2\x00\x00\x00o\x14\x00\xef\xb2\x00\x00\x00o(\x00\xef\xb2\x00o\x00\x02\x00\x00\xef\x9c\x08""B\x03\x00\x00\x00""F\x18\x01o\x93\x00\xc0\x00""B\xa4\x00@\x02\xc0\x22\x06\xc4\xb3\x00""EB\xc0\x22\x06\xc5\xb3\x00""F\x03\x00\x00""0\xc0\x1f\x00\xc0\xd0""c\xd0""cF\x10\x01\xc0\xd0\xe3\xd0\xe3\x86\x10\x01\xc1\x0e\x00\x00\x00\xc0\x1f\x00\xe2\x00\x00""8\xf8\x88`\x0aK\x00\x19\x00\x0c\xef\x90\x00J\x00\x19\x00\x0c\xc6\x90\x00""F\x8c\x03\x05\x04""F\xb2\x00o\x8c\x03\x06\x04\x86\xb2\x00I\x00\x19\x00\x0c\xc0\x90\x00H\x00\x19\x00\x0c\xc2\x90\x00""B\x8c\x01\x05\x04""B\xb2\x00@\x8c\x01\x06\x04\x82\xb2\x00""F\x04\xc0*\x04\xc0\xb3\x00""B\x05@*\x00\xc0\xb3\x00@@\x00$\x00@\xa5\x00\x00\x94\x02(\x00""F\xa5\x00@\x94\x03\x18\x00\x86\xa5P\xe2(\x02\x00\x82\x80`\x0a@\x0c\x00\x00\x00@\x18\x01@\x0e\x00\x00 \xc0\x1f\x00\xe2\x10\x00""8\xf8\x88`\x0aK\x00\x19\x00\x0c\xef\x90\x00J\x00\x19\x00\x0c\xc7\x90\x00G\x8c\x03\x05\x04G\xb2\x00o\x8c\x03\x06\x04\x87\xb2\x00I\x00\x19\x00\x0c\xc0\x90\x00H\x00\x19\x00\x0c\xc2\x90\x00""B\x8c\x01\x05\x04""B\xb2\x00@\x8c\x01\x06\x04\x82\xb2\x00G\x04\xc0*\x04\xc0\xb3\x00""B\x05@*\x00\xc0\xb3\x00@@\x00$\x00@\xa5\x00\x06\x00\x02(\x00""F\xa5\x00\x06@\x03$\x00\x86\xa5P\xe2(\x02\x00\x82\x80`\x0a@0\x00\x00\x00@\x18\x01@\x0e\x00\x00 \xc0\x1f\x00\xe2 \x00""8\xf8\x88`\x0aK\x00\x19\x00\x0c\xef\x90\x00J\x00\x19\x00\x0c\xc7\x90\x00G\x8c\x03\x05\x04G\xb2\x00o\x8c\x03\x06\x04\x87\xb2\x00I\x00\x19\x00\x0c\xc0\x90\x00H\x00\x19\x00\x0c\xc2\x90\x00""B\x8c\x01\x05\x04""B\xb2\x00@\x8c\x01\x06\x04\x82\xb2\x00G\x04\xc0*\x04\xc0\xb3\x00""B\x05@*\x00\xc0\xb3\x00@@\x00$\x00@\xa5\x00\x06\x00\x02(\x00""F\xa5\x00\x06@\x03$\x00\x86\xa5P\xe2(\x02\x00\x82\x80`\x0a@\xc0\x00\x00\x00@\x18\x01@\x0e\x00\x00 \xc0\x1f\x00\xe2""0\x00""8\xf8\x88`\x0aK\x00\x19\x00\x0c\xef\x90\x00J\x00\x19\x00\x0c\xc7\x90\x00G\x8c\x03\x05\x04G\xb2\x00o\x8c\x03\x06\x04\x87\xb2\x00I\x00\x19\x00\x0c\xc0\x90\x00H\x00\x19\x00\x0c\xc2\x90\x00""B\x8c\x01\x05\x04""B\xb2\x00@\x8c\x01\x06\x04\x82\xb2\x00G\x04\xc0*\x04\xc0\xb3\x00""B\x05@*\x00\xc0\xb3\x00@@\x00$\x00@\xa5\x00\x06\x00\x02(\x00""F\xa5\x00\x06@\x03$\x00\x86\xa5P\xe2)\x02\x00\x82\x80`\x0a@\x03\x00\x00\x00@\x18\x01@\x0e\x00\x00 \xc0\x1f\x00\xe2@\x00""8\xf8\x88`\x0aK\x00\x19\x00\x0c\xef\x90\x00J\x00\x19\x00\x0c\xc7\x90\x00G\x8c\x03\x05\x04G\xb2\x00o\x8c\x03\x06\x04\x87\xb2\x00I\x00\x19\x00\x0c\xc0\x90\x00H\x00\x19\x00\x0c\xc2\x90\x00""B\x8c\x01\x05\x04""B\xb2\x00@\x8c\x01\x06\x04\x82\xb2\x00G\x04\xc0*\x04\xc0\xb3\x00""B\x05@*\x00\xc0\xb3\x00@@\x00$\x00@\xa5\x00\x06\x00\x02(\x00""F\xa5\x00\x06@\x03$\x00\x86\xa5P\xe2)\x02\x00\x82\x80`\x0a@\x0c\x00\x00\x00@\x18\x01@\x0e\x00\x00 \xc0\x1f\x00\xe2P\x00""8\xf8\x88`\x0aK\x00\x19\x00\x0c\xef\x90\x00J\x00\x19\x00\x0c\xc7\x90\x00G\x8c\x03\x05\x04G\xb2\x00o\x8c\x03\x06\x04\x87\xb2\x00I\x00\x19\x00\x0c\xc0\x90\x00H\x00\x19\x00\x0c\xc2\x90\x00""B\x8c\x01\x05\x04""B\xb2\x00@\x8c\x01\x06\x04\x82\xb2\x00G\x04\xc0*\x04\xc0\xb3\x00""B\x05@*\x00\xc0\xb3\x00@@\x00$\x00@\xa5\x00\x06\x00\x02(\x00""F\xa5\x00\x06@\x03$\x00\x86\xa5P\xe2)\x02\x00\x82\x80`\x0a@0\x00\x00\x00@\x18\x01@\x0e\x00\x00 \xc0\x1f\x00\xe2`\x00""8\xf8\x88`\x0aK\x00\x19\x00\x0c\xef\x90\x00J\x00\x19\x00\x0c\xc7\x90\x00G\x8c\x03\x05\x04G\xb2\x00o\x8c\x03\x06\x04\x87\xb2\x00I\x00\x19\x00\x0c\xc0\x90\x00H\x00\x19\x00\x0c\xc2\x90\x00""B\x8c\x01\x05\x04""B\xb2\x00@\x8c\x01\x06\x04\x82\xb2\x00G\x04\xc0*\x04\xc0\xb3\x00""B\x05@*\x00\xc0\xb3\x00@@\x00$\x00@\xa5\x00\x06\x00\x02(\x00""F\xa5\x00\x06@\x03$\x00\x86\xa5P\xe2(\x02\x08\x82\x80`\x0a@\x8c\xc0\x84!@\xf1\x00@\x0e\x00\x00 \xc0\x1f\x00\xe2p\x00""8\xf8\x88`\x0aK\x00\x19\x00\x0c\xef\x90\x00J\x00\x19\x00\x0c\xc7\x90\x00G\x8c\x03\x05\x04G\xb2\x00o\x8c\x03\x06\x04\x87\xb2\x00I\x00\x19\x00\x0c\xc0\x90\x00H\x00\x19\x00\x0c\xc2\x90\x00""B\x8c\x01\x05\x04""B\xb2\x00@\x8c\x01\x06\x04\x82\xb2\x00G\x04\xc0*\x04\xc0\xb3\x00""B\x05@*\x00\xc0\xb3\x00@@\x00$\x00@\xa5\x00\x06\x00\x02(\x00""F\xa5\x00\x06@\x03$\x00\x86\xa5P\xe2*\x02\x00\x82\x80`\x0a@\x03\x00\x00\x00@\x18\x01@\x0e\x00\x00 \xc0\x1f\x00\xe2\x80\x00""8\xf8\x88`\x0aK\x00\x19\x00\x0c\xef\x90\x00J\x00\x19\x00\x0c\xc7\x90\x00G\x8c\x03\x05\x04G\xb2\x00o\x8c\x03\x06\x04\x87\xb2\x00I\x00\x19\x00\x0c\xc0\x90\x00H\x00\x19\x00\x0c\xc2\x90\x00""B\x8c\x01\x05\x04""B\xb2\x00@\x8c\x01\x06\x04\x82\xb2\x00G\x04\xc0*\x04\xc0\xb3\x00""B\x05@*\x00\xc0\xb3\x00@@\x00$\x00@\xa5\x00\x06\x00\x02(\x00""F\xa5\x00\x06@\x03$\x00\x86\xa5P\xe2*\x02\x00\x82\x80`\x0a@\x0c\x00\x00\x00@\x18\x01@\x0e\x00\x00 \xc0\x1f\x00\xe2\x90\x00""8\xf8\x88`\x0aK\x00\x19\x00\x0c\xef\x90\x00J\x00\x19\x00\x0c\xc7\x90\x00G\x8c\x03\x05\x04G\xb2\x00o\x8c\x03\x06\x04\x87\xb2\x00I\x00\x19\x00\x0c\xc0\x90\x00H\x00\x19\x00\x0c\xc2\x90\x00""B\x8c\x01\x05\x04""B\xb2\x00@\x8c\x01\x06\x04\x82\xb2\x00G\x04\xc0*\x04\xc0\xb3\x00""B\x05@*\x00\xc0\xb3\x00@@\x00$\x00@\xa5\x00\x06\x00\x02(\x00""F\xa5\x00\x06@\x03$\x00\x86\xa5P\xe2*\x02\x00\x82\x80`\x0a@0\x00\x00\x00@\x18\x01@\x0e\x00\x00 \xc0\x1f\x00\xe2\xa0\x00""8\xf8\x88`\x0aK\x00\x19\x00\x0c\xef\x90\x00J\x00\x19\x00\x0c\xc7\x90\x00G\x8c\x03\x05\x04G\xb2\x00o\x8c\x03\x06\x04\x87\xb2\x00I\x00\x19\x00\x0c\xc0\x90\x00H\x00\x19\x00\x0c\xc2\x90\x00""B\x8c\x01\x05\x04""B\xb2\x00@\x8c\x01\x06\x04\x82\xb2\x00G\x04\xc0*\x04\xc0\xb3\x00""B\x05@*\x00\xc0\xb3\x00@@\x00$\x00@\xa5\x00\x06\x00\x02(\x00""F\xa5\x00\x06@\x03$\x00\x86\xa5P\xe2*\x02\x00\x82\x80`\x0a@\xc0\x00\x00\x00@\x18\x01@\x0e\x00\x00 \xc0\x1f\x00\xe2\xb0\x00""8\xf8\x88`\x0aK\x00\x19\x00\x0c\xef\x90\x00J\x00\x19\x00\x0c\xc7\x90\x00G\x8c\x03\x05\x04G\xb2\x00o\x8c\x03\x06\x04\x87\xb2\x00I\x00\x19\x00\x0c\xc0\x90\x00H\x00\x19\x00\x0c\xc2\x90\x00""B\x8c\x01\x05\x04""B\xb2\x00@\x8c\x01\x06\x04\x82\xb2\x00G\x04\xc0*\x04\xc0\xb3\x00""B\x05@*\x00\xc0\xb3\x00@@\x00$\x00@\xa5\x00\x06\x00\x02(\x00""F\xa5\x00\x06@\x03$\x00\x86\xa5P\xe2+\x02\x00\x82\x80`\x0a@\x03\x00\x00\x00@\x18\x01@\x0e\x00\x00 \xc0\x1f\x00\xe2\xc0\x00""8\xf8\x88`\x0aK\x00\x19\x00\x0c\xef\x90\x00J\x00\x19\x00\x0c\xc7\x90\x00G\x8c\x03\x05\x04G\xb2\x00o\x8c\x03\x06\x04\x87\xb2\x00I\x00\x19\x00\x0c\xc0\x90\x00H\x00\x19\x00\x0c\xc2\x90\x00""B\x8c\x01\x05\x04""B\xb2\x00@\x8c\x01\x06\x04\x82\xb2\x00G\x04\xc0*\x04\xc0\xb3\x00""B\x05@*\x00\xc0\xb3\x00@@\x00$\x00@\xa5\x00\x06\x00\x02(\x00""F\xa5\x00\x06@\x03$\x00\x86\xa5P\xe2+\x02\x00\x82\x80`\x0a@\x0c\x00\x00\x00@\x18\x01@\x0e\x00\x00 \xc0\x1f\x00\xe2\xd0\x00""8\xf8\x88`\x0aK\x00\x19\x00\x0c\xef\x90\x00J\x00\x19\x00\x0c\xc7\x90\x00G\x8c\x03\x05\x04G\xb2\x00o\x8c\x03\x06\x04\x87\xb2\x00I\x00\x19\x00\x0c\xc0\x90\x00H\x00\x19\x00\x0c\xc2\x90\x00""B\x8c\x01\x05\x04""B\xb2\x00@\x8c\x01\x06\x04\x82\xb2\x00G\x04\xc0*\x04\xc0\xb3\x00""B\x05@*\x00\xc0\xb3\x00@@\x00$\x00@\xa5\x00\x06\x00\x02(\x00""F\xa5\x00\x06@\x03$\x00\x86\xa5P\xe2(\x02\x18\x82\x80`\x0a\x00\x00\x00\x00""0\xc2\x18\x01""B\x0f\x00\x00\x00\xc0\x1f\x00\xe2\xe0\x00""8\xf8\x88`\x0aK\x00\x19\x00\x0c\xef\x90\x00J\x00\x19\x00\x0c\xc7\x90\x00G\x8c\x03\x05\x04G\xb2\x00o\x8c\x03\x06\x04\x87\xb2\x00I\x00\x19\x00\x0c\xc0\x90\x00H\x00\x19\x00\x0c\xc2\x90\x00""B\x8c\x01\x05\x04""B\xb2\x00@\x8c\x01\x06\x04\x82\xb2\x00G\x04\xc0*\x04\xc0\xb3\x00""B\x05@*\x00\xc0\xb3\x00@@\x00$\x00@\xa5\x00\x06\x00\x02(\x00""F\xa5\x00\x06@\x03$\x00\x86\xa5\x00\xe2(\x02\x18\x82\x80`R\x00\x00\x00\x00\x00\xc0\x00\x08@\x00\x00\x00\xc0\xc0\x18\x01@\x0e\x00\x00\x00\xc0\x1f\x00\xe2\xf0\x00""8\xf8\x88`\x0aK\x00\x19\x00\x0c\xef\x90\x00J\x00\x19\x00\x0c\xc7\x90\x00G\x8c\x03\x05\x04G\xb2\x00o\x8c\x03\x06\x04\x87\xb2\x00I\x00\x19\x00\x0c\xc0\x90\x00H\x00\x19\x00\x0c\xc2\x90\x00""B\x8c\x01\x05\x04""B\xb2\x00@\x8c\x01\x06\x04\x82\xb2\x00G\x04\xc0*\x04\xc0\xb3\x00""B\x05@*\x00\xc0\xb3\x00@@\x00$\x00@\xa5\x00\x06\x00\x02(\x00""F\xa5\x00\x06@\x03$\x00\x86\xa5P\x04\x06\x03.\x03\xc2\xb3\x00\x05\x06\x01.\x03\xc0\xb3\x00""D\x06""C\x22\x03\xc3\xb3\x00""EFA\x22\x03\xc7\xb3P\xe2(\x02\x00\x82\xae`\x0a\xe2""4\x02[\x02}a\x02\x07\x07\x00$\x00""A\xa5\x00""A\x03\x00(\x00""A\xa5\x00\x00\x00\x00\x18\x00\x81\xa5\x00\x01\x02\x00$\x00\x81\xa5\x00""AA\xc0\xb0\x04\xc4\xf5\x00\x04\xc0\x00\x07\x00\xc6P\x01\x04\xc0G@\x00\xf3P\x01\x04\xc0\x02\x03\x00\xc5P\x01""D\xc0""CB\x00\xc3P\x01\x05\x03\x00(\x10\xc1\xa5\x00\x06""3\x00(\x10\xc4\xa5\x00\x04\x04\x95*\x00\xef\xb3\x00\x01\x01o*\x00\xef\xb3\x00oo\x00$\x00o\xa5\x00o\x00\x01\x00\x00r\x9c\x00\xc0\x00\x00\x00\x00\xfd\x10\x01n\x03\x00\x00\x00@\x18\x01@\x0f\x00\x00 \xc0\x1f\x00\xe2\x00\x00""8\xf8\x88`\x0aK\x00\x19\x00\x0c\xef\x90\x00J\x00\x19\x00\x0c\xc7\x90\x00G\x8c\x03\x05\x04G\xb2\x00o\x8c\x03\x06\x04\x87\xb2\x00I\x00\x19\x00\x0c\xc0\x90\x00H\x00\x19\x00\x0c\xc2\x90\x00""B\x8c""3\x05\x04""B\xb2\x00@\x8c""3\x06\x04\x82\xb2\x00G\x01\xc0*\x04\xc0\xb3\x00""B\x04@*\x00\xc0\xb3\x00@@\x00$\x00@\xa5\x00@2\xc0*\x07@\xb3\x00@\xd7\xc0*\x04@\xb3\x00@\x00\x1c\xd0\x0c\xfd\x90P\xe2(\x02\x00\x82\x80`\x02\xc0\x00\x00\x00\x00\xf5\x10\x09@\x0c\x00\x00\x00@\x18\x01@\x0f\x00\x00 \xc0\x1f\x00\xe2\x10\x00""8\xf8\x88`\x0aK\x00\x19\x00\x0c\xef\x90\x00J\x00\x19\x00\x0c\xc7\x90\x00G\x8c\x03\x05\x04G\xb2\x00o\x8c\x03\x06\x04\x87\xb2\x00I\x00\x19\x00\x0c\xc0\x90\x00H\x00\x19\x00\x0c\xc2\x90\x00""B\x8c""3\x05\x04""B\xb2\x00@\x8c""3\x06\x04\x82\xb2\x00G\x01\xc0*\x04\xc0\xb3\x00""B\x04@*\x00\xc0\xb3\x00@@\x00$\x00@\xa5\x00@2\xc0*\x07@\xb3\x00@\xd7\xc0*\x04@\xb3\x00@\x00\x1c\xd0\x0c\xf5\x90P\xe2(\x02\x00\x82\x80`\x02\xc0\x00\x00\x00\x00\xf4\x10\x09@0\x00\x00\x00@\x18\x01@\x0f\x00\x00 \xc0\x1f\x00\xe2 \x00""8\xf8\x88`\x0aK\x00\x19\x00\x0c\xef\x90\x00J\x00\x19\x00\x0c\xc7\x90\x00G\x8c\x03\x05\x04G\xb2\x00o\x8c\x03\x06\x04\x87\xb2\x00I\x00\x19\x00\x0c\xc0\x90\x00H\x00\x19\x00\x0c\xc2\x90\x00""B\x8c""3\x05\x04""B\xb2\x00@\x8c""3\x06\x04\x82\xb2\x00G\x01\xc0*\x04\xc0\xb3\x00""B\x04@*\x00\xc0\xb3\x00@@\x00$\x00@\xa5\x00@2\xc0*\x07@\xb3\x00@\xd7\xc0*\x04@\xb3\x00@\x00\x1c\xd0\x0c\xf4\x90P\xe2(\x02\x00\x82\x80`\x02\xc0\x00\x00\x00\x00\xf1\x10\x09@\xc0\x00\x00\x00@\x18\x01@\x0f\x00\x00 \xc0\x1f\x00\xe2""0\x00""8\xf8\x88`\x0aK\x00\x19\x00\x0c\xef\x90\x00J\x00\x19\x00\x0c\xc7\x90\x00G\x8c\x03\x05\x04G\xb2\x00o\x8c\x03\x06\x04\x87\xb2\x00I\x00\x19\x00\x0c\xc0\x90\x00H\x00\x19\x00\x0c\xc2\x90\x00""B\x8c""3\x05\x04""B\xb2\x00@\x8c""3\x06\x04\x82\xb2\x00G\x01\xc0*\x04\xc0\xb3\x00""B\x04@*\x00\xc0\xb3\x00@@\x00$\x00@\xa5\x00@2\xc0*\x07@\xb3\x00@\xd7\xc0*\x04@\xb3\x00@\x00\x1c\xd0\x0c\xf1\x90P\xe2)\x02\x00\x82\x80`\x02\xc0\x00\x00\x00\x00\xf0\x10\x09@\x03\x00\x00\x00@\x18\x01@\x0f\x00\x00 \xc0\x1f\x00\xe2@\x00""8\xf8\x88`\x0aK\x00\x19\x00\x0c\xef\x90\x00J\x00\x19\x00\x0c\xc7\x90\x00G\x8c\x03\x05\x04G\xb2\x00o\x8c\x03\x06\x04\x87\xb2\x00I\x00\x19\x00\x0c\xc0\x90\x00H\x00\x19\x00\x0c\xc2\x90\x00""B\x8c""3\x05\x04""B\xb2\x00@\x8c""3\x06\x04\x82\xb2\x00G\x01\xc0*\x04\xc0\xb3\x00""B\x04@*\x00\xc0\xb3\x00@@\x00$\x00@\xa5\x00@2\xc0*\x07@\xb3\x00@\xd7\xc0*\x04@\xb3\x00@\x00\x1c\xd0\x0c\xf0\x90P\xe2)\x02\x00\x82\x80`\x02\xc0\x00\x00\x00\x00\xcf\x10\x09@\x0c\x00\x00\x00@\x18\x01@\x0f\x00\x00 \xc0\x1f\x00\xe2P\x00""8\xf8\x88`\x0aK\x00\x19\x00\x0c\xef\x90\x00J\x00\x19\x00\x0c\xc7\x90\x00G\x8c\x03\x05\x04G\xb2\x00o\x8c\x03\x06\x04\x87\xb2\x00I\x00\x19\x00\x0c\xc0\x90\x00H\x00\x19\x00\x0c\xc2\x90\x00""B\x8c""3\x05\x04""B\xb2\x00@\x8c""3\x06\x04\x82\xb2\x00G\x01\xc0*\x04\xc0\xb3\x00""B\x04@*\x00\xc0\xb3\x00@@\x00$\x00@\xa5\x00@2\xc0*\x07@\xb3\x00@\xd7\xc0*\x04@\xb3\x00@\x00\x1c\xd0\x0c\xcf\x90P\xe2)\x02\x00\x82\x80`\x02\xc0\x00\x00\x00\x00\xce\x10\x09@0\x00\x00\x00@\x18\x01@\x0f\x00\x00 \xc0\x1f\x00\xe2`\x00""8\xf8\x88`\x0aK\x00\x19\x00\x0c\xef\x90\x00J\x00\x19\x00\x0c\xc7\x90\x00G\x8c\x03\x05\x04G\xb2\x00o\x8c\x03\x06\x04\x87\xb2\x00I\x00\x19\x00\x0c\xc0\x90\x00H\x00\x19\x00\x0c\xc2\x90\x00""B\x8c""3\x05\x04""B\xb2\x00@\x8c""3\x06\x04\x82\xb2\x00G\x01\xc0*\x04\xc0\xb3\x00""B\x04@*\x00\xc0\xb3\x00@@\x00$\x00@\xa5\x00@2\xc0*\x07@\xb3\x00@\xd7\xc0*\x04@\xb3\x00@\x00\x1c\xd0\x0c\xce\x90P\xe2(\x02\x08\x82\x80`\x02\xc0\x00\x00\x00\x00\xcd\x10\x09@\x8c\xc0\x84!@\xf1\x00@\x0f\x00\x00 \xc0\x1f\x00\xe2p\x00""8\xf8\x88`\x0aK\x00\x19\x00\x0c\xef\x90\x00J\x00\x19\x00\x0c\xc7\x90\x00G\x8c\x03\x05\x04G\xb2\x00o\x8c\x03\x06\x04\x87\xb2\x00I\x00\x19\x00\x0c\xc0\x90\x00H\x00\x19\x00\x0c\xc2\x90\x00""B\x8c""3\x05\x04""B\xb2\x00@\x8c""3\x06\x04\x82\xb2\x00G\x01\xc0*\x04\xc0\xb3\x00""B\x04@*\x00\xc0\xb3\x00@@\x00$\x00@\xa5\x00@2\xc0*\x07@\xb3\x00@\xd7\xc0*\x04@\xb3\x00@\x00\x1c\xd0\x0c\xcd\x90P\xe2*\x02\x00\x82\x80`\x02\xc0\x00\x00\x00\x00\xcc\x10\x09@\x03\x00\x00\x00@\x18\x01@\x0f\x00\x00 \xc0\x1f\x00\xe2\x80\x00""8\xf8\x88`\x0aK\x00\x19\x00\x0c\xef\x90\x00J\x00\x19\x00\x0c\xc7\x90\x00G\x8c\x03\x05\x04G\xb2\x00o\x8c\x03\x06\x04\x87\xb2\x00I\x00\x19\x00\x0c\xc0\x90\x00H\x00\x19\x00\x0c\xc2\x90\x00""B\x8c""3\x05\x04""B\xb2\x00@\x8c""3\x06\x04\x82\xb2\x00G\x01\xc0*\x04\xc0\xb3\x00""B\x04@*\x00\xc0\xb3\x00@@\x00$\x00@\xa5\x00@2\xc0*\x07@\xb3\x00@\xd7\xc0*\x04@\xb3\x00@\x00\x1c\xd0\x0c\xcc\x90P\xe2*\x02\x00\x82\x80`\x02\xc0\x00\x00\x00\x00\xcb\x10\x09@\x0c\x00\x00\x00@\x18\x01@\x0f\x00\x00 \xc0\x1f\x00\xe2\x90\x00""8\xf8\x88`\x0aK\x00\x19\x00\x0c\xef\x90\x00J\x00\x19\x00\x0c\xc7\x90\x00G\x8c\x03\x05\x04G\xb2\x00o\x8c\x03\x06\x04\x87\xb2\x00I\x00\x19\x00\x0c\xc0\x90\x00H\x00\x19\x00\x0c\xc2\x90\x00""B\x8c""3\x05\x04""B\xb2\x00@\x8c""3\x06\x04\x82\xb2\x00G\x01\xc0*\x04\xc0\xb3\x00""B\x04@*\x00\xc0\xb3\x00@@\x00$\x00@\xa5\x00@2\xc0*\x07@\xb3\x00@\xd7\xc0*\x04@\xb3\x00@\x00\x1c\xd0\x0c\xcb\x90P\xe2*\x02\x00\x82\x80`\x02\xc0\x00\x00\x00\x00\xca\x10\x09@0\x00\x00\x00@\x18\x01@\x0f\x00\x00 \xc0\x1f\x00\xe2\xa0\x00""8\xf8\xb8`\x0a{\x00\x19\x00\x0c\xef\x90\x00z\x00\x19\x00\x0c\xc7\x90\x00G\x8c\x03\x05\x04G\xb2\x00o\x8c\x03\x06\x04\x87\xb2\x00y\x00\x19\x00\x0c\xc0\x90\x00x\x00\x19\x00\x0c\xc2\x90\x00""B\x8c""3\x05\x04""B\xb2\x00@\x8c""3\x06\x04\x82\xb2\x00G\x01\xc0*\x04\xc0\xb3\x00""B\x04@*\x00\xc0\xb3\x00@@\x00$\x00@\xa5\x00@2\xc0*\x07@\xb3\x00@\xd7\xc0*\x04@\xb3\x00@\x00\x1c\xd0\x0c\xca\x90P\xe2*\x02\x00\x82\x80`\x02\xc0\x00\x00\x00\x00\xc9\x10\x09@\xc0\x00\x00\x00@\x18\x01@\x0f\x00\x00 \xc0\x1f\x00\xe2\xb0\x00""8\xf8\xb8`\x0a{\x00\x19\x00\x0c\xef\x90\x00z\x00\x19\x00\x0c\xc7\x90\x00G\x8c\x03\x05\x04G\xb2\x00o\x8c\x03\x06\x04\x87\xb2\x00y\x00\x19\x00\x0c\xc0\x90\x00x\x00\x19\x00\x0c\xc2\x90\x00""B\x8c""3\x05\x04""B\xb2\x00@\x8c""3\x06\x04\x82\xb2\x00G\x01\xc0*\x04\xc0\xb3\x00""B\x04@*\x00\xc0\xb3\x00@@\x00$\x00@\xa5\x00@2\xc0*\x07@\xb3\x00@\xd7\xc0*\x04@\xb3\x00@\x00\x1c\xd0\x0c\xc9\x90P\xe2+\x02\x00\x82\x80`\x02\xc0\x00\x00\x00\x00\xe4\x10\x09@\x03\x00\x00\x00@\x18\x01@\x0f\x00\x00 \xc0\x1f\x00\xe2\xc0\x00""8\xf8\xb8`\x0a{\x00\x19\x00\x0c\xef\x90\x00z\x00\x19\x00\x0c\xc7\x90\x00G\x8c\x03\x05\x04G\xb2\x00o\x8c\x03\x06\x04\x87\xb2\x00y\x00\x19\x00\x0c\xc0\x90\x00x\x00\x19\x00\x0c\xc2\x90\x00""B\x8c""3\x05\x04""B\xb2\x00@\x8c""3\x06\x04\x82\xb2\x00G\x01\xc0*\x04\xc0\xb3\x00""B\x04@*\x00\xc0\xb3\x00@@\x00$\x00@\xa5\x00@2\xc0*\x07@\xb3\x00@\xd7\xc0*\x04@\xb3\x00@\x00\x1c\xd0\x0c\xe4\x90P\xe2+\x02\x00\x82\x80`\x02\xc0\x00\x00\x00\x00\xe8\x10\x09@\x0c\x00\x00\x00@\x18\x01@\x0f\x00\x00 \xc0\x1f\x00\xe2\xd0\x00""8\xf8\xb8`\x0a{\x00\x19\x00\x0c\xef\x90\x00z\x00\x19\x00\x0c\xc7\x90\x00G\x8c\x03\x05\x04G\xb2\x00o\x8c\x03\x06\x04\x87\xb2\x00y\x00\x19\x00\x0c\xc0\x90\x00x\x00\x19\x00\x0c\xc2\x90\x00""B\x8c""3\x05\x04""B\xb2\x00@\x8c""3\x06\x04\x82\xb2\x00G\x01\xc0*\x04\xc0\xb3\x00""B\x04@*\x00\xc0\xb3\x00@@\x00$\x00@\xa5\x00@2\xc0*\x07@\xb3\x00@\xd7\xc0*\x04@\xb3\x00@\x00\x1c\xd0\x0c\xe8\x90P\xe2(\x02\x18\x82\x80`\x02""E\xd7\xc0\x22\x04\xf6\xb3\x00""F\xd7\xc0\x22\x04\xf7\xb3\x00\x03\xd7\xc0\x22\x04\xc8\xb3\x00""3\xd7\xc0\x22\x04\xc6\xb3\x00\xc0\x00\x00\x00\x00\xec\x10\x09\x00\x00\x00\x00""0\xc2\x18\x01""B\x10\x00\x00\x00\xc0\x1f\x00\xe2\xe0\x00""8\xf8\xb8`\x0a{\x00\x19\x00\x0c\xef\x90\x00z\x00\x19\x00\x0c\xc5\x90\x00""E\x8c\x03\x05\x04""E\xb2\x00o\x8c\x03\x06\x04\x85\xb2\x00y\x00\x19\x00\x0c\xc0\x90\x00x\x00\x19\x00\x0c\xc2\x90\x00""B\x8c""3\x05\x04""B\xb2\x00@\x8c""3\x06\x04\x82\xb2\x00""E\x01\xc0*\x04\xc0\xb3\x00""B\x04@*\x00\xc0\xb3\x00@@\x00$\x00@\xa5\x00@2\xc0*\x07@\xb3\x00@\xd7\xc0*\x04@\xb3\x00@\x00\x1c\xd0\x0c\xec\x90\x00\xe2(\x02\x18\x82\x80`R\xc0\x00\x00\x00\x00\xc5\x10\x01\xc0\x00\x00\x00\x00\xda\x10\x09@\x00\x00\x00\xc0\xc0\x18\x01@\x0f\x00\x00\x00\xc0\x1f\x00\xe2\xf0\x00""8\xf8\xb8`\x0a{\x00\x19\x00\x0c\xef\x90\x00o\x8c\x03\x06\x04\x83\xb2\x00z\x00\x19\x00\x0c\xc7\x90\x00G\x8c\x03\x05\x04""C\xb2\x00y\x00\x19\x00\x0c\xc0\x90\x00x\x00\x19\x00\x0c\xc2\x90\x00""B\x8c""3\x05\x04""B\xb2\x00@\x8cs\x06\x04\x82\xb2\x00""CA\xc0*\x04\xc0\xb3\x00""B\x04@*\x00\xc0\xb3\x00@@\x00$\x00@\xa5\x00@r\xc0*\x07@\xb3\x00@\xd7\xc0*\x04@\xb3\x00@\x00\x1c\xd0\x0c\xda\x90P\xc0\x08\x00\x00\x00\xc1\x10\x01""f\xc0""A\x96\x03\xc3P\x01\x03\x97\x0a\x00\x00\xc1\xa0\x00\x98""A\xc0\x80\x01\xc1\xf0\x10\xe2""8\x02\x1b\x02""Aa\x02""6\x00\x1c\xd0\x0c\xc7\x90\x00""7\x00\x1c\xd0\x0c\xc2\x90\x00\x08\x00\x1c\xd0\x0c\xf2\x90\x00\x06\x00\x1c\xd0\x0c\xc0\x90\x00v\x00\x1c\xe0\x0c\xf6\x90\x00w\x00\x1c\xe0\x0c\xf8\x90\x00H\x00\x1c\xe0\x0c\xc8\x90\x00""F\x00\x1c\xe0\x0c\xf3\x90\x00\x03\xcd\x0a\x18\x00\xc4\xa0\x00\xe2\xac\x02\x1b\x02""Da\x02""A\x02\x00\x00\x10\xc0\x1f\x00\xc0L\x00\x00\x00\xc4\x10\x01\xc1""6\x00\x00\x00\xc0\x1f\x00\x04\xc8\x00\x18\x00\xc1\xa0\x00\xc7""A\xc0\x80""A\xc1\xf0\x00""A\x02\x00\x00\x10\xc0\x1f\x00\xc0H\x00\x00\x00\xc4\x10\x01\xc1""1\x00\x00\x00\xc0\x1f\x00\x03\xc9\x0a\x1c\x00\xc1\xa0\x00\xc6""A\xc0\x80""A\xc1\xf0\x00\xc0\x00\x00\x00\x00\xc5\x10\x01""A\x02\x00\x00\x10\xc0\x1f\x00\xc0""D\x00\x00\x00\xc4\x10\x01\xc1+\x00\x00\x00\xc0\x1f\x00\x03\x99\x0a\x00\x00\xc1\xa0\x00\x98""A\xc0\x80\x01\xc1\xf0\x00""A\x02\x00\x00\x10\xc0\x1f\x00\xc0@\x00\x00\x00\xc4\x10\x01\xc1&\x00\x00\x00\xc0\x1f\x00\x03\xcc\x0a\x1c\x00\xc1\xa0\x00\x9a""A\xc0\x80\x01\xc1\xf0\x00\xc0\x00\x00\x00\x00\xc5\x10\x01""A\x02\x00\x00\x10\xc0\x1f\x00\xc0<\x00\x00\x00\xc4\x10\x01\xc1 \x00\x00\x00\xc0\x1f\x00\x03\xc9\x0a\x18\x00\xc1\xa0\x00\xc6""A\xc0\x80""A\xc1\xf0\x00""A\x02\x00\x00\x10\xc0\x1f\x00\xc0""8\x00\x00\x00\xc4\x10\x01\xc1\x1b\x00\x00\x00\xc0\x1f\x00\x03\xcf\x0a\x10\x00\xc1\xa0\x00""A\xc9\x00\x10\x00\xc1\xa0\x00\x9b""A\xc0\x80\x01\xc1\xf0\x00\xc0\x00\x00\x00\x00\xc5\x10\x01""A\x02\x00\x00\x10\xc0\x1f\x00\xc0""4\x00\x00\x00\xc4\x10\x01\xc1\x14\x00\x00\x00\xc0\x1f\x00\x03\xc9\xc0\x11\x01\xc1\xb4\x00""A\xc8\x00\x18\x00\xc1\xa0\x00\xc7""A\xc0\x80""A\xc1\xf0\x00\xc0""0\x00\x00\x00\xc4\x10\x01""A\x0f\x00\x00\x00\xc0\x1f\x00\x03\xc9\x0a\x14\x00\xc1\xa0\x00\xc6""A\xc0\x80""A\xc1\xf0\x00\xc0\x00\x00\x00\x00\xc5\x10\x01""A\x02\x00\x00\x10\xc0\x1f\x00\xc0,\x00\x00\x00\xc4\x10\x01\xc1\x09\x00\x00\x00\xc0\x1f\x00\x03\xcd\x0a\x1c\x00\xc1\xa0\x00\x98""A\xc0\x80\x01\xc1\xf0\x00""A\x02\x00\x00\x10\xc0\x1f\x00\xc0(\x00\x00\x00\xc4\x10\x01\xc1\x04\x00\x00\x00\xc0\x1f\x00\x03\xcb\x0a\x14\x00\xc1\xa0\x00\x01\x9a\xc0\xc0\x04\xc5P\x01\xc0$\x00\x00\x00\xc4\x10\x01""A\x9d""D\x9c\x04\xc4PQ\x00\x00\x00\x00\x00\xc0\x00\x08\xe2""0\x02\x9b\x02|a\x02\xfe\xa0\xc9\x00\x00\xfa\x10\x07\xff\x00\x00\x00\x00\xfb\x91\x06\x04z\x00\x00\x00\xfa\xa3\x01z\x00\x00\x18\x82\x81`\x00r\x00\x19\x00\x0c\xf2\x90\x00G\x00\x19\x00\x0c\xc7\x90\x00\xfe\x88\xd4\x00\x00\xfe\x10\x07\xff\x00\x00\x00\x00\xff\x91\x06\x04~\x00\x00\x00\xfe\xa3\x01@\x00\x19\x00\x0c\xc0\x90\x00""B\x00\x19\x00\x0c\xc2\x90\x00x\x00\x19\x00\x0c\xf8\x90\x00v\x00\x19\x00\x0c\xef\x90\x00H\x00\x19\x00\x0c\xc8\x90\x08\x01\x00\x19\x00\x0c\xc6\x90\x00r\x06\xc0\x00\x04\xf2\xb2\x00r\x9e\xda\x02\x00\xf2\xb2\x00r\x00\x1c\xc0\x0c\xf2\x90\x00G\x06\xc0\x00\x04\xc7\xb2\x00G\x9e\xda\x02\x00\xc7\xb2\x00G\x00\x1c\xc0\x0c\xc7\x90\x00@\x06\xc0\x00\x04\xc0\xb2\x00@\x9e\xda\x02\x00\xc0\xb2\x00@\x00\x1c\xc0\x0c\xc0\x90\x00\x06\x00\x00\x00\x00\xf7\x9c\x00""B\x06\xc0\x00\x04\xc2\xb2\x00""B\x9e\xda\x02\x00\xc2\xb2\x00""B\x00\x1c\xc0\x0c\xc2\x90\x00x\x06\xc0\x00\x04\xf8\xb2\x00x\x9e\xda\x02\x00\xf8\xb2\x00x\x00\x1c\xc0\x0c\xf8\x90\x00o\x06\xc0\x00\x04\xef\xb2\x00o\x9e\xda\x02\x00\xef\xb2\x00o\x00\x1c\xc0\x0c\xf6\x90\x00H\x06\xc0\x00\x04\xc8\xb2\x00H\x9e\xda\x02\x00\xc8\xb2\x00H\x00\x1c\xc0\x0c\xfc\x90\x00r\x01r\x01\x04\xf2P\x01G\x01G\x01\x04\xfaP\x01s\x00\x19\x00\x0c\xc7\x90\x00G\x06\xc0\x00\x04\xc7\xb2\x00G\x9e\xda\x02\x00\xc7\xb2\x00G\x00\x1c\xc0\x0c\xc7\x90\x00r\x00\x19\x00\x0c\xf3\x90\x00~\x00\x00\x18\x82\xb2`\x00G\x01G\x01\x04\xc7P\x01G\x00\x19\x00\x0c\xc7\x90\x00G7\xc0\x00\x04\xc7\xb2\x00G\xd7\xc0\x04\x04\xc7\xb2\x00@\x01@\x01\x04\xc0P\x01@\x00\x19\x00\x0c\xc0\x90\x00@7\xc0\x00\x04\xc0\xb2\x00@\xd7\xc0\x04\x04\xc0\xb2\x00\x00\x00\x0d\x00\x00\xf9\x90\x00y\x06\xc0\x00\x04\xf9\xb2\x00y\x9e\xda\x02\x00\xf9\xb2\x00y\x00\x1c\xc0\x0c\xf9\x90\x00y\x01y\x01\x04\xf9P\x01""B\x01""B\x01\x04\xc2P\x01""B\x00\x19\x00\x0c\xc2\x90\x00""B7\xc0\x00\x04\xc2\xb2\x00""B\xd7\xc0\x04\x04\xc2\xb2\x00\x02\x00\x0d\x00\x00\xfb\x90\x00x\x01x\x01\x04\xf8P\x01x\x00\x19\x00\x0c\xf8\x90\x00x7\xc0\x00\x04\xf8\xb2\x08\xc0""2\xc0\x80\x01\xc8\xf8\x00\x08\x05\x00\x00\x00\xc0\x1f\x00""2y\x00\x00\x00\xf9\xa0\x00\xfe\xd0\xc7\x00\x00\xfe\x10\x07\xff\x00\x00\x00\x00\xff\x91\x06~8'$\x00\xfe\xa3\x01~\x00\x00X\x82\xb9`Ps7\xc0\x00\x04\xd0\xb2\x00x\xd7\xc0\x04\x04\xf3\xb2\x00{\x06\xc0\x00\x04\xf8\xb2\x00x\x9e\xda\x02\x00\xf8\xb2\x00x\x00\x1c\xc0\x0c\xf8\x90\x00x\x01x\x01\x04\xf8P\x01z\x00\x19\x00\x0c\xff\x90\x00\xfe\xa8\xd9\x00\x00\xfa\x10\x07\xff\x00\x00\x00\x00\xfb\x91\x06""D:\x00\x00\x00\xc4\xa3\x01\x07\x00\x0d\x00\x00\xfe\x90\x00\x08\x05\x00\x00\x00\xc0\x1f\x00""2x\x00\x00\x00\xf8\xa0\x00\xfeH\xc7\x00\x00\xd2\x10\x07\xff\x00\x00\x00\x00\xd3\x91\x06R8' \x00\xd2\xa3\x01R\x00\x00\x98\x82\xb8`PD\x00\x00X\x82\x85`\x00>\x06\xc0\x00\x04\xef\xb2\x00o\x9e\xda\x02\x00\xef\xb2\x00o\x00\x1c\xc0\x0c\xef\x90\x00o\x01o\x01\x04\xd2P\x01v\x01v\x01\x04\xd3P\x01|\x01|\x01\x04\xd4P\x01\xfex\xd9\x00\x00\xfa\x10\x07\x7f""7\xc0\x00\x04\xf6\xb2\x00""3\x00\x0d\x00\x00\xd1\x90\x00\xff\x00\x00\x00\x00\xff\x91\x06P\xd7\xc0\x04\x04\xc4\xb2\x00\x08\x04\x00\x00\x00\xc0\x1f\x00""2R\x00\x00\x00\xfc\xa0\x00\xfe\xb8\xc6\x00\x00\xfe\x10\x07><' \x00\xd6\xa3\x01V\x00\x00\x18\x82\x92`PQ\x06\xc0\x00\x04\xef\xb2\x00o\x9e\xda\x02\x00\xef\xb2\x00o\x00\x1c\xc0\x0c\xef\x90\x00o\x01o\x01\x04\xd1P\x01S\x00\x19\x00\x0c\xfc\x90\x00T\x00\x19\x00\x0c\xd0\x90\x00:\x00\x00\x00\x00\xfe\x91\x00v\xd7\xc0\x04\x04\xf6\xb2\x00\x04\x00\x0d\x00\x00\xd6\x90\x00\xff\x00\x00\x00\x00\xd9\x91\x06:\x00\x00\x00\x00\xd8\x91\x10\x05y\x00\x00\x00\xf9\xa0 \x05x\x00\x00\x00\xd4\xa0\x08\x05R\x00\x00\x00\xd5\xa0\x00\x08\x05\x00\x00\x00\xc0\x1f\x00\xfe(\xc6\x00\x00\xd2\x10\x07""2Q\x00\x00\x00\xf8\xa0\x00\x19\x00\x00\x00\x00\xd3\x91\x00R8' \x00\xd2\xa3\x01R\x00\x00\x18\x82\x91`P:x'$\x00\xd2\xa3\x01V\x06\xc0\x00\x04\xf9\xb2\x00y\x9e\xda\x02\x00\xf9\xb2\x00y\x00\x1c\xc0\x0c\xf9\x90\x00y\x01y\x01\x04\xf9P\x01\xff\x00\x00\x00\x00\xfb\x91\x06|7\xc0\x00\x04\xf8\xb2\x00Pw\xc0\x00\x04\xfc\xb2\x00~\x14' \x00\xfe\xa3\x01XT'$\x00\xd4\xa3\x01""6\x00\x0d\x00\x00\xf7\x90\x08\x05Q\x00\x00\x00\xef\xa0\x00zn'$\x00\xd6\xa3\x01\x08\x05\x00\x00\x00\xc0\x1f\x00""2y\x00\x00\x00\xf9\xa0\x00\xfe\x88\xc5\x00\x00\xfa\x10\x07\xff\x00\x00\x00\x00\xfb\x91\x06z8'$\x00\xfa\xa3\x01z\x00\x00\x18\x82\xb9`PR\x00\x00\x98\x82\xba`\x00wF\xc0\x00\x04\xc6\xb2\x00""F\x9e\xda\x02\x00\xc6\xb2\x00""F\x00\x1c\xc0\x0c\xc6\x90\x00""FAFA\x04\xc1P\x01x\xd7\xc0\x04\x04\xd0\xb2\x00|\xd7\xc0\x04\x04\xf8\xb2\x00~\x00\x00\x98\x82\xbc`\x00T\x00\x00\x98\x82\xbe`\x00V\x00\x00\x98\x82\xbf`\x08\x05y\x00\x00\x00\xef\xa0\x00\xfe\x98\xd7\x00\x00\xd2\x10\x07\xff\x00\x00\x00\x00\xd3\x91\x06\x12n'$\x00\xee\xa3\x01n\x00\x00X\x82\x86`\x00H\x05\x00\x00\x00\xc0\x1f\x00rA\x00\x00\x00\xc1\xa0\x00\xfe\xe0\xc4\x00\x00\xd4\x10\x07\xff\x00\x00\x00\x00\xd5\x91\x06T\x00'$\x00\xd4\xa3\x01T\x00\x00\x18\x82\x81`P\xff\x00\x00\x00\x00\xd3\x91\x06""B\x00\x1c\x00\x0c\xf9\x90\x00@\x00\x1c\x00\x0c\xc2\x90\x00""D\x00\x1c\x00\x0c\xc0\x90\x00x\x00\x1c\x00\x0c\xc4\x90\x00\x04\x00\x00\x00\x00\xf2\x91\x00s\x00\x1c\x00\x0c\xfb\x90\x00v\x00\x1c\x00\x0c\xf7\x90\x00P\x00\x1c\x00\x0c\xf3\x90\x00\x02\x00\x00\x00\x00\xf8\x91\x00\x00\x00\x00\x00\x00\xf6\x91\x08""EA\x00\x00\x00\xc1\xa0\x00R\x00'$\x00\xee\xa3\x01n\x00\x00\x18\x82\x85`\x00G\x00\x1c\x00\x0c\xc1\x90 |\x7f\x00\x00\x00\xee\xa0\x00z~\x00\x00\x00\xef\xa0\x00\x01\x00\x00\x00\x00\xfa\x91\x10oF\x00\x00\x00\xc6\xa0\x08nE\x00\x00\x00\xc5\xa0\x00""FE\xc0\x80\x01\xc5\xf0\x00""E8\x00\x00\x10\xc0\x1f\x00\xd6Z\x01\x00P\xc5\xa0\x00""E\xc0""E\xc0\x01\xc5X\x01""E\x9f""E\x9f\x04\xdaX\x01\xd6l\x01\x00P\xde\xa0\x00^\xc0^\xc0\x01\xdeX\x01^\x9f^\x9f\x04\xecX\x01\xd6h\x01\x00P\xdf\xa0\x00_\xc0_\xc0\x01\xdfX\x01_\x9f_\x9f\x04\xe8X\x01\xd6""d\x01\x00P\xe0\xa0\x00`\xc0`\xc0\x01\xe0X\x01`\x9f`\x9f\x04\xe4X\x01\xd6I\x01\x00P\xe1\xa0\x00""a\xc0""a\xc0\x01\xe1X\x01""a\x9f""a\x9f\x04\xc9X\x01\xd6J\x01\x00P\xe2\xa0\x00""b\xc0""b\xc0\x01\xe2X\x01""b\x9f""b\x9f\x04\xcaX\x01\xd6K\x01\x00P\xe3\xa0\x00""c\xc0""c\xc0\x01\xe3X\x01""c\x9f""c\x9f\x04\xcbX\x01\xd6L\x01\x00P\xe5\xa0\x00""e\xc0""e\xc0\x01\xe5X\x01""e\x9f""e\x9f\x04\xccX\x01\xd6M\x01\x00P\xe6\xa0\x00""f\xc0""f\xc0\x01\xe6X\x01""f\x9f""f\x9f\x04\xcdX\x01\xd6N\x01\x00P\xe7\xa0\x00g\xc0g\xc0\x01\xe7X\x01g\x9fg\x9f\x04\xceX\x01\xd6O\x01\x00P\xe9\xa0\x00i\xc0i\xc0\x01\xe9X\x01i\x9fi\x9f\x04\xcfX\x01\xd6p\x01\x00P\xea\xa0\x00j\xc0j\xc0\x01\xeaX\x01j\x9fj\x9f\x04\xf0X\x01\xd6q\x01\x00P\xeb\xa0\x00k\xc0k\xc0\x01\xebX\x01k\x9fk\x9f\x04\xf1X\x01\xd6t\x01\x00P\xed\xa0\x00m\xc0m\xc0\x01\xedX\x01m\x9fm\x9f\x04\xf4X\x01\xd6u\x01\x00P\xee\xa0\x00n\xc0n\xc0\x01\xeeX\x01n\x9fn\x9f\x04\xf5X\x01\xd6}\x01\x00P\xef\xa0\x00o\xc0o\xc0\x01\xefX\x01o\x9fo\x9f\x04\xfdX\x01y\x00\x00\x00\x00\xf8\x91\x00{\x00\x00\x00\x00\xfa\x91\x00w\x00\x00\x00\x00\xf6\x91\x00s\x00\x00\x00\x00\xf2\x91\x00""B\x00\x00\x00\x00\xf9\x91\x00""A\x00\x00\x00\x00\xfb\x91\x00@\x00\x00\x00\x00\xf7\x91\x00""D\x00\x00\x00\x00\xf3\x91P\xe2\x10\x00""8\xf8\xa0`\x02\xe2\x00\x00\xb8\xf8\x84`\x02u\x00\x19\x00\x0c\xde\x90\x00^\xa0\xda\x02\x00\xde\xb2\x00^\x00\x1c\xc0\x0c\xde\x90\x00^\xa1^\xa1\x04\xdeP\x01^\x00\x19\x00\x0c\xde\x90\x00^\xa2\xc0\x00\x04\xde\xb2\x00^\x00\x1c\x00\x0c\xde\x90\x00^\x00\x19\x00\x0c\xde\x90\x00\xe2\x10\x02[\x02^a\x02;\x00\x19\x00\x0c\xc1\x90\x00:\x00\x19\x00\x0c\xd0\x90\x00""A\x10\x00\x00\x10\xd2\xa4\x00""9\x00\x19\x00\x0c\xdb\x90\x00""8\x00\x19\x00\x0c\xd7\x90\x00[\x17\x00\x00\x10\xd9\xa4\x00""7\x00\x19\x00\x0c\xdc\x90\x00""6\x00\x19\x00\x0c\xd4\x90\x00\x5c\x14\x00\x00\x10\xd5\xa4\x00""3\x00\x19\x00\x0c\xdd\x90\x00""2\x00\x19\x00\x0c\xd6\x90\x00]\x16\x00\x00\x10\xd8\xa4\x00}\x00\x19\x00\x0c\xc0\x90\x00\xe2 \x00\xb8\xf8\xbc`\x02@\xa0\xda\x02\x00\xc0\xb2\x00@\x00\x1c\xc0\x0c\xc0\x90\x00@\xa1@\xa1\x04\xc0P\x01@\x00\x19\x00\x0c\xc0\x90\x00@\xa2\xc0\x00\x04\xc0\xb2\x00@\x00\x1c\x00\x0c\xc0\x90\x00@\x00\x19\x00\x0c\xc0\x90\x00\xe2\x14\x02[\x02@a\x02t\x00\x19\x00\x0c\xe7\x90\x00g\xa0\xda\x02\x00\xe7\xb2\x00g\x00\x1c\xc0\x0c\xe7\x90\x00g\xa1g\xa1\x04\xe7P\x01g\x00\x19\x00\x0c\xe7\x90\x00g\xa2\xc0\x00\x04\xe7\xb2\x00g\x00\x1c\x00\x0c\xe7\x90\x00g\x00\x19\x00\x0c\xe7\x90\x00\xe2<\x02[\x02ga\x02q\x00\x19\x00\x0c\xef\x90\x00o\xa0\xda\x02\x00\xef\xb2\x00o\x00\x1c\xc0\x0c\xef\x90\x00o\xa1o\xa1\x04\xefP\x01o\x00\x19\x00\x0c\xef\x90\x00o\xa2\xc0\x00\x04\xef\xb2\x00o\x00\x1c\x00\x0c\xef\x90\x00o\x00\x19\x00\x0c\xef\x90\x00\xe2@\x02[\x02oa\x02p\x00\x19\x00\x0c\xf0\x90\x00p\xa0\xda\x02\x00\xf0\xb2\x00p\x00\x1c\xc0\x0c\xf0\x90\x00p\xa1p\xa1\x04\xf0P\x01p\x00\x19\x00\x0c\xf0\x90\x00p\xa2\xc0\x00\x04\xf0\xb2\x00p\x00\x1c\x00\x0c\xf0\x90\x00p\x00\x19\x00\x0c\xf0\x90\x00\xe2""D\x02[\x02pa\x02N\x00\x19\x00\x0c\xd1\x90\x00Q\xa0\xda\x02\x00\xd1\xb2\x00Q\x00\x1c\xc0\x0c\xd1\x90\x00Q\xa1Q\xa1\x04\xd1P\x01Q\x00\x19\x00\x0c\xd1\x90\x00Q\xa2\xc0\x00\x04\xd1\xb2\x00Q\x00\x1c\x00\x0c\xd1\x90\x00K\x00\x19\x00\x0c\xcb\x90\x00K\xa0\xda\x02\x00\xcb\xb2\x00K\x00\x1c\xc0\x0c\xcb\x90\x00K\xa1K\xa1\x04\xcbP\x01K\x00\x19\x00\x0c\xcb\x90\x00K\xa2\xc0\x00\x04\xcb\xb2\x00K\x00\x1c\x00\x0c\xcb\x90\x00K\x00\x19\x00\x0c\xcb\x90\x00J\x00\x19\x00\x0c\xca\x90\x00J\xa0\xda\x02\x00\xca\xb2\x00J\x00\x1c\xc0\x0c\xca\x90\x00J\xa1J\xa1\x04\xcaP\x01J\x00\x19\x00\x0c\xca\x90\x00J\xa2\xc0\x00\x04\xca\xb2\x00J\x00\x1c\x00\x0c\xca\x90\x00J\x00\x19\x00\x0c\xca\x90\x00I\x00\x19\x00\x0c\xc9\x90\x00I\xa0\xda\x02\x00\xc9\xb2\x00I\x00\x1c\xc0\x0c\xc9\x90\x00I\xa1I\xa1\x04\xc9P\x01I\x00\x19\x00\x0c\xc9\x90\x00I\xa2\xc0\x00\x04\xc9\xb2\x00I\x00\x1c\x00\x0c\xc9\x90\x00I\x00\x19\x00\x0c\xc9\x90\x00Z\x00\x19\x00\x0c\xda\x90\x00Z\xa0\xda\x02\x00\xda\xb2\x00Z\x00\x1c\xc0\x0c\xda\x90\x00Z\xa1Z\xa1\x04\xdaP\x01Z\x00\x19\x00\x0c\xda\x90\x00Z\xa2\xc0\x00\x04\xda\xb2\x00Z\x00\x1c\x00\x0c\xda\x90\x00^\x9e\xc0\x00\x04\xde\xb2\x00\x1e\x19\x17\x00\x00\xdf\xb2\x00_\xd7\x02""D\x01\xdf\xa4\x00_\x00\x0c\xc0\x0c\xdf\x90\x00\x1e\x12\x10\x00\x00\xe5\xb2\x00""e\xd7\x02""D\x01\xe5\xa4\x00""e\x00\x0c\xc0\x0c\xe5\x90\x00\x1e\x15\x14\x00\x00\xe6\xb2\x00""f\xd7\x02""D\x01\xe6\xa4\x00""f\x00\x0c\xc0\x0c\xe6\x90\x00^\x18\x16\x00\x00\xde\xb2\x00^\xd7\x02""D\x01\xde\xa4\x00^\x00\x0c\xc0\x0c\xde\x90\x08""c^\x01\x00\x00\xde\xa0\x00\xe2`\x02[\x02^a\x02`_\x01\x00\x00\xdf\xa0\x00\xe2T\x02[\x02_a\x02\xe2""0\x00""8\xf8\x9c`\x02""ae\x01\x00\x00\xe5\xa0\x00\xe2X\x02[\x02""ea\x02""bf\x01\x00\x00\xe6\xa0\x00\xe2\x5c\x02[\x02""fa\x02\xe2@\x00x\xf8\xa0`\x02@\x9e\xc0\x00\x04\xc0\xb2\x00\x00\x12\x10\x00\x00\xc1\xb2\x00""A\xd7\x02""D\x01\xc1\xa4\x00""A\x00\x0c\xc0\x0c\xc1\x90 EA\x01\x00\x00\xc1\xa0\x00""A\x00\x00\x00\x00\xed\x91\x00\x00\x19\x17\x00\x00\xc1\xb2\x00""A\xd7\x02""D\x01\xc1\xa4\x00""A\x00\x0c\xc0\x0c\xc1\x90\x00""DA\x01\x00\x00\xc1\xa0\x00""A\x00\x00\x00\x00\xe9\x91\x00\x00\x15\x14\x00\x00\xc1\xb2\x00""A\xd7\x02""D\x01\xc1\xa4\x00""A\x00\x0c\xc0\x0c\xc1\x90\x00@\x18\x16\x00\x00\xc0\xb2\x00@\xd7\x02""D\x01\xc0\xa4\x00@\x00\x0c\xc0\x0c\xc0\x90\x00G@\x01\x00\x00\xc0\xa0\x00\xe2L\x02[\x02@a\x02g\x9e\xc0\x00\x04\xe7\xb2\x00'\x15\x14\x00\x00\xee\xb2\x00n\xd7\x02""D\x01\xee\xa4\x00n\x00\x0c\xc0\x0c\xee\x90\x00'\x19\x17\x00\x00\xea\xb2\x00j\xd7\x02""D\x01\xea\xa4\x00j\x00\x0c\xc0\x0c\xea\x90\x00'\x12\x10\x00\x00\xeb\xb2\x00k\xd7\x02""D\x01\xeb\xa4\x00k\x00\x0c\xc0\x0c\xeb\x90\x00g\x18\x16\x00\x00\xe7\xb2\x00g\xd7\x02""D\x01\xe7\xa4\x00g\x00\x0c\xc0\x0c\xe7\x90\x00\x7fg\x01\x00\x00\xe7\xa0\x00\xe2\x18\x02[\x02ga\x02o\x9e\xc0\x00\x04\xef\xb2\x00\x2f\x19\x17\x00\x00\xc2\xb2\x00""B\xd7\x02""D\x01\xc2\xa4\x00""B\x00\x0c\xc0\x0c\xc2\x90\x00\x2f\x15\x14\x00\x00\xc8\xb2\x00H\xd7\x02""D\x01\xc8\xa4\x00H\x00\x0c\xc0\x0c\xc8\x90\x08^H\x01\x00\x00\xc8\xa0\x00\xe2t\x02\x1b\x02Ha\x02p\x9e\xc0\x00\x04\xf0\xb2\x00""0\x19\x17\x00\x00\xf1\xb2\x00q\xd7\x02""D\x01\xf1\xa4\x00q\x00\x0c\xc0\x0c\xf1\x90\x00""0\x12\x10\x00\x00\xf4\xb2\x00t\xd7\x02""D\x01\xf4\xa4\x00t\x00\x0c\xc0\x0c\xf4\x90\x00""0\x15\x14\x00\x00\xf5\xb2\x00u\xd7\x02""D\x01\xf5\xa4\x00u\x00\x0c\xc0\x0c\xf5\x90\x00p\x18\x16\x00\x00\xf0\xb2\x00p\xd7\x02""D\x01\xf0\xa4\x00p\x00\x0c\xc0\x0c\xf0\x90\x10""cp\x01\x00\x00\xf0\xa0\x00\xe2\x88\x02[\x02pa\x02\x2f\x12\x10\x00\x00\xc4\xb2\x00""D\xd7\x02""D\x01\xc4\xa4\x00""D\x00\x0c\xc0\x0c\xc4\x90\x00o\x18\x16\x00\x00\xef\xb2\x00o\xd7\x02""D\x01\xef\xa4\x00o\x00\x0c\xc0\x0c\xef\x90\x00_o\x01\x00\x00\xef\xa0\x00\xe2x\x02[\x02oa\x02~n\x01\x00\x00\xee\xa0\x00\xe2l\x02\x9b\x02na\x02`q\x01\x00\x00\xf1\xa0\x00\xe2|\x02[\x02qa\x02\xe2P\x00""8\xf8\xae`\x02|j\x01\x00\x00\xea\xa0\x00\xe2""d\x02\x9b\x02ja\x02O\x00\x19\x00\x0c\xfc\x90\x00|\xa0\xda\x02\x00\xfc\xb2\x00|\x00\x1c\xc0\x0c\xfc\x90\x00|\xa1|\xa1\x04\xfcP\x01|\x00\x19\x00\x0c\xfc\x90\x00|\xa2\xc0\x00\x04\xfc\xb2\x00|\x00\x1c\x00\x0c\xfc\x90\x00|\x00\x19\x00\x0c\xfc\x90\x00\xe2P\x02[\x02|a\x02|\x9e\xc0\x00\x04\xfc\xb2\x00<\x12\x10\x00\x00\xfe\xb2\x00~\xd7\x02""D\x01\xfe\xa4\x00~\x00\x0c\xc0\x0c\xfe\x90\x00}k\x01\x00\x00\xeb\xa0\x00\xe2h\x02\x9b\x02ka\x02<\x19\x17\x00\x00\xfd\xb2\x00}\xd7\x02""D\x01\xfd\xa4\x00}\x00\x0c\xc0\x0c\xfd\x90\x00<\x15\x14\x00\x00\xff\xb2\x00\x7f\xd7\x02""D\x01\xff\xa4\x00\x7f\x00\x0c\xc0\x0c\xff\x90\x00|\x18\x16\x00\x00\xfc\xb2\x00|\xd7\x02""D\x01\xfc\xa4\x00|\x00\x0c\xc0\x0c\xfc\x90\x08q|\x01\x00\x00\xfc\xa0\x00\xe2\x98\x02[\x02|a\x02n}\x01\x00\x00\xfd\xa0\x00\xe2\x8c\x02\x9b\x02}a\x02o~\x01\x00\x00\xfe\xa0\x00\xe2\x90\x02\x9b\x02~a\x02p\x7f\x01\x00\x00\xff\xa0\x00\xe2\x94\x02\x9b\x02\x7f""a\x02\xe2`\x00""8\xf8\xbc`\x02""at\x01\x00\x00\xf4\xa0\x00\xe2\x80\x02\x9b\x02ta\x02""bu\x01\x00\x00\xf5\xa0\x00\xe2\x84\x02\x9b\x02ua\x02\xe2p\x00x\xf8\xa0`\x02]D\x01\x00\x00\xc4\xa0\x00\xe2p\x02\x9b\x02""Da\x02M\x00\x19\x00\x0c\xdd\x90\x00]\xa0\xda\x02\x00\xdd\xb2\x00]\x00\x1c\xc0\x0c\xdd\x90\x00]\xa1]\xa1\x04\xddP\x01]\x00\x19\x00\x0c\xdd\x90\x00]\xa2\xc0\x00\x04\xdd\xb2\x00]\x00\x1c\x00\x0c\xdd\x90\x00h\x00\x19\x00\x0c\xcd\x90\x00M\xa0\xda\x02\x00\xcd\xb2\x00M\x00\x1c\xc0\x0c\xcd\x90\x00M\xa1M\xa1\x04\xcdP\x01M\x00\x19\x00\x0c\xcd\x90\x00M\xa2\xc0\x00\x04\xcd\xb2\x00M\x00\x1c\x00\x0c\xcd\x90\x00Q\x00\x19\x00\x0c\xef\x90\x00\x2f\x9e\xc0\x00\x04\xc0\xb2\x00\x00\x19\x17\x00\x00\xd3\xb2\x00S\xd7\x02""D\x01\xd3\xa4\x00S\x00\x0c\xc0\x0c\xd3\x90\x00\x00\x12\x10\x00\x00\xdb\xb2\x00[\xd7\x02""D\x01\xdb\xa4\x00[\x00\x0c\xc0\x0c\xdb\x90\x08}[\x01\x00\x00\xdb\xa0\x00\xe2\xa0\x02\x9b\x02[a\x02""FA\x01\x00\x00\xc1\xa0\x00\xe2H\x02\x9b\x02""Aa\x02|S\x01\x00\x00\xd3\xa0\x00\xe2\x9c\x02\x9b\x02Sa\x02]\x00\x19\x00\x0c\xfc\x90\x00<\x9e\xc0\x00\x04\xc1\xb2\x00\x01\x19\x17\x00\x00\xde\xb2\x00^\xd7\x02""D\x01\xde\xa4\x00^\x00\x0c\xc0\x0c\xde\x90\x10`^\x01\x00\x00\xde\xa0\x00\xe2\xa8\x02\x9b\x02^a\x02\x5c""B\x01\x00\x00\xc2\xa0\x00\xe2\x1c\x02\x9b\x02""Ba\x02\x00\x15\x14\x00\x00\xdc\xb2\x00\x5c\xd7\x02""D\x01\xdc\xa4\x00\x5c\x00\x0c\xc0\x0c\xdc\x90\x00@\x18\x16\x00\x00\xc0\xb2\x00@\xd7\x02""D\x01\xc0\xa4\x00@\x00\x0c\xc0\x0c\xc0\x90\x00\x7f@\x01\x00\x00\xc2\xa0\x00""B\x00\x09\x00\x0c\xc2\x90\x00""B\x9e\xc0\x00\x04\xc2\xb2\x00\x01\x15\x14\x00\x00\xc0\xb2\x00@\xd7\x02""D\x01\xc0\xa4\x00@\x00\x0c\xc0\x0c\xc0\x90\x00""b@\x01\x00\x00\xc0\xa0\x00@\x00\x09\x00\x0c\xc0\x90\x00@\x9e\xc0\x00\x04\xc0\xb2\x00\x01\x12\x10\x00\x00\xdf\xb2\x00_\xd7\x02""D\x01\xdf\xa4\x00_\x00\x0c\xc0\x0c\xdf\x90\x00""A\x18\x16\x00\x00\xc1\xb2\x00""A\xd7\x02""D\x01\xc1\xa4\x00""A\x00\x0c\xc0\x0c\xc1\x90\x00""cA\x01\x00\x00\xc1\xa0\x00""A\x00\x09\x00\x0c\xc1\x90\x00""A\x9e\xc0\x00\x04\xc1\xb2\x00~\x5c\x01\x00\x00\xdc\xa0\x00\xe2\xa4\x02\x9b\x02\x5c""a\x02""a_\x01\x00\x00\xc4\xa0\x00""D\x00\x09\x00\x0c\xc4\x90\x00""D\x9e\xc0\x00\x04\xc4\xb2\x00\xe2\x80\x00""8\xf8\x9c`\x02L\x00\x19\x00\x0c\xe0\x90\x00`\xa0\xda\x02\x00\xe0\xb2\x00`\x00\x1c\xc0\x0c\xe0\x90\x00`\xa1`\xa1\x04\xe0P\x01`\x00\x19\x00\x0c\xe0\x90\x00`\xa2\xc0\x00\x04\xe0\xb2\x00`\x00\x1c\x00\x0c\xe0\x90\x00`\x00\x19\x00\x0c\xc6\x90\x00\x06\x9e\xc0\x00\x04\xe1\xb2\x00!\x19\x17\x00\x00\xe2\xb2\x00""b\xd7\x02""D\x01\xe2\xa4\x00""b\x00\x0c\xc0\x0c\xe2\x90\x00!\x12\x10\x00\x00\xe3\xb2\x00""c\xd7\x02""D\x01\xe3\xa4\x00""c\x00\x0c\xc0\x0c\xe3\x90\x00!\x15\x14\x00\x00\xc5\xb2\x00""E\xd7\x02""D\x01\xc5\xa4\x00""E\x00\x0c\xc0\x0c\xc5\x90\x00""a\x18\x16\x00\x00\xe1\xb2\x00""a\xd7\x02""D\x01\xe1\xa4\x00""a\x00\x0c\xc0\x0c\xe1\x90\x00\x0b\x9e\xc0\x00\x04\xe5\xb2\x00%\x19\x17\x00\x00\xe6\xb2\x00""f\xd7\x02""D\x01\xe6\xa4\x00""f\x00\x0c\xc0\x0c\xe6\x90\x08\x5c""b\x01\x00\x00\xc7\xa0\x00]c\x01\x00\x00\xc8\xa0\x00_a\x01\x00\x00\xfd\xa0\x00}\x00\x09\x00\x0c\xfd\x90\x00}\x9e\xc0\x00\x04\xfd\xb2\x00\xe2\x90\x00x\xf8\xa0`\x02^E\x01\x00\x00\xc5\xa0\x00\xe2\xa0\x00""8\xf8\x9c`\x02%\x12\x10\x00\x00\xe7\xb2\x00g\xd7\x02""D\x01\xe7\xa4\x00g\x00\x0c\xc0\x0c\xe7\x90\x00%\x15\x14\x00\x00\xea\xb2\x00j\xd7\x02""D\x01\xea\xa4\x00j\x00\x0c\xc0\x0c\xea\x90\x00""e\x18\x16\x00\x00\xe5\xb2\x00""e\xd7\x02""D\x01\xe5\xa4\x00""e\x00\x0c\xc0\x0c\xe5\x90\x00\x0a\x9e\xc0\x00\x04\xeb\xb2\x00+\x19\x17\x00\x00\xce\xb2\x00N\xd7\x02""D\x01\xce\xa4\x00N\x00\x0c\xc0\x0c\xce\x90\x00+\x12\x10\x00\x00\xcf\xb2\x00O\xd7\x02""D\x01\xcf\xa4\x00O\x00\x0c\xc0\x0c\xcf\x90\x00\x09\x9e\xc0\x00\x04\xf1\xb2\x00""1\x15\x14\x00\x00\xfe\xb2\x00~\xd7\x02""D\x01\xfe\xa4\x00~\x00\x0c\xc0\x0c\xfe\x90\x00+\x15\x14\x00\x00\xf0\xb2\x00p\xd7\x02""D\x01\xf0\xa4\x00p\x00\x0c\xc0\x0c\xf0\x90\x00k\x18\x16\x00\x00\xeb\xb2\x00k\xd7\x02""D\x01\xeb\xa4\x00k\x00\x0c\xc0\x0c\xeb\x90\x08_k\x01\x00\x00\xdf\xa0\x10`f\x01\x00\x00\xff\xa0\x00""ag\x01\x00\x00\xd1\xa0\x00Q\x00\x09\x00\x0c\xd1\x90\x00Q\x9e\xc0\x00\x04\xd1\xb2\x00""bj\x01\x00\x00\xd3\xa0\x00""ce\x01\x00\x00\xee\xa0\x00\xe2\xb0\x00""8\xf8\xa0`\x02\x5cN\x01\x00\x00\xdb\xa0\x00""d\x00\x19\x00\x0c\xdc\x90\x00\x5c\xa0\xda\x02\x00\xdc\xb2\x00\x5c\x00\x1c\xc0\x0c\xdc\x90\x00\x5c\xa1\x5c\xa1\x04\xdcP\x01\x5c\x00\x19\x00\x0c\xdc\x90\x00\x5c\xa2\xc0\x00\x04\xdc\xb2\x00\x5c\x00\x1c\x00\x0c\xdc\x90\x00\xe2\xc0\x00x\xf8\xa4`\x02""1\x19\x17\x00\x00\xf4\xb2\x00t\xd7\x02""D\x01\xf4\xa4\x00t\x00\x0c\xc0\x0c\xf4\x90\x00]O\x01\x00\x00\xdd\xa0\x00i\x00\x00\x00\x00\xcf\x91\x00""1\x12\x10\x00\x00\xf5\xb2\x00u\xd7\x02""D\x01\xf5\xa4\x00u\x00\x0c\xc0\x0c\xf5\x90\x00q\x18\x16\x00\x00\xf1\xb2\x00q\xd7\x02""D\x01\xf1\xa4\x00q\x00\x0c\xc0\x0c\xf1\x90\x00^p\x01\x00\x00\xde\xa0\x08""cq\x01\x00\x00\xe3\xa0\x00""b~\x01\x00\x00\xe2\xa0\x00\x5c\x00\x19\x00\x0c\xfe\x90\x00>\x9e\xc0\x00\x04\xcc\xb2\x00\x0c\x12\x10\x00\x00\xea\xb2\x00j\xd7\x02""D\x01\xea\xa4\x00j\x00\x0c\xc0\x0c\xea\x90\x00\x0c\x15\x14\x00\x00\xeb\xb2\x00k\xd7\x02""D\x01\xeb\xa4\x00k\x00\x0c\xc0\x0c\xeb\x90\x00M\x00\x19\x00\x0c\xdc\x90\x10""fk\x01\x00\x00\xe6\xa0\x00`t\x01\x00\x00\xe0\xa0\x00""ej\x01\x00\x00\xf4\xa0\x00\xe2\xd0\x00""8\xf8\xa8`\x02""au\x01\x00\x00\xf5\xa0\x00\x0c\x19\x17\x00\x00\xe1\xb2\x00""a\xd7\x02""D\x01\xe1\xa4\x00""a\x00\x0c\xc0\x0c\xe1\x90\x00L\x18\x16\x00\x00\xcc\xb2\x00L\xd7\x02""D\x01\xcc\xa4\x00L\x00\x0c\xc0\x0c\xcc\x90\x00gL\x01\x00\x00\xe7\xa0\x00\x1c\x9e\xc0\x00\x04\xcc\xb2\x00\x0c\x19\x17\x00\x00\xce\xb2\x00N\xd7\x02""D\x01\xce\xa4\x00N\x00\x0c\xc0\x0c\xce\x90\x00\x0c\x12\x10\x00\x00\xf0\xb2\x00p\xd7\x02""D\x01\xf0\xa4\x00p\x00\x0c\xc0\x0c\xf0\x90\x00\x0c\x15\x14\x00\x00\xf1\xb2\x00q\xd7\x02""D\x01\xf1\xa4\x00q\x00\x0c\xc0\x0c\xf1\x90\x00L\x18\x16\x00\x00\xcc\xb2\x00L\xd7\x02""D\x01\xcc\xa4\x00L\x00\x0c\xc0\x0c\xcc\x90\x00""da\x01\x00\x00\xe4\xa0\x00l\x00\x19\x00\x0c\xe1\x90\x00""a\xa0\xda\x02\x00\xe1\xb2\x00""a\x00\x1c\xc0\x0c\xe1\x90\x00""a\xa1""a\xa1\x04\xe1P\x01""a\x00\x19\x00\x0c\xe1\x90\x00""a\xa2\xc0\x00\x04\xe1\xb2\x00""a\x00\x1c\x00\x0c\xe1\x90\x00""a\x00\x19\x00\x0c\xe1\x90\x00O\x00\x00\x00\x00\xec\x91\x08hN\x01\x00\x00\xe8\xa0\x00jq\x01\x00\x00\xf1\xa0\x00kL\x01\x00\x00\xea\xa0\x00\xe2\xe0\x00""8\xf8\x8c`\x02ip\x01\x00\x00\xe9\xa0\x00!\x9e\xc0\x00\x04\xf0\xb2\x00""0\x19\x17\x00\x00\xe5\xb2\x00""e\xd7\x02""D\x01\xe5\xa4\x00""e\x00\x0c\xc0\x0c\xeb\x90\x00l\x00\x00\x00\x00\xe5\x91\x08Lk\x01\x00\x00\xeb\xa0\x00""0\x12\x10\x00\x00\xcc\xb2\x00L\xd7\x02""D\x01\xcc\xa4\x00L\x00\x0c\xc0\x0c\xcc\x90\x00ML\x01\x00\x00\xec\xa0\x00""0\x15\x14\x00\x00\xcc\xb2\x00L\xd7\x02""D\x01\xcc\xa4\x00L\x00\x0c\xc0\x0c\xcc\x90\x00p\x18\x16\x00\x00\xf0\xb2\x00p\xd7\x02""D\x01\xf0\xa4\x00p\x00\x0c\xc0\x0c\xf0\x90\x00Op\x01\x00\x00\xf0\xa0\x00m\x00\x00\x00\x00\xcd\x91\x00NL\x01\x00\x00\xed\xa0\x00""e\x00\x00\x00\x00\xce\x91\x00Z\x00\x19\x00\x0c\xe5\x90\x00%\x9e\xc0\x00\x04\xcc\xb2\x00\x0cRP\x00\x00\xd0\xb2\x00P\xd7\x02""D\x01\xd0\xa4\x00P\x00\x0c\xc0\x0c\xd0\x90\x00M\x00\x00\x00\x00\xda\x91\x00\x0cUT\x00\x00\xd4\xb2\x00T\xd7\x02""D\x01\xd2\xa4\x00R\x00\x0c\xc0\x0c\xd2\x90\x00\x0cXV\x00\x00\xd6\xb2\x00V\xd7\x02""D\x01\xd4\xa4\x00T\x00\x0c\xc0\x0c\xd4\x90 \xe2H\x02X\x82\x96`\x02LYW\x00\x00\xcf\xb2\x00O\xd7\x02""D\x01\xd7\xa4\x00W\x00\x0c\xc0\x0c\xd8\x90\x00N\x00\x00\x00\x00\xd9\x91\x00Y\x00\x00\x00\x00\xd5\x91\x00U\x00\x09\x00\x0c\xd5\x90\x00U\x9e\xc0\x00\x04\xd5\xb2\x00UU\xc0\x00\x04\xd5\xb2\x00\xe2\xf0\x00""8\xf8\x8c`\x02\xe2L\x02\x98\x82\x97`\x02\xe2X\x02\x98\x82\x99`\x12V\x00\x09\x00\x0c\xd6\x90\x00V\x9e\xc0\x00\x04\xd6\xb2\x08LX\x01\x00\x00\xcc\xa0\x00\xe2T\x02\x18\x82\x98`\x02MP\x01\x00\x00\xcd\xa0\x00Z\x00\x00\x00\x00\xd0\x91\x00P\x00\x09\x00\x0c\xd0\x90\x00P\x9e\xc0\x00\x04\xd0\xb2\x00PPU\x00\x00\xd0\xb2\x00VVP\x00\x00\xd0\xb2\x00\xe2\x5c\x02X\x82\x9a`\x02\xe2""d\x02X\x82\x95`\x02\xe2h\x02X\x82\x96`\x02OT\x01\x00\x00\xcf\xa0\x00\xe2`\x02X\x82\x94`\x22W\x00\x09\x00\x0c\xd7\x90\x00W\x9e\xc0\x00\x04\xd7\xb2\x00WWP\x00\x00\xd0\xb2\x00\xe2l\x02\x98\x82\x97`\x02Y\x00\x09\x00\x0c\xd9\x90\x00Y\x9e\xc0\x00\x04\xd9\xb2\x00NR\x01\x00\x00\xce\xa0\x00S\x00\x09\x00\x0c\xd2\x90\x00R\x9e\xc0\x00\x04\xd2\xb2\x00n\x00\x09\x00\x0c\xd3\x90\x00S\x9e\xc0\x00\x04\xd3\xb2\x00O\x00\x09\x00\x0c\xee\x90\x08X\x00\x09\x00\x0c\xd8\x90\x00X\x9e\xc0\x00\x04\xd8\xb2\x00XXP\x00\x00\xd0\xb2\x00YYP\x00\x00\xd0\xb2\x00\xe2\x18\x02(\xf4\x98`\x12Z\x00\x09\x00\x0c\xda\x90\x00Z\x9e\xc0\x00\x04\xda\xb2\x00ZZP\x00\x00\xd0\xb2\x00\xe2p\x02X\x82\x9a`\x02T\x00\x09\x00\x0c\xd4\x90\x00T\x9e\xc0\x00\x04\xd4\xb2\x00TTP\x00\x00\xd0\xb2\x00\xe2t\x02\x98\x82\x94`\x02U\x00\x09\x00\x0c\xd5\x90\x00U\x9e\xc0\x00\x04\xd5\xb2\x00UUP\x00\x00\xd0\xb2\x00\xe2x\x02\x98\x82\x95`\x02V\x00\x09\x00\x0c\xd6\x90\x00V\x9e\xc0\x00\x04\xd6\xb2\x00VVP\x00\x00\xd0\xb2\x00\xe2|\x02\x98\x82\x96`\x22W\x00\x09\x00\x0c\xd7\x90\x00W\x9e\xc0\x00\x04\xd7\xb2\x00WWP\x00\x00\xd0\xb2\x00\xe2\x80\x02\x98\x82\x97`\x0aX\x00\x09\x00\x0c\xd8\x90\x00X\x9e\xc0\x00\x04\xd8\xb2\x00XXP\x00\x00\xd0\xb2\x00\xe2\x84\x02\x18\x82\x98`\x02Y\x00\x09\x00\x0c\xd9\x90\x00Y\x9e\xc0\x00\x04\xd9\xb2\x00YYP\x00\x00\xd0\xb2\x00\xe2\x88\x02\x18\x82\x99`\x12Z\x00\x09\x00\x0c\xda\x90\x00Z\x9e\xc0\x00\x04\xda\xb2\x00ZZP\x00\x00\xd0\xb2\x00\xe2\x8c\x02X\x82\x9a`\x22T\x00\x09\x00\x0c\xd4\x90\x00T\x9e\xc0\x00\x04\xd4\xb2\x00TTP\x00\x00\xd0\xb2\x00\xe2\x90\x02\x98\x82\x94`\x02U\x00\x09\x00\x0c\xd5\x90\x00U\x9e\xc0\x00\x04\xd5\xb2\x00UUP\x00\x00\xd0\xb2\x00\xe2\x94\x02\x98\x82\x95`\x02V\x00\x09\x00\x0c\xd6\x90\x00V\x9e\xc0\x00\x04\xd6\xb2\x00VVP\x00\x00\xd0\xb2\x00\xe2\x98\x02\x98\x82\x96`\x02W\x00\x09\x00\x0c\xd7\x90\x00W\x9e\xc0\x00\x04\xd7\xb2\x00WWP\x00\x00\xd0\xb2\x00\xe2\x9c\x02\x98\x82\x97`\x0aX\x00\x09\x00\x0c\xd8\x90\x00X\x9e\xc0\x00\x04\xd8\xb2\x00XXP\x00\x00\xd0\xb2\x00\xe2\xa0\x02\x18\x82\x98`\x02Y\x00\x09\x00\x0c\xd9\x90\x00Y\x9e\xc0\x00\x04\xd9\xb2\x00YYP\x00\x00\xd0\xb2\x00\xe2\xa4\x02\x18\x82\x99`\x12Z\x00\x09\x00\x0c\xda\x90\x00Z\x9e\xc0\x00\x04\xda\xb2\x00ZZP\x00\x00\xd0\xb2\x00\xe2\xa8\x02X\x82\x9a`\x22T\x00\x09\x00\x0c\xd4\x90\x00T\x9e\xc0\x00\x04\xd4\xb2\x00TTP\x00\x00\xd0\xb2\x00[\x00\x09\x00\x0c\xd4\x90\x00T\x9e\xc0\x00\x04\xd4\xb2\x00""c\x00\x09\x00\x0c\xdb\x90\x00[\x9e\xc0\x00\x04\xdb\xb2\x00i\x00\x09\x00\x0c\xe3\x90\x00""c\x9e\xc0\x00\x04\xe3\xb2\x00m\x00\x09\x00\x0c\xe9\x90\x00i\x9e\xc0\x00\x04\xe9\xb2\x00N\x00\x09\x00\x0c\xed\x90\x00m\x9e\xc0\x00\x04\xed\xb2\x00U\x00\x09\x00\x0c\xd5\x90\x00U\x9e\xc0\x00\x04\xd5\xb2\x00UUP\x00\x00\xd0\xb2\x00]\x00\x09\x00\x0c\xd5\x90\x00U\x9e\xc0\x00\x04\xd5\xb2\x00""d\x00\x09\x00\x0c\xdd\x90\x00]\x9e\xc0\x00\x04\xdd\xb2\x00q\x00\x09\x00\x0c\xe4\x90\x00""d\x9e\xc0\x00\x04\xe4\xb2\x00V\x00\x09\x00\x0c\xd6\x90\x00V\x9e\xc0\x00\x04\xd6\xb2\x00VVP\x00\x00\xd0\xb2\x00^\x00\x09\x00\x0c\xd6\x90\x00V\x9e\xc0\x00\x04\xd6\xb2\x00t\x00\x09\x00\x0c\xde\x90\x00^\x9e\xc0\x00\x04\xde\xb2\x00W\x00\x09\x00\x0c\xd7\x90\x00W\x9e\xc0\x00\x04\xd7\xb2\x00WWP\x00\x00\xd0\xb2\x00_\x00\x09\x00\x0c\xd7\x90\x00W\x9e\xc0\x00\x04\xd7\xb2\x00""f\x00\x09\x00\x0c\xdf\x90\x00_\x9e\xc0\x00\x04\xdf\xb2\x00j\x00\x09\x00\x0c\xe6\x90\x00""f\x9e\xc0\x00\x04\xe6\xb2\x00p\x00\x09\x00\x0c\xea\x90\x00j\x9e\xc0\x00\x04\xea\xb2\x08X\x00\x09\x00\x0c\xd8\x90\x00X\x9e\xc0\x00\x04\xd8\xb2\x00XXP\x00\x00\xd0\xb2\x00`\x00\x09\x00\x0c\xd8\x90\x00X\x9e\xc0\x00\x04\xd8\xb2\x00g\x00\x09\x00\x0c\xe0\x90\x00`\x9e\xc0\x00\x04\xe0\xb2\x00k\x00\x09\x00\x0c\xe7\x90\x00g\x9e\xc0\x00\x04\xe7\xb2\x00L\x00\x09\x00\x0c\xeb\x90\x00k\x9e\xc0\x00\x04\xeb\xb2\x00Y\x00\x09\x00\x0c\xd9\x90\x00Y\x9e\xc0\x00\x04\xd9\xb2\x00YYP\x00\x00\xd0\xb2\x00""BBP\x00\x00\xc2\xb2\x00\x7f\x00\x09\x00\x0c\xd0\x90\x00P\x9e\xc0\x00\x04\xd0\xb2\x00u\x00\x09\x00\x0c\xd9\x90\x00Y\x9e\xc0\x00\x04\xd9\xb2\x10Z\x00\x09\x00\x0c\xda\x90\x00Z\x9e\xc0\x00\x04\xda\xb2\x00ZZB\x00\x00\xc2\xb2\x00""DDB\x00\x00\xc2\xb2\x00@@B\x00\x00\xc0\xb2\x00""AA@\x00\x00\xc0\xb2\x00G\x00\x09\x00\x0c\xc4\x90\x00""D\x9e\xc0\x00\x04\xc4\xb2\x00""DD@\x00\x00\xc0\xb2\x00H\x00\x09\x00\x0c\xc7\x90\x00G\x9e\xc0\x00\x04\xc7\xb2\x00GG@\x00\x00\xc0\xb2\x00""E\x00\x09\x00\x0c\xc8\x90\x00H\x9e\xc0\x00\x04\xc8\xb2\x00HH@\x00\x00\xc0\xb2\x00}}@\x00\x00\xc0\xb2\x00PP@\x00\x00\xc0\xb2\x00QQ@\x00\x00\xc0\xb2\x00RR@\x00\x00\xc0\xb2\x00SS@\x00\x00\xc0\xb2\x00TT@\x00\x00\xc0\xb2\x00UU@\x00\x00\xc0\xb2\x00VV@\x00\x00\xc0\xb2\x00WW@\x00\x00\xc0\xb2\x00XX@\x00\x00\xc0\xb2\x00YY@\x00\x00\xc0\xb2\x00""b\x00\x09\x00\x0c\xda\x90\x00Z\x9e\xc0\x00\x04\xda\xb2\x00ZZ@\x00\x00\xc0\xb2\x00[[@\x00\x00\xc0\xb2\x00]]@\x00\x00\xc0\xb2\x00^^@\x00\x00\xc0\xb2\x00__@\x00\x00\xc0\xb2\x00``@\x00\x00\xc0\xb2\x00h\x00\x09\x00\x0c\xe2\x90\x00""b\x9e\xc0\x00\x04\xe2\xb2\x00""bb@\x00\x00\xc0\xb2\x00""cc@\x00\x00\xc0\xb2\x00""dd@\x00\x00\xc0\xb2\x00""ff@\x00\x00\xc0\xb2\x00gg@\x00\x00\xc0\xb2\x00l\x00\x09\x00\x0c\xe8\x90\x00h\x9e\xc0\x00\x04\xe8\xb2\x00hh@\x00\x00\xc0\xb2\x00ii@\x00\x00\xc0\xb2\x00jj@\x00\x00\xc0\xb2\x00kk@\x00\x00\xc0\xb2\x00M\x00\x09\x00\x0c\xec\x90\x00l\x9e\xc0\x00\x04\xec\xb2\x00ll@\x00\x00\xc0\xb2\x00mm@\x00\x00\xc2\xb2\x00\xe2""8\x02\x18\x82\x80`\x02n\x9e\xc0\x00\x04\xc4\xb2\x00\xc0\x00\x00\x00\x00\xc1\x10\x09\x00\x04\x00\x00\x10\xc0\x1f\x00\xe2,\x02\x98\x82\xa6`\x02\xe2""4\x02\x98\x82\xbd`\x02\xc0\x13\x00\x00\x00\xc0\x10\x01\xc1:\x00\x00\x00\xc0\x1f\x00\xe2\xac\x02\x18\x82\x80`\x02\xe2,\x02\x98\x82\xa6`\x02\xe2""4\x02\x98\x82\xbd`\x0a@\xc8\x00\x18\x00\xc0\xa0\x00\xc7@\xc0\x80""A\xc0\xf0\x00\x00\x02\x00\x00\x10\xc0\x1f\x00\xc0\x12\x00\x00\x00\xc0\x10\x01\xc1""2\x00\x00\x00\xc0\x1f\x00\x03\xc9\x0a\x1c\x00\xc0\xa0\x00\xc6@\xc0\x80""A\xc0\xf0\x00\xc0\x00\x00\x00\x00\xc1\x10\x01\x00\x02\x00\x00\x10\xc0\x1f\x00\xc0\x11\x00\x00\x00\xc0\x10\x01\xc1,\x00\x00\x00\xc0\x1f\x00\x03\x99\x0a\x00\x00\xc0\xa0\x00\x98@\xc0\x80\x01\xc0\xf0\x00\x00\x02\x00\x00\x10\xc0\x1f\x00\xc0\x10\x00\x00\x00\xc0\x10\x01\xc1'\x00\x00\x00\xc0\x1f\x00\x03\xcc\x0a\x1c\x00\xc0\xa0\x00\x9a@\xc0\x80\x01\xc0\xf0\x00\xc0\x00\x00\x00\x00\xc1\x10\x01\x00\x02\x00\x00\x10\xc0\x1f\x00\xc0\x0f\x00\x00\x00\xc0\x10\x01\xc1!\x00\x00\x00\xc0\x1f\x00\x03\xc9\x0a\x18\x00\xc0\xa0\x00\xc6@\xc0\x80""A\xc0\xf0\x00\x00\x02\x00\x00\x10\xc0\x1f\x00\xc0\x0e\x00\x00\x00\xc0\x10\x01\xc1\x1c\x00\x00\x00\xc0\x1f\x00\x03\xcf\x0a\x10\x00\xc0\xa0\x00@\xc9\x00\x10\x00\xc0\xa0\x00\x9b@\xc0\x80\x01\xc0\xf0\x00\xc0\x00\x00\x00\x00\xc1\x10\x01\x00\x02\x00\x00\x10\xc0\x1f\x00\xc0\x0d\x00\x00\x00\xc0\x10\x01\xc1\x15\x00\x00\x00\xc0\x1f\x00\x03\xc9\xc0\x11\x01\xc0\xb4\x00@\xc8\x00\x18\x00\xc0\xa0\x00\xc7@\xc0\x80""A\xc0\xf0\x00\x00\x02\x00\x00\x10\xc0\x1f\x00\xc0\x0c\x00\x00\x00\xc0\x10\x01\xc1\x0f\x00\x00\x00\xc0\x1f\x00\x03\xc9\x0a\x14\x00\xc0\xa0\x00\xc6@\xc0\x80""A\xc0\xf0\x00\xc0\x00\x00\x00\x00\xc1\x10\x01\x00\x02\x00\x00\x10\xc0\x1f\x00\xc0\x0b\x00\x00\x00\xc0\x10\x01\xc1\x09\x00\x00\x00\xc0\x1f\x00\x03\xcd\x0a\x1c\x00\xc0\xa0\x00\x98@\xc0\x80\x01\xc0\xf0\x00\x00\x02\x00\x00\x10\xc0\x1f\x00\xc0\x0a\x00\x00\x00\xc0\x10\x01\xc1\x04\x00\x00\x00\xc0\x1f\x00\x03\xcb\x0a\x14\x00\xc0\xa0\x00\x9a@\xc0\x80\x01\xc0\xf0\x00\xc4\xc0@\x10q\xc0\xb7\x01@\xca\x00\x10\x00\xc0\xa3Q\xe2@\x02\x18\x82\xa0`\x02\xe2<\x02X\x82\xa2`\x02\xe2\x10\x02\x98\x82\xa3`\x02\xe2\x14\x02\x98\x82\xa4`\x02\xe2P\x02\x98\x82\xa9`\x02\xe2""D\x02\x98\x82\xaa`\x02\xe2\xd0\x01\xbb\x08xa\x02\xe2\xe0\x01\xab\x04va\x02""DDB\x00\x00\xc2\xb2\x00""a\xa0\xda\x02\x00\xc4\xb2\x00""D\x00\x1c\xc0\x0c\xc4\x90\x00""F\xa0\xda\x02\x00\xee\xb2\x00n\x00\x1c\xc0\x0c\xee\x90\x00""D\xa1""D\xa1\x04\xc6P\x01\x5c\xa0\xda\x02\x00\xc4\xb2\x00""D\x00\x1c\xc0\x0c\xc4\x90\x00""D\xa1""D\xa1\x04\xc5P\x01|\xa0\xda\x02\x00\xe7\xb2\x00g\x00\x1c\xc0\x0c\xe7\x90\x00g\xa1g\xa1\x04\xdbP\x01o\xa0\xda\x02\x00\xe8\xb2\x00h\x00\x1c\xc0\x0c\xe8\x90\x00h\xa1h\xa1\x04\xdaP\x01I\xa0\xda\x02\x00\xeb\xb2\x00k\x00\x1c\xc0\x0c\xeb\x90\x00k\xa1k\xa1\x04\xebP\x01J\xa0\xda\x02\x00\xec\xb2\x00l\x00\x1c\xc0\x0c\xec\x90\x00K\xa0\xda\x02\x00\xed\xb2\x00m\x00\x1c\xc0\x0c\xed\x90\x00""e\xa0\xda\x02\x00\xef\xb2\x00o\x00\x1c\xc0\x0c\xef\x90\x00o\xa1o\xa1\x04\xc7P\x01~\xa0\xda\x02\x00\xc4\xb2\x00""D\x00\x1c\xc0\x0c\xc4\x90\x00""D\xa1""D\xa1\x04\xc4P\x01\xe2\xc0\x01\xbb\x08""Da\x02n\xa1n\xa1\x04\xe8P\x09`\xa0\xda\x02\x00\xe0\xb2\x00`\x00\x1c\xc0\x0c\xe0\x90\x00`\xa1`\xa1\x04\xcfP\x11""b\xa0\xda\x02\x00\xe2\xb2\x00""b\x00\x1c\xc0\x0c\xe2\x90\x00""b\xa1""b\xa1\x04\xceP!c\xa0\xda\x02\x00\xe3\xb2\x00""c\x00\x1c\xc0\x0c\xe3\x90\x00""c\xa1""c\xa1\x04\xcdP\x01""d\xa0\xda\x02\x00\xe4\xb2\x00""d\x00\x1c\xc0\x0c\xe4\x90\x00""d\xa1""d\xa1\x04\xccP\x01\xe2\x90\x01{\x08La\x02i\xa0\xda\x02\x00\xe9\xb2\x00i\x00\x1c\xc0\x0c\xe9\x90\x00i\xa1i\xa1\x04\xd9P\x01m\xa1m\xa1\x04\xe9P\x01j\xa0\xda\x02\x00\xea\xb2\x00j\x00\x1c\xc0\x0c\xea\x90\x00j\xa1j\xa1\x04\xd8P\x01\xe2\xa0\x01;\x08Xa\x02l\xa1l\xa1\x04\xeaP\x01\xe2\xb0\x01\xbb\x08ha\x02&\x02\x00\x00\x10\xc0\x1f\x00\x00\x00\x00\x00\x00\xc0\x00""8\xe2\xe8\x01\xab\x04raR\xe2""0\x02\x98\x82\xbc`\x02\xfe\x88\xb3\x00\x00\xc4\x10\x07\xff\x00\x00\x00\x00\xc5\x91\x06\x04\x00'\x00\x00\xc6\xa3\x01\xfeX\xa8\x00\x00\xc4\x10\x07""D\x00'\x00\x00\xc4\xa3\x01""D\x00\x00X\x82\x84`\x00""B\xa3\xc0\x00\x04\xf9\xb2\x00\xfe\x90\xa8\x00\x00\xc8\x10\x07""F\x00\x00\x18\x82\x85`\x00\xc0\x00\x00\x00\x00\xc6\x10\x11\x04\x00\x19\x00\x0c\xc2\x90\x08\xc0\x05\xc0\x80\x01\xc7\xf8P\xe2\x06' \x00\xca\xa3""3J\xd0\x01\x18\x82\x89`\x08I\x00\x19\x00\x0c\xc9\x90\x00I\x02\xc0\x00\x04\xc9\xb2\x00I\x9e\xda\x02\x00\xc9\xb2\x00I\x00\x1c\xc0\x0c\xc9\x90\x00I\x04I\x04\x04\xc9P\x01\x07\x04\x00\x00\x00\xc0\x1f\x00\x05I\x00\x00\x00\xca\xa0\x00\xff\x00\x00\x00\x00\xc9\x91\x06\x08J' \x00\xca\xa3\x01J\x00\x00\x18\x82\x89`P\xe2\x06' \x00\xca\xa3\x03""F\xc4\x00\x1c\x00\xc6\xa0\x00\x06\x03\xc0\x80\x00\xcc\xf0\x08J\xf0\x01[\x02Ia\x00L\xef\xff\xff\x17\xc0\x1f\x00\xfe\xf8\xb2\x00\x00\xc4\x10\x07\xff\x00\x00\x00\x00\xc5\x91\x06\x04@G\x00\x00\xc0\xa3\x01@\x00\x00""0\xe6\x88`\x00\xc0""B\x82\x01\x00\xef\x10\x01&\xc0o\xa4\x03\xc4P\x09\x09[\x01\x00\x10\xc0\x1f\x00\x08\xc9\x0a\x14\x00\xc0\xa0\x00@\xc9\x00\x1c\x00\xc1\xa0\x00\x08\xc8\xc0\x19\x01\xed\xb4\x00m\xc9\x00\x14\x00\xc9\xa0\x00\x08\xc8\x0a\x1c\x00\xee\xa0\x00n\xc9\x00\x10\x00\xca\xa0\x00\x08\xc4\xc0\x1d\x01\xef\xb4\x00o\xc8\x00\x18\x00\xcb\xa0\x00\xc0\x11\x00\x00\x00\xcd\x10\x01\xc0\x00\x00\x00\x00\xcc\x10\x01\xfe\xc0\xb3\x00\x00\xce\x10\x07\xc0\x00\x00\x00\x00\xc7\x10\x01\xc0\x00\x00\x00\x00\xc6\x10\x01\xc0\x00\x00\x00\x00\xc5\x10Q\x0c\xc4\x00\x1c\x00\xc2\xa0\x00\x03\x02\xc0\x80\x01\xcf\xf0\x00\xc0\x00\x00\x00\x00\xc0\x10\x01\x0f\x02\x00\x00\x10\xc0\x1f\x00\xe2\x02' \x00\xf0\xa3\x13p\xf0\x01X\x82\x80`P\x0c\xc8\x00\x18\x00\xc2\xa0\x00\x03\x02\xc0\x80\x01\xcf\xf0\x00\xc0\x00\x00\x00\x00\xf2\x10\x01\x0f\x02\x00\x00\x10\xc0\x1f\x00\xe2\x02' \x00\xf0\xa3\x13p\xf0\x01X\x82\xb2`P\x0c\xc8\x00\x1c\x00\xc2\xa0\x00\x03\x02\xc0\x80\x01\xcf\xf0\x00\xc0\x00\x00\x00\x00\xf1\x10\x01\x0f\x02\x00\x00\x10\xc0\x1f\x00\xe2\x02' \x00\xf0\xa3\x13p\xf0\x01\x98\x82\xb1`P\x0c\xc9\x00\x10\x00\xc2\xa0\x00\x03\x02\xc0\x80\x01\xcf\xf0\x00\xc0\x00\x00\x00\x00\xf0\x10\x01\x0f\x02\x00\x00\x10\xc0\x1f\x00\xe2\x02' \x00\xf4\xa3\x13t\xf0\x01X\x82\xb0`P\xe2\x0c' \x00\xf4\xa3\x13t\xf0\x01\x18\x82\xb3`\x00\xff\x00\x00\x00\x00\xcf\x91\x06\x0d\x00\x00\x00\x00\xc2\x91\x00\x08\x1a\x00\x00\x10\xc0\x1f\x00\xc0\x00\x00\x00\x00\xf4\x10\x01\x0d\x00\x00\x00\x00\xf5\x91\x08\xc1\x08""3Q\x09\xc2\xb4P5\xc9\xc0\x15\x00\xf7\xb4\x00""7\xc4\xc0\x9c\x01\xf8\xf8\x00\x02""4\xa5\x10\x00\xf6\xb4\x00x\x05\x00\x00\x00\xc0\x1f\x00""7\x0a\x00\x00\x10\xc0\x1f\x00w\x01\x00\x00\x00\xf7\x1a\x01w\x0b\x00\x00\x00\xc0\x1f\x00v5E\x11\x01\xc5\xb4\x00\xc1\x09\x00\x00\x00\xc0\x1f\x00""7\x02\x00\x00\x00\xf8\x1a\x01x\x06\x00\x00\x10\xc0\x1f\x00w\x03\x00\x00\x00\xf7\x1a\x01w\x05\x00\x00\x00\xc0\x1f\x00v5G\x11\x01\xc7\xb4\x00\xc1\x03\x00\x00\x00\xc0\x1f\x00v5D\x11\x01\xc4\xb4\x00\xc1\x01\x00\x00\x00\xc0\x1f\x00v5F\x11\x01\xc6\xb4Pt\xc4\x00\x1c\x00\xf4\xa0\x00""4\x08\xc0\x80\x00\xf6\xf0\x00u\xc4\x00\x1c\x00\xf5\xa0\x00v\xea\xff\xff\x17\xc0\x1f\x00\x08\x0d\x00\x00\x00\xc2\xa0P\x00\x00\x00\x00\x00\xc0\x00 1\x08\xc0\x11\x00\xf4\xb4\x00t\xce\x0a\x1c\x00\xf4\xa0\x00""0\x08\xc0\x11\x00\xf5\xb4\x00u\xa6\x0a\x00\x00\xf5\xa0\x00ut\x00\x00\x00\xf4\xa0\x00""2\x08\xc0\x11\x00\xee\xb4\x00n\xca\x0a\x14\x00\xee\xa0\x00tn\x00\x00\x00\xf4\xa0\x00\x00\x08\xc0\x11\x00\xf6\xb4\x00v\xc8\x0a\x1c\x00\xef\xa0\x00to\x00\x00\x00\xf4\xa0\x08s\x08\xc0\x11\x00\xf3\xb4\x00ts\x00\x00\x00\xf3\xa0\x00\x0e""2'$\x00\xf4\xa3\x01t\x00\x00\x18\x82\x8f`\x00\x02\xc9\xc0\x15\x00\xf4\xb4\x00""4\xc4\xc0\x9c\x01\xf5\xf8\x08\xc4\xc0\x0f\x10q\xf3\xb4\x00u\x05\x00\x00\x00\xc0\x1f\x00""4\x0a\x00\x00\x10\xc0\x1f\x00t\x01\x00\x00\x00\xf4\x1a\x01t\x0b\x00\x00\x00\xc0\x1f\x00s\x02""E\x11\x01\xc5\xb4\x00\xc1\x09\x00\x00\x00\xc0\x1f\x00""4\x02\x00\x00\x00\xf5\x1a\x01u\x06\x00\x00\x10\xc0\x1f\x00t\x03\x00\x00\x00\xf4\x1a\x01t\x05\x00\x00\x00\xc0\x1f\x00s\x02G\x11\x01\xc7\xb4\x00\xc1\x03\x00\x00\x00\xc0\x1f\x00s\x02""D\x11\x01\xc4\xb4\x00\xc1\x01\x00\x00\x00\xc0\x1f\x00s\x02""F\x11\x01\xc6\xb4P\x02\xc4\x00\x1c\x00\xf3\xa0\x00""3\xc9\xc0\x15\x00\xf5\xb4\x00""5\xc4\xc0\x9c\x01\xf6\xf8\x00\x0f\xc4\xa5\x1c\x00\xf4\xb4\x00v\x05\x00\x00\x00\xc0\x1f\x00""5\x0a\x00\x00\x10\xc0\x1f\x00u\x01\x00\x00\x00\xf5\x1a\x01u\x0b\x00\x00\x00\xc0\x1f\x00tsE\x11\x01\xc5\xb4\x00\xc1\x09\x00\x00\x00\xc0\x1f\x00""5\x02\x00\x00\x00\xf6\x1a\x01v\x06\x00\x00\x10\xc0\x1f\x00u\x03\x00\x00\x00\xf5\x1a\x01u\x05\x00\x00\x00\xc0\x1f\x00tsG\x11\x01\xc7\xb4\x00\xc1\x03\x00\x00\x00\xc0\x1f\x00tsD\x11\x01\xc4\xb4\x00\xc1\x01\x00\x00\x00\xc0\x1f\x00tsF\x11\x01\xc6\xb4PB\xc8\x00\x18\x00\xc2\xa0\x00\x08\x19\x00\x00\x10\xc0\x1f\x00\xc1\x08@Q\x09\xc0\xb4\x00\xc0\x00\x00\x00\x00\xf3\x10Q\x02\xc9\xc0\x15\x00\xf5\xb4\x00""5\xc4\xc0\x9c\x01\xf6\xf8\x00\x00""3\xa5\x10\x00\xf4\xb4\x00v\x05\x00\x00\x00\xc0\x1f\x00""5\x0a\x00\x00\x10\xc0\x1f\x00u\x01\x00\x00\x00\xf5\x1a\x01u\x0b\x00\x00\x00\xc0\x1f\x00t\x02""E\x11\x01\xc5\xb4\x00\xc1\x09\x00\x00\x00\xc0\x1f\x00""5\x02\x00\x00\x00\xf6\x1a\x01v\x06\x00\x00\x10\xc0\x1f\x00u\x03\x00\x00\x00\xf5\x1a\x01u\x05\x00\x00\x00\xc0\x1f\x00t\x02G\x11\x01\xc7\xb4\x00\xc1\x03\x00\x00\x00\xc0\x1f\x00t\x02""D\x11\x01\xc4\xb4\x00\xc1\x01\x00\x00\x00\xc0\x1f\x00t\x02""F\x11\x01\xc6\xb4Ps\xc4\x00\x1c\x00\xf3\xa0\x00""3\x08\xc0\x80\x00\xf4\xf0\x00""B\xc4\x00\x1c\x00\xc2\xa0\x00t\xea\xff\xff\x17\xc0\x1f\x00\x0b\x0d\x00\x00\x00\xc2\xa0P\x02\xc9\xc0\x15\x00\xf3\xb4\x00""3\xc4\xc0\x9c\x01\xf4\xf8\x00\x0f\xc8\xa5\x18\x00\xc0\xb4\x00t\x05\x00\x00\x00\xc0\x1f\x00""3\x0a\x00\x00\x10\xc0\x1f\x00s\x01\x00\x00\x00\xf3\x1a\x01s\x0b\x00\x00\x00\xc0\x1f\x00@\x02""E\x11\x01\xc5\xb4\x00\xc1\x09\x00\x00\x00\xc0\x1f\x00""3\x02\x00\x00\x00\xf4\x1a\x01t\x06\x00\x00\x10\xc0\x1f\x00s\x03\x00\x00\x00\xf3\x1a\x01s\x05\x00\x00\x00\xc0\x1f\x00@\x02G\x11\x01\xc7\xb4\x00\xc1\x03\x00\x00\x00\xc0\x1f\x00@\x02""D\x11\x01\xc4\xb4\x00\xc1\x01\x00\x00\x00\xc0\x1f\x00@\x02""F\x11\x01\xc6\xb4P\x02\xc4\x00\x1c\x00\xc0\xa0\x00\x00\xc9\xc0\x15\x00\xf4\xb4\x00""4\xc4\xc0\x9c\x01\xf5\xf8\x00\x0f\xc8\xa5\x1c\x00\xf3\xb4\x00u\x05\x00\x00\x00\xc0\x1f\x00""4\x0a\x00\x00\x10\xc0\x1f\x00t\x01\x00\x00\x00\xf4\x1a\x01t\x0b\x00\x00\x00\xc0\x1f\x00s@E\x11\x01\xc5\xb4\x00\xc1\x09\x00\x00\x00\xc0\x1f\x00""4\x02\x00\x00\x00\xf5\x1a\x01u\x06\x00\x00\x10\xc0\x1f\x00t\x03\x00\x00\x00\xf4\x1a\x01t\x05\x00\x00\x00\xc0\x1f\x00s@G\x11\x01\xc7\xb4\x00\xc1\x03\x00\x00\x00\xc0\x1f\x00s@D\x11\x01\xc4\xb4\x00\xc1\x01\x00\x00\x00\xc0\x1f\x00s@F\x11\x01\xc6\xb4PB\xc8\x00\x18\x00\xc0\xa0\x00\x08\x19\x00\x00\x10\xc0\x1f\x00\xc1\x08rQ\x09\xc2\xb4\x00\xc0\x00\x00\x00\x00\xf2\x10Q\x00\xc9\xc0\x15\x00\xf4\xb4\x00""4\xc4\xc0\x9c\x01\xf5\xf8\x00\x02""2\xa5\x10\x00\xf3\xb4\x00u\x05\x00\x00\x00\xc0\x1f\x00""4\x0a\x00\x00\x10\xc0\x1f\x00t\x01\x00\x00\x00\xf4\x1a\x01t\x0b\x00\x00\x00\xc0\x1f\x00s\x00""E\x11\x01\xc5\xb4\x00\xc1\x09\x00\x00\x00\xc0\x1f\x00""4\x02\x00\x00\x00\xf5\x1a\x01u\x06\x00\x00\x10\xc0\x1f\x00t\x03\x00\x00\x00\xf4\x1a\x01t\x05\x00\x00\x00\xc0\x1f\x00s\x00G\x11\x01\xc7\xb4\x00\xc1\x03\x00\x00\x00\xc0\x1f\x00s\x00""D\x11\x01\xc4\xb4\x00\xc1\x01\x00\x00\x00\xc0\x1f\x00s\x00""F\x11\x01\xc6\xb4Pr\xc4\x00\x1c\x00\xf2\xa0\x00""2\x08\xc0\x80\x00\xf3\xf0\x00@\xc4\x00\x1c\x00\xc0\xa0\x00s\xea\xff\xff\x17\xc0\x1f\x00\x0a\x0d\x00\x00\x00\xc0\xa0P\x00\xc9\xc0\x15\x00\xf2\xb4\x00""2\xc4\xc0\x9c\x01\xf3\xf8\x00\x0f\xc9\xa5\x10\x00\xc2\xb4\x00s\x05\x00\x00\x00\xc0\x1f\x00""2\x0a\x00\x00\x10\xc0\x1f\x00r\x01\x00\x00\x00\xf2\x1a\x01r\x0b\x00\x00\x00\xc0\x1f\x00""B\x00""E\x11\x01\xc5\xb4\x00\xc1\x09\x00\x00\x00\xc0\x1f\x00""2\x02\x00\x00\x00\xf3\x1a\x01s\x06\x00\x00\x10\xc0\x1f\x00r\x03\x00\x00\x00\xf2\x1a\x01r\x05\x00\x00\x00\xc0\x1f\x00""B\x00G\x11\x01\xc7\xb4\x00\xc1\x03\x00\x00\x00\xc0\x1f\x00""B\x00""D\x11\x01\xc4\xb4\x00\xc1\x01\x00\x00\x00\xc0\x1f\x00""B\x00""F\x11\x01\xc6\xb4P@\xc4\x00\x1c\x00\xc0\xa0\x00\x08\x19\x00\x00\x10\xc0\x1f\x00\xc1\x08qQ\x09\xc2\xb4\x00\xc0\x00\x00\x00\x00\xf1\x10Q\x00\xc9\xc0\x15\x00\xf3\xb4\x00""3\xc4\xc0\x9c\x01\xf4\xf8\x00\x02""1\xa5\x10\x00\xf2\xb4\x00t\x05\x00\x00\x00\xc0\x1f\x00""3\x0a\x00\x00\x10\xc0\x1f\x00s\x01\x00\x00\x00\xf3\x1a\x01s\x0b\x00\x00\x00\xc0\x1f\x00r\x00""E\x11\x01\xc5\xb4\x00\xc1\x09\x00\x00\x00\xc0\x1f\x00""3\x02\x00\x00\x00\xf4\x1a\x01t\x06\x00\x00\x10\xc0\x1f\x00s\x03\x00\x00\x00\xf3\x1a\x01s\x05\x00\x00\x00\xc0\x1f\x00r\x00G\x11\x01\xc7\xb4\x00\xc1\x03\x00\x00\x00\xc0\x1f\x00r\x00""D\x11\x01\xc4\xb4\x00\xc1\x01\x00\x00\x00\xc0\x1f\x00r\x00""F\x11\x01\xc6\xb4Pq\xc4\x00\x1c\x00\xf1\xa0\x00""1\x08\xc0\x80\x00\xf2\xf0\x00@\xc4\x00\x1c\x00\xc0\xa0\x00r\xea\xff\xff\x17\xc0\x1f\x00\x09\x0d\x00\x00\x00\xc0\xa0P\x00\xc9\xc0\x15\x00\xf1\xb4\x00""1\xc4\xc0\x9c\x01\xf2\xf8\x00\x0f\xc9\xa5\x14\x00\xc2\xb4\x00r\x05\x00\x00\x00\xc0\x1f\x00""1\x0a\x00\x00\x10\xc0\x1f\x00q\x01\x00\x00\x00\xf1\x1a\x01q\x0b\x00\x00\x00\xc0\x1f\x00""B\x00""E\x11\x01\xc5\xb4\x00\xc1\x09\x00\x00\x00\xc0\x1f\x00""1\x02\x00\x00\x00\xf2\x1a\x01r\x06\x00\x00\x10\xc0\x1f\x00q\x03\x00\x00\x00\xf1\x1a\x01q\x05\x00\x00\x00\xc0\x1f\x00""B\x00G\x11\x01\xc7\xb4\x00\xc1\x03\x00\x00\x00\xc0\x1f\x00""B\x00""D\x11\x01\xc4\xb4\x00\xc1\x01\x00\x00\x00\xc0\x1f\x00""B\x00""F\x11\x01\xc6\xb4P\x00\xc4\x00\x1c\x00\xc2\xa0\x00\x02\xc9\xc0\x15\x00\xf2\xb4\x00""2\xc4\xc0\x9c\x01\xf3\xf8\x00\x0f\xc9\xa5\x18\x00\xf1\xb4\x00s\x05\x00\x00\x00\xc0\x1f\x00""2\x0a\x00\x00\x10\xc0\x1f\x00r\x01\x00\x00\x00\xf2\x1a\x01r\x0b\x00\x00\x00\xc0\x1f\x00qBE\x11\x01\xc5\xb4\x00\xc1\x09\x00\x00\x00\xc0\x1f\x00""2\x02\x00\x00\x00\xf3\x1a\x01s\x06\x00\x00\x10\xc0\x1f\x00r\x03\x00\x00\x00\xf2\x1a\x01r\x05\x00\x00\x00\xc0\x1f\x00qBG\x11\x01\xc7\xb4\x00\xc1\x03\x00\x00\x00\xc0\x1f\x00qBD\x11\x01\xc4\xb4\x00\xc1\x01\x00\x00\x00\xc0\x1f\x00qBF\x11\x01\xc6\xb4P@\xc8\x00\x18\x00\xc0\xa0\x00\x08\x19\x00\x00\x10\xc0\x1f\x00\xc1\x08pQ\x09\xc2\xb4\x00\xc0\x00\x00\x00\x00\xf0\x10Q\x00\xc9\xc0\x15\x00\xf2\xb4\x00""2\xc4\xc0\x9c\x01\xf3\xf8\x00\x02""0\xa5\x10\x00\xf1\xb4\x00s\x05\x00\x00\x00\xc0\x1f\x00""2\x0a\x00\x00\x10\xc0\x1f\x00r\x01\x00\x00\x00\xf2\x1a\x01r\x0b\x00\x00\x00\xc0\x1f\x00q\x00""E\x11\x01\xc5\xb4\x00\xc1\x09\x00\x00\x00\xc0\x1f\x00""2\x02\x00\x00\x00\xf3\x1a\x01s\x06\x00\x00\x10\xc0\x1f\x00r\x03\x00\x00\x00\xf2\x1a\x01r\x05\x00\x00\x00\xc0\x1f\x00q\x00G\x11\x01\xc7\xb4\x00\xc1\x03\x00\x00\x00\xc0\x1f\x00q\x00""D\x11\x01\xc4\xb4\x00\xc1\x01\x00\x00\x00\xc0\x1f\x00q\x00""F\x11\x01\xc6\xb4Pp\xc4\x00\x1c\x00\xf0\xa0\x00""0\x08\xc0\x80\x00\xf1\xf0\x00@\xc4\x00\x1c\x00\xc0\xa0\x00q\xea\xff\xff\x17\xc0\x1f\x00\x01M\x00\x00\x00\xc0\xa0P\x00\xc9\xc0\x15\x00\xcd\xb4\x00\x0d\xc4\xc0\x9c\x01\xf0\xf8\x00\x0f\xc9\xa5\x1c\x00\xc2\xb4\x00p\x05\x00\x00\x00\xc0\x1f\x00\x0d\x0a\x00\x00\x10\xc0\x1f\x00M\x01\x00\x00\x00\xcd\x1a\x01M\x0b\x00\x00\x00\xc0\x1f\x00""B\x00""E\x11\x01\xc5\xb4\x00\xc1\x09\x00\x00\x00\xc0\x1f\x00\x0d\x02\x00\x00\x00\xcf\x1a\x01\x0f\x06\x00\x00\x10\xc0\x1f\x00M\x03\x00\x00\x00\xcd\x1a\x01M\x05\x00\x00\x00\xc0\x1f\x00""B\x00G\x11\x01\xc7\xb4\x00\xc1\x03\x00\x00\x00\xc0\x1f\x00""B\x00""D\x11\x01\xc4\xb4\x00\xc1\x01\x00\x00\x00\xc0\x1f\x00""B\x00""F\x11\x01\xc6\xb4PL\xc9\x00\x14\x00\xcc\xa0\x00\x03\x0c\xc0\x80\x01\xcf\xf0\x00@\xc4\x00\x1c\x00\xcd\xa0\x00\xc0\x00\x00\x00\x00\xc0\x10\x01\xc0\x00\x00\x00\x00\xc2\x10\x01\x0f\xb4\xfe\xff\x07\xc0\x1f\x00\xc1%\x01\x00\x00\xc0\x1f\x00J\xfe\x00\x00\x10\xc0\x1f\x00\x08\xc8\x0a\x1c\x00\xc0\xa0\x00@\xc9\x00\x14\x00\xc1\xa0\x00\x08\xc4\xc0\x1d\x01\xef\xb4\x00o\xc8\x00\x1c\x00\xc9\xa0\x00\xc0\x11\x00\x00\x00\xcb\x10\x01\xc0\x00\x00\x00\x00\xca\x10\x01\xfe\xd0\xac\x00\x00\xcc\x10\x07\xc0\x00\x00\x00\x00\xc7\x10\x01\xc0\x00\x00\x00\x00\xc6\x10\x01\xc0\x00\x00\x00\x00\xc5\x10Q\x0a\xc4\x00\x1c\x00\xc2\xa0\x00\x03\x02\xc0\x80\x01\xcd\xf0\x00\xc0\x00\x00\x00\x00\xc0\x10\x01\x0d\x02\x00\x00\x10\xc0\x1f\x00\xe2\x02' \x00\xce\xa3\x13N\xf0\x01\x98\x82\x80`P\x0a\xc8\x00\x18\x00\xc2\xa0\x00\x03\x02\xc0\x80\x01\xcd\xf0\x00\xc0\x00\x00\x00\x00\xce\x10\x01\x0d\x02\x00\x00\x10\xc0\x1f\x00\xe2\x02' \x00\xce\xa3\x13N\xf0\x01X\x82\x8e`P\xe2\x0a' \x00\xf0\xa3\x13p\xf0\x01\x18\x82\x8f`\x00\xff\x00\x00\x00\x00\xcd\x91\x06\x0b\x00\x00\x00\x00\xc2\x91\x00\x08\x1a\x00\x00\x10\xc0\x1f\x00\xc0\x00\x00\x00\x00\xf0\x10\x01\x0b\x00\x00\x00\x00\xf1\x91\x08\xc1\x08\x0fQ\x09\xc2\xb4P1\xc9\xc0\x15\x00\xf3\xb4\x00""3\xc4\xc0\x9c\x01\xf4\xf8\x00\x02""0\xa5\x10\x00\xf2\xb4\x00t\x05\x00\x00\x00\xc0\x1f\x00""3\x0a\x00\x00\x10\xc0\x1f\x00s\x01\x00\x00\x00\xf3\x1a\x01s\x0b\x00\x00\x00\xc0\x1f\x00r1E\x11\x01\xc5\xb4\x00\xc1\x09\x00\x00\x00\xc0\x1f\x00""3\x02\x00\x00\x00\xf4\x1a\x01t\x06\x00\x00\x10\xc0\x1f\x00s\x03\x00\x00\x00\xf3\x1a\x01s\x05\x00\x00\x00\xc0\x1f\x00r1G\x11\x01\xc7\xb4\x00\xc1\x03\x00\x00\x00\xc0\x1f\x00r1D\x11\x01\xc4\xb4\x00\xc1\x01\x00\x00\x00\xc0\x1f\x00r1F\x11\x01\xc6\xb4Pp\xc4\x00\x1c\x00\xf0\xa0\x00""0\x08\xc0\x80\x00\xf2\xf0\x00q\xc4\x00\x1c\x00\xf1\xa0\x00r\xea\xff\xff\x17\xc0\x1f\x00\x08\x0b\x00\x00\x00\xc2\xa0P\x00\x00\x00\x00\x00\xc0\x00 \x00\x08\xc0\x11\x00\xf0\xb4\x00p\xc9\x0a\x14\x00\xf0\xa0\x00\x0e\x08\xc0\x11\x00\xf1\xb4\x00q\xce\x0a\x14\x00\xf1\xa0\x00qp\x00\x00\x00\xf0\xa0\x08O\x08\xc0\x11\x00\xcf\xb4\x00pO\x00\x00\x00\xcf\xa0\x00\x0c\x0e'$\x00\xf0\xa3\x01p\x00\x00\x18\x82\x8d`\x00\x02\xc9\xc0\x15\x00\xf0\xb4\x00""0\xc4\xc0\x9c\x01\xf1\xf8\x08\xc4\xc0\x0d\x10q\xcf\xb4\x00q\x05\x00\x00\x00\xc0\x1f\x00""0\x0a\x00\x00\x10\xc0\x1f\x00p\x01\x00\x00\x00\xf0\x1a\x01p\x0b\x00\x00\x00\xc0\x1f\x00O\x02""E\x11\x01\xc5\xb4\x00\xc1\x09\x00\x00\x00\xc0\x1f\x00""0\x02\x00\x00\x00\xf1\x1a\x01q\x06\x00\x00\x10\xc0\x1f\x00p\x03\x00\x00\x00\xf0\x1a\x01p\x05\x00\x00\x00\xc0\x1f\x00O\x02G\x11\x01\xc7\xb4\x00\xc1\x03\x00\x00\x00\xc0\x1f\x00O\x02""D\x11\x01\xc4\xb4\x00\xc1\x01\x00\x00\x00\xc0\x1f\x00O\x02""F\x11\x01\xc6\xb4P\x02\xc4\x00\x1c\x00\xcf\xa0\x00\x0f\xc9\xc0\x15\x00\xf1\xb4\x00""1\xc4\xc0\x9c\x01\xf2\xf8\x00\x0d\xc4\xa5\x1c\x00\xf0\xb4\x00r\x05\x00\x00\x00\xc0\x1f\x00""1\x0a\x00\x00\x10\xc0\x1f\x00q\x01\x00\x00\x00\xf1\x1a\x01q\x0b\x00\x00\x00\xc0\x1f\x00pOE\x11\x01\xc5\xb4\x00\xc1\x09\x00\x00\x00\xc0\x1f\x00""1\x02\x00\x00\x00\xf2\x1a\x01r\x06\x00\x00\x10\xc0\x1f\x00q\x03\x00\x00\x00\xf1\x1a\x01q\x05\x00\x00\x00\xc0\x1f\x00pOG\x11\x01\xc7\xb4\x00\xc1\x03\x00\x00\x00\xc0\x1f\x00pOD\x11\x01\xc4\xb4\x00\xc1\x01\x00\x00\x00\xc0\x1f\x00pOF\x11\x01\xc6\xb4P\x02\xc8\x00\x18\x00\xcf\xa0\x00\x0f\xc9\xc0\x15\x00\xf1\xb4\x00""1\xc4\xc0\x9c\x01\xf2\xf8\x00\x0d\xc8\xa5\x18\x00\xf0\xb4\x00r\x05\x00\x00\x00\xc0\x1f\x00""1\x0a\x00\x00\x10\xc0\x1f\x00q\x01\x00\x00\x00\xf1\x1a\x01q\x0b\x00\x00\x00\xc0\x1f\x00pOE\x11\x01\xc5\xb4\x00\xc1\x09\x00\x00\x00\xc0\x1f\x00""1\x02\x00\x00\x00\xf2\x1a\x01r\x06\x00\x00\x10\xc0\x1f\x00q\x03\x00\x00\x00\xf1\x1a\x01q\x05\x00\x00\x00\xc0\x1f\x00pOG\x11\x01\xc7\xb4\x00\xc1\x03\x00\x00\x00\xc0\x1f\x00pOD\x11\x01\xc4\xb4\x00\xc1\x01\x00\x00\x00\xc0\x1f\x00pOF\x11\x01\xc6\xb4PB\xc8\x00\x1c\x00\xc2\xa0\x00\x08\x19\x00\x00\x10\xc0\x1f\x00\xc1\x08@Q\x09\xc0\xb4\x00\xc0\x00\x00\x00\x00\xcf\x10Q\x02\xc9\xc0\x15\x00\xf1\xb4\x00""1\xc4\xc0\x9c\x01\xf2\xf8\x00\x00\x0f\xa5\x10\x00\xf0\xb4\x00r\x05\x00\x00\x00\xc0\x1f\x00""1\x0a\x00\x00\x10\xc0\x1f\x00q\x01\x00\x00\x00\xf1\x1a\x01q\x0b\x00\x00\x00\xc0\x1f\x00p\x02""E\x11\x01\xc5\xb4\x00\xc1\x09\x00\x00\x00\xc0\x1f\x00""1\x02\x00\x00\x00\xf2\x1a\x01r\x06\x00\x00\x10\xc0\x1f\x00q\x03\x00\x00\x00\xf1\x1a\x01q\x05\x00\x00\x00\xc0\x1f\x00p\x02G\x11\x01\xc7\xb4\x00\xc1\x03\x00\x00\x00\xc0\x1f\x00p\x02""D\x11\x01\xc4\xb4\x00\xc1\x01\x00\x00\x00\xc0\x1f\x00p\x02""F\x11\x01\xc6\xb4PO\xc4\x00\x1c\x00\xcf\xa0\x00\x0f\x08\xc0\x80\x00\xf0\xf0\x00""B\xc4\x00\x1c\x00\xc2\xa0\x00p\xea\xff\xff\x17\xc0\x1f\x00\x09\x0b\x00\x00\x00\xc2\xa0P\x02\xc9\xc0\x15\x00\xcf\xb4\x00\x0f\xc4\xc0\x9c\x01\xf0\xf8\x00\x0d\xc8\xa5\x1c\x00\xc0\xb4\x00p\x05\x00\x00\x00\xc0\x1f\x00\x0f\x0a\x00\x00\x10\xc0\x1f\x00O\x01\x00\x00\x00\xcf\x1a\x01O\x0b\x00\x00\x00\xc0\x1f\x00@\x02""E\x11\x01\xc5\xb4\x00\xc1\x09\x00\x00\x00\xc0\x1f\x00\x0f\x02\x00\x00\x00\xf0\x1a\x01p\x06\x00\x00\x10\xc0\x1f\x00O\x03\x00\x00\x00\xcf\x1a\x01O\x05\x00\x00\x00\xc0\x1f\x00@\x02G\x11\x01\xc7\xb4\x00\xc1\x03\x00\x00\x00\xc0\x1f\x00@\x02""D\x11\x01\xc4\xb4\x00\xc1\x01\x00\x00\x00\xc0\x1f\x00@\x02""F\x11\x01\xc6\xb4P\x02\xc4\x00\x1c\x00\xc0\xa0\x00\x00\xc9\xc0\x15\x00\xf0\xb4\x00""0\xc4\xc0\x9c\x01\xf1\xf8\x00\x0d\xc9\xa5\x10\x00\xcf\xb4\x00q\x05\x00\x00\x00\xc0\x1f\x00""0\x0a\x00\x00\x10\xc0\x1f\x00p\x01\x00\x00\x00\xf0\x1a\x01p\x0b\x00\x00\x00\xc0\x1f\x00O@E\x11\x01\xc5\xb4\x00\xc1\x09\x00\x00\x00\xc0\x1f\x00""0\x02\x00\x00\x00\xf1\x1a\x01q\x06\x00\x00\x10\xc0\x1f\x00p\x03\x00\x00\x00\xf0\x1a\x01p\x05\x00\x00\x00\xc0\x1f\x00O@G\x11\x01\xc7\xb4\x00\xc1\x03\x00\x00\x00\xc0\x1f\x00O@D\x11\x01\xc4\xb4\x00\xc1\x01\x00\x00\x00\xc0\x1f\x00O@F\x11\x01\xc6\xb4PB\xc8\x00\x18\x00\xc0\xa0\x00\x08\x19\x00\x00\x10\xc0\x1f\x00\xc1\x08NQ\x09\xc2\xb4\x00\xc0\x00\x00\x00\x00\xce\x10Q\x00\xc9\xc0\x15\x00\xf0\xb4\x00""0\xc4\xc0\x9c\x01\xf1\xf8\x00\x02\x0e\xa5\x10\x00\xcf\xb4\x00q\x05\x00\x00\x00\xc0\x1f\x00""0\x0a\x00\x00\x10\xc0\x1f\x00p\x01\x00\x00\x00\xf0\x1a\x01p\x0b\x00\x00\x00\xc0\x1f\x00O\x00""E\x11\x01\xc5\xb4\x00\xc1\x09\x00\x00\x00\xc0\x1f\x00""0\x02\x00\x00\x00\xf1\x1a\x01q\x06\x00\x00\x10\xc0\x1f\x00p\x03\x00\x00\x00\xf0\x1a\x01p\x05\x00\x00\x00\xc0\x1f\x00O\x00G\x11\x01\xc7\xb4\x00\xc1\x03\x00\x00\x00\xc0\x1f\x00O\x00""D\x11\x01\xc4\xb4\x00\xc1\x01\x00\x00\x00\xc0\x1f\x00O\x00""F\x11\x01\xc6\xb4PN\xc4\x00\x1c\x00\xce\xa0\x00\x0e\x08\xc0\x80\x00\xcf\xf0\x00@\xc4\x00\x1c\x00\xc0\xa0\x00O\xea\xff\xff\x17\xc0\x1f\x00\x01K\x00\x00\x00\xc0\xa0P\x00\xc9\xc0\x15\x00\xcb\xb4\x00\x0b\xc4\xc0\x9c\x01\xce\xf8\x00\x0d\xc9\xa5\x14\x00\xc2\xb4\x00N\x05\x00\x00\x00\xc0\x1f\x00\x0b\x0a\x00\x00\x10\xc0\x1f\x00K\x01\x00\x00\x00\xcb\x1a\x01K\x0b\x00\x00\x00\xc0\x1f\x00""B\x00""E\x11\x01\xc5\xb4\x00\xc1\x09\x00\x00\x00\xc0\x1f\x00\x0b\x02\x00\x00\x00\xce\x1a\x01N\x06\x00\x00\x10\xc0\x1f\x00K\x03\x00\x00\x00\xcb\x1a\x01K\x05\x00\x00\x00\xc0\x1f\x00""B\x00G\x11\x01\xc7\xb4\x00\xc1\x03\x00\x00\x00\xc0\x1f\x00""B\x00""D\x11\x01\xc4\xb4\x00\xc1\x01\x00\x00\x00\xc0\x1f\x00""B\x00""F\x11\x01\xc6\xb4P\x00\xc4\x00\x1c\x00\xc2\xa0\x00\x02\xc9\xc0\x15\x00\xce\xb4\x00\x0e\xc4\xc0\x9c\x01\xcf\xf8\x00\x0d\xc9\xa5\x18\x00\xcb\xb4\x00O\x05\x00\x00\x00\xc0\x1f\x00\x0e\x0a\x00\x00\x10\xc0\x1f\x00N\x01\x00\x00\x00\xcd\x1a\x01\x0d\x0b\x00\x00\x00\xc0\x1f\x00KBE\x11\x01\xc5\xb4\x00\xc1\x09\x00\x00\x00\xc0\x1f\x00\x0e\x02\x00\x00\x00\xcd\x1a\x01\x0d\x06\x00\x00\x10\xc0\x1f\x00N\x03\x00\x00\x00\xcd\x1a\x01\x0d\x05\x00\x00\x00\xc0\x1f\x00KBG\x11\x01\xc7\xb4\x00\xc1\x03\x00\x00\x00\xc0\x1f\x00KBD\x11\x01\xc4\xb4\x00\xc1\x01\x00\x00\x00\xc0\x1f\x00KBF\x11\x01\xc6\xb4PJ\xc8\x00\x1c\x00\xca\xa0\x00\x03\x0a\xc0\x80\x01\xcd\xf0\x00@\xc8\x00\x18\x00\xcb\xa0\x00\xc0\x00\x00\x00\x00\xc0\x10\x01\xc0\x00\x00\x00\x00\xc2\x10\x01\x0d\x0d\xff\xff\x07\xc0\x1f\x00\xc1&\x00\x00\x00\xc0\x1f\x00\xc0\x11\x00\x00\x00\xc1\x10\x01\xc0\x00\x00\x00\x00\xc9\x10\x01\xc0\x00\x00\x00\x00\xc7\x10\x01\xc0\x00\x00\x00\x00\xc6\x10\x01\xc0\x00\x00\x00\x00\xc5\x10Q\x08\x1b\x00\x00\x10\xc0\x1f\x00\xe2\x08'$\x00\xca\xa3\x13J\xf0\x01\x18\x82\x80`\x00\xc0\x00\x00\x00\x00\xc2\x10\x01\x01\x00\x00\x00\x00\xca\x91P\x0a\xc9\xc0\x15\x00\xcc\xb4\x00\x0c\xc4\xc0\x9c\x01\xcd\xf8\x08\x00\x02\xa5\x10\x00\xcb\xb4\x00M\x05\x00\x00\x00\xc0\x1f\x00\x0c\x0a\x00\x00\x10\xc0\x1f\x00L\x01\x00\x00\x00\xcc\x1a\x01L\x0b\x00\x00\x00\xc0\x1f\x00K\x0a""E\x11\x01\xc5\xb4\x00\xc1\x09\x00\x00\x00\xc0\x1f\x00\x0c\x02\x00\x00\x00\xcd\x1a\x01M\x06\x00\x00\x10\xc0\x1f\x00L\x03\x00\x00\x00\xcc\x1a\x01L\x05\x00\x00\x00\xc0\x1f\x00K\x0aG\x11\x01\xc7\xb4\x00\xc1\x03\x00\x00\x00\xc0\x1f\x00K\x0a""D\x11\x01\xc4\xb4\x00\xc1\x01\x00\x00\x00\xc0\x1f\x00K\x0a""F\x11\x01\xc6\xb4PB\xc4\x00\x1c\x00\xc2\xa0\x00\x02\x08\xc0\x80\x00\xcb\xf0\x00J\xc4\x00\x1c\x00\xca\xa0\x00K\xea\xff\xff\x17\xc0\x1f\x00\x08""A\x00\x00\x00\xc1\xa0PI\xc4\x00\x1c\x00\xc9\xa0\x00\x09\x03\xc0\x80\x00\xca\xf0\x00\xc0\x00\x00\x00\x00\xc0\x10\x01\xc0\x00\x00\x00\x00\xc2\x10\x01J\xdf\xff\xff\x17\xc0\x1f\x00\xe2\x00' \x00\xc8\xa3\x13H\x90\x01\x18\x82\x81`\x00\xd6\x02\x01\x00`\xc3\xa0\x00\x03\xc9\xc0\x15\x00\xc9\xb4\x00\x09\xc4\xc0\x9c\x01\xca\xf8\x08\xc4\xc0\x01\x10q\xc8\xb4\x00J\x05\x00\x00\x00\xc0\x1f\x00\x09\x0a\x00\x00\x10\xc0\x1f\x00I\x01\x00\x00\x00\xc9\x1a\x01I\x0b\x00\x00\x00\xc0\x1f\x00HCE\x11\x01\xc5\xb4\x00\xc1\x09\x00\x00\x00\xc0\x1f\x00\x09\x02\x00\x00\x00\xca\x1a\x01J\x06\x00\x00\x10\xc0\x1f\x00I\x03\x00\x00\x00\xc9\x1a\x01I\x05\x00\x00\x00\xc0\x1f\x00HCG\x11\x01\xc7\xb4\x00\xc1\x03\x00\x00\x00\xc0\x1f\x00HCD\x11\x01\xc4\xb4\x00\xc1\x01\x00\x00\x00\xc0\x1f\x00HCF\x11\x01\xc6\xb4P\xa7\x02\x01\x00\x00\xc8\xa0\x00\x08\xc9\xc0\x15\x00\xc9\xb4\x00\x09\xc4\xc0\x9c\x01\xca\xf8\x00\xcf\xc0H\x10""a\xc8\xb4\x00\x01\xc4\xa5\x1c\x00\xc3\xb4\x00J\x05\x00\x00\x00\xc0\x1f\x00\x09\x0a\x00\x00\x10\xc0\x1f\x00I\x01\x00\x00\x00\xc9\x1a\x01I\x0b\x00\x00\x00\xc0\x1f\x00""CHE\x11\x01\xc5\xb4\x00\xc1\x09\x00\x00\x00\xc0\x1f\x00\x09\x02\x00\x00\x00\xca\x1a\x01J\x06\x00\x00\x10\xc0\x1f\x00I\x03\x00\x00\x00\xc9\x1a\x01I\x05\x00\x00\x00\xc0\x1f\x00""CHG\x11\x01\xc7\xb4\x00\xc1\x03\x00\x00\x00\xc0\x1f\x00""CHD\x11\x01\xc4\xb4\x00\xc1\x01\x00\x00\x00\xc0\x1f\x00""CHF\x11\x01\xc6\xb4P\xa8\x02\x01\x00\x00\xc8\xa0\x00\x08\xc9\xc0\x15\x00\xc9\xb4\x00\x09\xc4\xc0\x9c\x01\xca\xf8\x00\xcf\xc0H\x10Q\xc8\xb4\x00\x01\xc8\xa5\x18\x00\xc3\xb4\x00J\x05\x00\x00\x00\xc0\x1f\x00\x09\x0a\x00\x00\x10\xc0\x1f\x00I\x01\x00\x00\x00\xc9\x1a\x01I\x0b\x00\x00\x00\xc0\x1f\x00""CHE\x11\x01\xc5\xb4\x00\xc1\x09\x00\x00\x00\xc0\x1f\x00\x09\x02\x00\x00\x00\xca\x1a\x01J\x06\x00\x00\x10\xc0\x1f\x00I\x03\x00\x00\x00\xc9\x1a\x01I\x05\x00\x00\x00\xc0\x1f\x00""CHG\x11\x01\xc7\xb4\x00\xc1\x03\x00\x00\x00\xc0\x1f\x00""CHD\x11\x01\xc4\xb4\x00\xc1\x01\x00\x00\x00\xc0\x1f\x00""CHF\x11\x01\xc6\xb4P\xa9\x02\x01\x00\x00\xc3\xa0\x00\x03\xc9\xc0\x15\x00\xc8\xb4\x00\x08\xc4\xc0\x9c\x01\xc9\xf8\x00\xcf\xc0""C\x10""A\xc3\xb4\x00""A\xc8\xa5\x1c\x00\xc1\xb4\x00I\x05\x00\x00\x00\xc0\x1f\x00\x08\x0a\x00\x00\x10\xc0\x1f\x00H\x01\x00\x00\x00\xc8\x1a\x01H\x0b\x00\x00\x00\xc0\x1f\x00""ACE\x11\x01\xc5\xb4\x00\xc1\x09\x00\x00\x00\xc0\x1f\x00\x08\x02\x00\x00\x00\xc9\x1a\x01I\x06\x00\x00\x10\xc0\x1f\x00H\x03\x00\x00\x00\xc8\x1a\x01H\x05\x00\x00\x00\xc0\x1f\x00""ACG\x11\x01\xc7\xb4\x00\xc1\x03\x00\x00\x00\xc0\x1f\x00""ACD\x11\x01\xc4\xb4\x00\xc1\x01\x00\x00\x00\xc0\x1f\x00""ACF\x11\x01\xc6\xb4P@\xc4\x00\x1c\x00\xc0\xa0\x00\x00\x10\x00\x00\x00\xc1\x1a\x01""B\xc9\x00\x10\x00\xc2\xa0\x00""A\xab\xff\xff\x07\xc0\x1f\x00}|\x00\x00\x00\xc0\xa0\x00\x88\x06\x00\x00P\xc0\x1f\x00\xc0\x00\x00zD\xc8\x10\x01\xc0\x00\x00\x00\x00\xf0\x10\x01\xc0\x00\x00\x00\x00\xf1\x10\x01\xc0\x00\x00\x00\x00\xf2\x10\x01\xc0\x00\x00\x00\x00\xf3\x10\x01\xc1\x05\x12\x00\x00\xc0\x1f\x00\x00\x00\x00\x00\x00\xc0\x00""0\xe2\xf0\x00""8\xf8\x88`\x02\xe2\x00\x00x\xf8\x8c`\x0a\xe2""4\x02\x9b\x02@a\x02\xe2""0\x02\x9b\x02ya\x02\xc0\x00\x00\x00\x00\xf3\x91\x00\xc0\x00\x01\x00\x00\xf2\x10\x01K\x00\x19\x00\x0c\xea\x90\x00J\x00\x19\x00\x0c\xc1\x90\x00""A\x8c\xc0\x04\x04""A\xb2\x00j\x8c\xc0\x04\x04\x81\xb2\x00I\x00\x19\x00\x0c\xeb\x90\x00k\x8c\xc0\x04\x04\x83\xb2\x00H\x00\x19\x00\x0c\xc2\x90\x00""B\x8c\xc0\x04\x04""C\xb2\x10O\x00\x19\x00\x0c\xec\x90\x00l\x8c\xc0\x04\x04\x88\xb2\x00N\x00\x19\x00\x0c\xed\x90\x00m\x8c\xc0\x04\x04H\xb2\x00M\x00\x19\x00\x0c\xee\x90\x00n\x8c\xc0\x04\x04\xb0\xb2\x00L\x00\x19\x00\x0c\xef\x90\x00o\x8c\xc0\x04\x04p\xb2\x00\xc0\x00\x00\x00\x00\xc9\x10\x01\xc0\x00\x00\x00\x00\xcb\x91\x00\xc0$\x02\x00\x00\xca\x10\x01\xc0\x00\x00\x00\x00\xcc\x10\x01\xc0\x00\x00\x00\x00\xcd\x10\x01\xc0\x00\x00\x00\x00\xce\x10\x01\xc0\x00\x00\x00\x00\xcf\x10Q\xc0\x00\x00\x00\x00\xc0\x10\x01\xc0\x00\x00\x00\x00\xf4\x10\x01\xc0\x00\x00\x00\x00\xf1\x10Q\xe2""4G \x00\xf6\xa3""3v\x00\x00""8\xf8\xb8`\x00""4\xc8\x8d\x18\x00\xec\xb4\x00\x0al\x00 \x00\xee\xa3\x01\xe2n\x00\x00\x00\xee\xa3\x03.\x00\x00X\x82\xad`\x00t\xc4\x00\x1c\x00\xf4\xa0\x08{\x00\x19\x00\x0c\xf6\x90\x00v\xc0\x00\x00\x10\xb6\xa4\x00z\x00\x19\x00\x0c\xf7\x90\x00w\xc0\x00\x00\x10v\xa4\x00""6\xaa\x08*\x04\xeb\xb3\x00kk\xc0*\x04\xeb\xb3\x00v\xaa\x01*\x04\xf7\xb3\x00ww\xc0*\x04\xf7\xb3\x00y\x00\x19\x00\x0c\xc2\x90\x00""B\xc0\x00\x00\x10\x82\xa4\x00x\x00\x19\x00\x0c\xf5\x90\x00u\xc0\x00\x00\x10""B\xa4\x00\x02\xaa\x03*\x04\xf5\xb3\x00uuw*\x00\xf5\xb3\x00uu\x00\x18\x00\xaa\xa5\x00""B\xaa""0*\x04\xc2\xb3\x00""BBk*\x00\xc2\xb3\x00""BB\x00$\x00""B\xa5\x00""B\x94\x02(\x00""B\xa5\x00jB\xc0\x98\x04""B\xf5\x00""B\xc0\xa5\x10!\xc2\xb4\x10\xc8\x00mQy\xed\xb4\x00\x02\x00m\x11\x01\xed\xb4\x00""B\xc8\xc0\x1d\x01\xc2\xb4\x00@\xc8\x00\x18\x00\xc0\xa0\x00n\x00\x00[\x02ma\x00""1\x02\xc0\x11\x00\xef\xb4\x00o\xc4\x00\x1c\x00\xef\xa0\x00\xd6\x02qQY\xee\xb4\x00oBn\x11""A\xf1\xb4\x00""4\x10\x00\x00\x00\xc2\x1a\x01""B\xd9\xff\xff\x07\xc0\x1f\x00\x09\xfe\xff\xff\xff\xc0\x18\x01@\x15\x01\x00\x00\xc0\x1f\x00\x00\x00\x00\x00\x00\xc0\x00\x10\xe2$\x02\x18\x82\x80`\x02\xe2\x00\x00\xb8\xf8\xb4`\x02\xe2\x00\x01{\x08La\x02\xe2\x10\x00\xb8\xf8\xa2`\x02\xe2 \x00\xb8\xf8\xa8`\x02\xe2""0\x00\xb8\xf8\xac`\x02\xe2P\x00\xb8\xf8\x92`\x02\xe2`\x00\xb8\xf8\x96`\x02\xe2p\x00\xb8\xf8\x9a`\x0a\x00\xc8\xab\x1c\x01\xc2\xb4\x00""2\x02\x00 \x00\xf8\xa3\x01\xe2x\x00\x00\x00\xf8\xa3\x13""8\x04\x00\x18\x82\xbc`\x00""8\x00\x00X\x82\xba` w\x00\x19\x00\x0c\xf7\x90\x00v\x00\x19\x00\x0c\xf6\x90\x00u\x00\x19\x00\x0c\xf5\x90\x00t\x00\x19\x00\x0c\xf4\x90\x00\x00\xc4\xab\x1c\x01\xfd\xb4\x00""e\x00\x19\x00\x0c\xe5\x90\x00""d\x00\x19\x00\x0c\xe4\x90\x00""c\x00\x19\x00\x0c\xe3\x90\x00""b\x00\x19\x00\x0c\xe2\x90\x00\x00\xc4\xab\x1c\x00\xfe\xb4\x00k\x00\x19\x00\x0c\xeb\x90\x00j\x00\x19\x00\x0c\xea\x90\x00i\x00\x19\x00\x0c\xe9\x90\x00h\x00\x19\x00\x0c\xe8\x90\x00\x00\xc8\xab\x1c\x00\xff\xb4\x00o\x00\x19\x00\x0c\xef\x90\x00n\x00\x19\x00\x0c\xee\x90\x00m\x00\x19\x00\x0c\xed\x90\x00l\x00\x19\x00\x0c\xec\x90\x00\x00\xc9\xab\x14\x00\xd0\xb4\x00\x00\xc9\xab\x1c\x00\xd1\xb4\x00U\x00\x19\x00\x0c\xd5\x90\x00T\x00\x19\x00\x0c\xd4\x90\x08v\x8c<\x05\x00|\xb2\x00w\x8c<\x06\x00\xbc\xb2\x00""8\x04\x00\x1b\x02|a\x10t\x8c:\x05\x00t\xb2\x00u\x8cz\x06\x00\xb4\xb2\x00x\x00\x00\x1b\x02ta\x00""2|\x00$\x00\xfa\xa3\x01\xe2z\x00\x00\x00\xde\xa3\x0b\x1e\x04\x00\x18\x82\x82`\x00\x1e\x00\x00X\x82\xba`\x00S\x00\x19\x00\x0c\xd3\x90\x00R\x00\x19\x00\x0c\xd2\x90\x00Y\x00\x19\x00\x0c\xd9\x90\x00X\x00\x19\x00\x0c\xd8\x90\x00W\x00\x19\x00\x0c\xd7\x90\x00V\x00\x19\x00\x0c\xd6\x90\x00]\x00\x19\x00\x0c\xdd\x90\x00\x5c\x00\x19\x00\x0c\xdc\x90\x00[\x00\x19\x00\x0c\xdb\x90\x00Z\x00\x19\x00\x0c\xda\x90\x00\x00\xcc\xab\x1c\x00\xe7\xb4\x08""d\x8c\x02\x05\x00""B\xb2\x00""e\x8c\x02\x06\x00\x82\xb2\x00\x1e\x04\x00\x1b\x02""Ba\x10""b\x8c:\x05\x00t\xb2\x00""c\x8cz\x06\x00\xb4\xb2\x00^\x00\x00\x1b\x02ta\x00""2>\x00 \x00\xfa\xa3\x01\xe2z\x00\x00\x00\xe0\xa3\x0b \x04\x00\x18\x82\x82`\x00 \x00\x00X\x82\xba`\x08j\x8c\x02\x05\x00""B\xb2\x00k\x8c\x02\x06\x00\x82\xb2\x00 \x04\x00\x1b\x02""Ba\x10h\x8c:\x05\x00t\xb2\x00i\x8cz\x06\x00\xb4\xb2\x00`\x00\x00\x1b\x02ta\x00\xe2\x80\x00x\xf8\x9e`\x02""2~\x00$\x00\xfa\xa3\x01\xe2@\x00\xb8\xf8\xbc`\x02\xe2z\x00\x00\x00\xe2\xa3\x0b\x22\x04\x00\x18\x82\x82`\x00\x22\x00\x00\x18\x82\xba`\x10""a\x00\x19\x00\x0c\xe1\x90\x00`\x00\x19\x00\x0c\xe0\x90 \x7f\x00\x19\x00\x0c\xff\x90\x00~\x00\x19\x00\x0c\xfe\x90\x08n\x8c\x02\x05\x00""B\xb2\x00o\x8c\x02\x06\x00\x82\xb2\x00\x22\x04\x00\x1b\x02""Ba\x00l\x8c:\x05\x00t\xb2\x00m\x8cz\x06\x00\xb4\xb2\x00""b\x00\x00\x1b\x02ta\x00""2\x10\x00 \x00\xfa\xa3\x01\xe2z\x00\x00\x00\xe4\xa3\x0b$\x04\x00\x18\x82\x82`\x00$\x00\x00X\x82\xba`\x00}\x00\x19\x00\x0c\xfd\x90\x00|\x00\x19\x00\x0c\xfc\x90\x00_\x00\x19\x00\x0c\xdf\x90\x00^\x00\x19\x00\x0c\xde\x90\x08~\x8c\x02\x05\x00""B\xb2\x00\x7f\x8c\x02\x06\x00\x82\xb2\x00$\x04\x00\x1b\x02""Ba\x10|\x8c:\x05\x00t\xb2\x00}\x8cz\x06\x00\xb4\xb2\x00""d\x00\x00\x1b\x02ta\x00\xe2\x90\x00x\xf8\xa2`\x02""2P\x00$\x00\xfa\xa3\x01\xe2z\x00\x00\x00\xe8\xa3\x0b(\x04\x00\x18\x82\x82`\x00(\x00\x00\x98\x82\xba`\x10""e\x00\x19\x00\x0c\xe5\x90\x00""d\x00\x19\x00\x0c\xe4\x90\x00""c\x00\x19\x00\x0c\xe3\x90\x08U\x8c\x02\x06\x00\x82\xb2\x00\x00\xca\xab\x14\x00\xd5\xb4\x00T\x8c\x02\x05\x00""B\xb2\x00(\x04\x00\x1b\x02""Ba R\x8c:\x05\x00t\xb2\x00S\x8cz\x06\x00\xb4\xb2\x00h\x00\x00\x1b\x02ta\x00""2T\x00$\x00\xfa\xa3\x01\xe2z\x00\x00\x00\xea\xa3\x0b*\x04\x00\x18\x82\x82`\x00*\x00\x00X\x82\xba`\x00""b\x00\x19\x00\x0c\xe2\x90\x08Y\x8c\x02\x06\x00\x82\xb2\x00\x00\xca\xab\x1c\x00\xd9\xb4\x00X\x8c\x02\x05\x00""B\xb2\x00*\x04\x00\x1b\x02""Ba\x10V\x8c:\x05\x00t\xb2\x00W\x8cz\x06\x00\xb4\xb2\x00j\x00\x00\x1b\x02ta\x00\xe2\xa0\x00x\xf8\xa8`\x02\xe2\xd0\x00\xb8\xf8\x94`\x02""2X\x00$\x00\xfa\xa3\x01\xe2z\x00\x00\x00\xec\xa3\x0b,\x04\x00\x18\x82\x82`\x00,\x00\x00\x98\x82\xba`\x10k\x00\x19\x00\x0c\xeb\x90\x00j\x00\x19\x00\x0c\xea\x90\x00i\x00\x19\x00\x0c\xe9\x90\x00h\x00\x19\x00\x0c\xe8\x90\x08]\x8c\x02\x06\x00\x82\xb2\x00\x00\xcb\xab\x14\x00\xdd\xb4\x00\x5c\x8c\x02\x05\x00""B\xb2\x00,\x04\x00\x1b\x02""Ba Z\x8c:\x05\x00t\xb2\x00[\x8cz\x06\x00\xb4\xb2\x00l\x00\x00\x1b\x02ta\x00""2\x5c\x00$\x00\xfa\xa3\x01\xe2\xe0\x00x\xf8\x9a`\x02\xe2z\x00\x00\x00\xee\xa3\x0b.\x04\x00\x18\x82\x82`\x00.\x00\x00\x98\x82\xba`\x00W\x00\x19\x00\x0c\xd7\x90\x00V\x00\x19\x00\x0c\xd6\x90\x00U\x00\x19\x00\x0c\xd5\x90\x00T\x00\x19\x00\x0c\xd4\x90\x10]\x00\x19\x00\x0c\xdd\x90\x00\x5c\x00\x19\x00\x0c\xdc\x90\x08""a\x8c\x02\x06\x00\x82\xb2\x00\x00\xcb\xab\x1c\x00\xe1\xb4\x00`\x8c\x02\x05\x00""B\xb2\x00.\x04\x00\x1b\x02""Ba ^\x8c:\x05\x00t\xb2\x00_\x8cz\x06\x00\xb4\xb2\x00n\x00\x00\x1b\x02ta\x00\xe2\xb0\x00x\xf8\xac`\x02""2`\x00$\x00\xfa\xa3\x01\xe2z\x00\x00\x00\xfc\xa3\x0b<\x04\x00\x18\x82\x82`\x00<\x00\x00\x98\x82\xba`\x00[\x00\x19\x00\x0c\xdb\x90\x00Z\x00\x19\x00\x0c\xda\x90\x10o\x00\x19\x00\x0c\xef\x90\x00n\x00\x19\x00\x0c\xee\x90\x00m\x00\x19\x00\x0c\xed\x90\x08""e\x8c\x02\x06\x00\x82\xb2\x00\x00\xcc\xab\x14\x00\xe5\xb4\x00""d\x8c\x02\x05\x00""B\xb2\x00<\x04\x00\x1b\x02""Ba b\x8c:\x05\x00t\xb2\x00""c\x8cz\x06\x00\xb4\xb2\x00|\x00\x00\x1b\x02ta\x00\xe2\xf0\x00x\xf8\xa0`\x02""2d\x00$\x00\xfa\xa3\x01\xe2z\x00\x00\x00\xfe\xa3\x0b>\x04\x00\x18\x82\x82`\x00>\x00\x00\x98\x82\xba`\x00l\x00\x19\x00\x0c\xec\x90\x10""b\x00\x19\x00\x0c\xe2\x90\x08j\x8c\x02\x05\x00""B\xb2\x00k\x8c\x02\x06\x00\x82\xb2\x00>\x04\x00\x1b\x02""Ba h\x8c:\x05\x00t\xb2\x00i\x8cz\x06\x00\xb4\xb2\x00~\x00\x00\x1b\x02ta\x00\xe2\xc0\x00x\xf8\xbc`\x02""2&\x00$\x00\xfa\xa3\x01\xe2z\x00\x00\x00\xd0\xa3\x0b\x10\x04\x00\x18\x82\x82`\x00\x10\x00\x00\x98\x82\xba`\x00\x00\xcd\xab\x14\x00\xe8\xb4\x00\x00\xcd\xab\x1c\x00\xe9\xb4\x00\x00\xce\xab\x14\x00\xea\xb4\x00@\xce\xab\x1c\x00\xc0\xb4\x00""2\x00\x00 \x00\xe4\xa3\x01""1\x00\x10\x00\x00\xc0\x90\x10\x7f\x00\x19\x00\x0c\xff\x90\x00~\x00\x19\x00\x0c\xfe\x90\x00}\x00\x19\x00\x0c\xfd\x90\x08n\x8c\x02\x05\x00""B\xb2\x00o\x8c\x02\x06\x00\x82\xb2\x00\x10\x04\x00\x1b\x02""Ba l\x8c:\x05\x00t\xb2\x00m\x8cz\x06\x00\xb4\xb2\x00P\x00\x00\x1b\x02ta\x00""2(\x00 \x00\xfa\xa3\x01\xe2z\x00\x00\x00\xd2\xa3\x0b\x12\x04\x00\x18\x82\x82`\x00\x12\x00\x00X\x82\xba`\x00|\x00\x19\x00\x0c\xfc\x90\x00""c\x00\x19\x00\x0c\xec\x90\x00""a\x00\x19\x00\x0c\xee\x90\x00`\x00\x19\x00\x0c\xef\x90\x08~\x8c\x02\x05\x00""B\xb2\x00\x7f\x8c\x02\x06\x00\x82\xb2\x00\x12\x04\x00\x1b\x02""Ba\x10|\x8c:\x05\x00t\xb2\x00}\x8cz\x06\x00\xb4\xb2\x00R\x00\x00\x1b\x02ta\x00""2h\x00$\x00\xfa\xa3\x01\xe2z\x00\x00\x00\xd8\xa3\x0b\x18\x04\x00\x18\x82\x82`\x00\x18\x00\x00X\x82\xba`\x00\xe2""d\x00\x00\x00\xe8\xa3\x0bV\x8c\x02\x05\x00""B\xb2\x00W\x8c\x02\x06\x00\x82\xb2\x00\x18\x04\x00\x1b\x02""Ba\x10T\x8c:\x05\x00t\xb2\x00U\x8cz\x06\x00\xb4\xb2\x00X\x00\x00\x1b\x02ta\x00""2j\x00 \x00\xfa\xa3\x01\xe2z\x00\x00\x00\xde\xa3\x0b\x1e\x04\x00\x18\x82\x82`\x00\x1e\x00\x00X\x82\xba`\x08\x5c\x8c\x02\x05\x00""B\xb2\x00]\x8c\x02\x06\x00\x82\xb2\x00\x1e\x04\x00\x1b\x02""Ba\x10Z\x8c:\x05\x00t\xb2\x00[\x8cz\x06\x00\xb4\xb2\x00^\x00\x00\x1b\x02ta\x08(\x04\x00\x18\x82\xab`\x00(\x00\x00X\x82\xad`\x08""b\x8c+\x05\x00v\xb2\x00l\x8ck\x06\x00\xb6\xb2\x00(\x04\x00[\x02va\x10o\x8c-\x05\x00""B\xb2\x00n\x8cm\x06\x00\x82\xb2\x00h\x00\x00\x9b\x02""Ba\x00\x00\x07\x00\x00\x10\xc0\x1f\x00\x00\x00\x00\x00\x00\xc0\x00 \xe2\x00\x01(\xf4\xb4`\x02@\x00\x19\x00\x0c\xc0\x90\x00@\xc0\x00\x00\x10@\xa4\x00@\x00\x01\x00\x00@\x9c\x08u\x00\xc0\x22\x04\xc8\xb3\x00t@\xc0\x22\x04\xf0\xb3Pq\x00\x10\x10\x00\xc0\x90\x00\x00\x07\x00\x00\x10\xc0\x1f\x00\x00\x00\x00\x00\x00\xc0\x00 \xe2\x08\x01(\xf4\x82`\x02@\x00\x19\x00\x0c\xc0\x90\x00@\xc0\x00\x00\x10@\xa4\x00@\x00\x01\x00\x00@\x9c\x08""C\x00\xc0\x22\x04\xc1\xb3\x00""B@\xc0\x22\x04\xc3\xb3PI\xc4\x00\x1c\x00\xc9\xa0\x00\x09\x03\x00\x00\x00\xc0\x1a\x01@\xbc\xfe\xff\x07\xc0\x1f\x00\x00\x00\x00\x00\x00\xc0\x00""0\xe2$\x02\x18\x82\x80`\x0a\x00\xc4\xac\x1c\x00\xc3\xb4\x00""C\xc0\x00\x12\x01\xc3\xb4\x00""CUUUU\xc3\x1a\x01\x03\xcf\x8e\x10\x00\xc8\xb4\x00\x03\xcf\x96\x14\x00\xc9\xb4\x00IH\x00\x00\x00\xc8\xa0\x00H\xc4\xc0\x1d\x01\xc8\xb4\x00\x03\xce\x8e\x18\x00\xde\xb4\x00H^\x00\x00\x00\xc8\xa0\x00H\xc4\xc0\x1d\x01\xc8\xb4\x00\x03\xce\x8e\x10\x00\xdf\xb4\x00H_\x00\x00\x00\xc8\xa0\x00H\xc4\xc0\x1d\x01\xc8\xb4\x00\x03\xcd\x8e\x18\x00\xe0\xb4\x00H`\x00\x00\x00\xc8\xa0\x00H\xc4\xc0\x1d\x01\xc8\xb4\x00\x03\xcd\x8e\x10\x00\xe1\xb4\x00Ha\x00\x00\x00\xc8\xa0\x00H\xc4\xc0\x1d\x01\xc8\xb4\x00\x03\xcc\x8e\x18\x00\xe2\xb4\x00Hb\x00\x00\x00\xc8\xa0\x00H\xc4\xc0\x1d\x01\xc8\xb4\x00\x03\xcc\x8e\x10\x00\xe3\xb4\x00Hc\x00\x00\x00\xc8\xa0\x00H\xc4\xc0\x1d\x01\xc8\xb4\x00\x03\xcb\x8e\x18\x00\xe4\xb4\x00Hd\x00\x00\x00\xc8\xa0\x00H\xc4\xc0\x1d\x01\xc8\xb4\x00\x03\xcb\x8e\x10\x00\xe5\xb4\x00He\x00\x00\x00\xc8\xa0\x00H\xc4\xc0\x1d\x01\xc8\xb4\x00\x03\xca\x8e\x18\x00\xe7\xb4\x00Hg\x00\x00\x00\xc8\xa0\x00H\xc4\xc0\x1d\x01\xc8\xb4\x00\x03\xca\x8e\x10\x00\xe8\xb4\x00Hh\x00\x00\x00\xc8\xa0\x00H\xc4\xc0\x1d\x01\xc8\xb4\x00\x03\xc9\x8e\x18\x00\xe9\xb4\x00Hi\x00\x00\x00\xc8\xa0\x00H\xc4\xc0\x1d\x01\xc8\xb4\x00\x03\xc9\x8e\x10\x00\xea\xb4\x00Hj\x00\x00\x00\xc8\xa0\x00H\xc4\xc0\x1d\x01\xc8\xb4\x00\x03\xc8\x8e\x18\x00\xeb\xb4\x00Hk\x00\x00\x00\xec\xa0\x00l\xc4\xc0\x1d\x01\xec\xb4\x00\xc8\xc0""C\x10q\xc3\xb4\x00lC\x00\x00\x00\xed\xa0\x00\x00\xcf\x8e\x10\x00\xc1\xb4\x00\x00\xcf\x96\x14\x00\xc2\xb4\x00""BA\x00\x00\x00\xc1\xa0\x00""A\xc4\xc0\x1d\x01\xc1\xb4\x00\x00\xce\x8e\x18\x00\xd1\xb4\x00""AQ\x00\x00\x00\xc1\xa0\x00""A\xc4\xc0\x1d\x01\xc1\xb4\x00\x00\xce\x8e\x10\x00\xd2\xb4\x00""AR\x00\x00\x00\xc1\xa0\x00""A\xc4\xc0\x1d\x01\xc1\xb4\x00\x00\xcd\x8e\x18\x00\xd3\xb4\x00""AS\x00\x00\x00\xc1\xa0\x00""A\xc4\xc0\x1d\x01\xc1\xb4\x00\x00\xcd\x8e\x10\x00\xd4\xb4\x00""AT\x00\x00\x00\xc1\xa0\x00""A\xc4\xc0\x1d\x01\xc1\xb4\x00\x00\xcc\x8e\x18\x00\xd5\xb4\x00""AU\x00\x00\x00\xc1\xa0\x00""A\xc4\xc0\x1d\x01\xc1\xb4\x00\x00\xcc\x8e\x10\x00\xd6\xb4\x00""AV\x00\x00\x00\xc1\xa0\x00""A\xc4\xc0\x1d\x01\xc1\xb4\x00\x00\xcb\x8e\x18\x00\xd7\xb4\x00""AW\x00\x00\x00\xc1\xa0\x00""A\xc4\xc0\x1d\x01\xc1\xb4\x00\x00\xcb\x8e\x10\x00\xd8\xb4\x00""AX\x00\x00\x00\xc1\xa0\x00""A\xc4\xc0\x1d\x01\xc1\xb4\x00\x00\xca\x8e\x18\x00\xd9\xb4\x00""AY\x00\x00\x00\xc1\xa0\x00""A\xc4\xc0\x1d\x01\xc1\xb4\x00\x00\xca\x8e\x10\x00\xda\xb4\x00""AZ\x00\x00\x00\xc1\xa0\x00""A\xc4\xc0\x1d\x01\xc1\xb4\x00\x00\xc9\x8e\x18\x00\xdb\xb4\x00""A[\x00\x00\x00\xc1\xa0\x00""A\xc4\xc0\x1d\x01\xc1\xb4\x00\x00\xc9\x8e\x10\x00\xdc\xb4\x00""A\x5c\x00\x00\x00\xc1\xa0\x00""A\xc4\xc0\x1d\x01\xc1\xb4\x00\x00\xc8\x8e\x18\x00\xdd\xb4\x00""A]\x00\x00\x00\xc1\xa0\x00""A\xc4\xc0\x1d\x01\xc1\xb4\x00\xc8\xc0@\x10q\xc0\xb4\x00""A@\x00\x00\x00\xc0\xa0\x00@m@m\x04\xc2P\x01\x02\xae\x0a \x80\xc0\xa3\x01""A\xc4\xc0\x1d\x00\xee\xb4\x00\x82.' \x00\xc0\xa3\x01@\x00\x00\x18\x82\x80`\x00n\xc8\x0a\x1c\x00\xef\xa0\x00""Bo\x01\x00\x00\xef\xa0\x00o\xca\x0a\x18\x00\xef\xa0\x08@o\xc0\x11\x00\xc0\xb4\x00\xe2""8\x02\x9b\x02@a\x02@\xc8\xad\x18\x01\xc0\xb4\x00\x84@\x00 \x00\xc0\xa3\x01@\x00\x00\x18\x82\x88`\x08\xe2 \x02[\x02Ha\x02\x08\x03\x00\x00\x00@\x18\x01@\x04\x00\x00""0\xc0\x1f\x00\xc0\x00\x00\x00\x00\xce\x10\x01\xc0\x00\x00\x00\x00\xcd\x10\x01\xc0\x00\x00\x00\x00\xc1\x10\x01\xc1\x0b\x00\x00\x00\xc0\x1f\x00\x00\x00\x00\x00\x00\xc0\x00\x10\xe2\x00\x00""8\xf8\x8c`\x0aO\x00\x19\x00\x0c\xc0\x90\x00N\x00\x19\x00\x0c\xc1\x90\x00""A\x8c\xc0\x04\x04""A\xb2\x00@\x8c\xc0\x04\x04\x81\xb2\x00M\x00\x19\x00\x0c\xef\x90\x00o\x8c\xc0\x04\x04\x8d\xb2\x00L\x00\x19\x00\x0c\xc2\x90\x00""B\x8c\xc0\x04\x04M\xb2\x00\xc0\x01\x00\x00\x00\xce\x10Q\x00\x00\x00\x00\x00\xc0\x00\x10\xe2 \x02\x00\x82\x80`\x0a@\x0c\x00\x00\x00@\x18\x01@\x0a\x00\x00 \xc0\x1f\x00\xe2\x10\x00""8\xf8\xb0`\x02N\xc4\x00\x1c\x00\xce\xa0\x08s\x00\x19\x00\x0c\xc0\x90\x00@\x8c\x01\x06\x00\x81\xb2\x00r\x00\x19\x00\x0c\xc2\x90\x00""B\x8c\x01\x05\x00""A\xb2\x00q\x00\x19\x00\x0c\xee\x90\x00n\x8c\x0d\x06\x00\x8d\xb2\x00p\x00\x19\x00\x0c\xef\x90\x00o\x8c\x0d\x05\x00M\xb2P\xe2 \x02\x00\x82\x80`\x0a@0\x00\x00\x00@\x18\x01@\x0a\x00\x00 \xc0\x1f\x00\xe2 \x00""8\xf8\xb0`\x02N\xc4\x00\x1c\x00\xce\xa0\x08s\x00\x19\x00\x0c\xc0\x90\x00@\x8c\x01\x06\x00\x81\xb2\x00r\x00\x19\x00\x0c\xc2\x90\x00""B\x8c\x01\x05\x00""A\xb2\x00q\x00\x19\x00\x0c\xee\x90\x00n\x8c\x0d\x06\x00\x8d\xb2\x00p\x00\x19\x00\x0c\xef\x90\x00o\x8c\x0d\x05\x00M\xb2P\xe2 \x02\x00\x82\x80`\x0a@\xc0\x00\x00\x00@\x18\x01@\x0a\x00\x00 \xc0\x1f\x00\xe2""0\x00""8\xf8\xb0`\x02N\xc4\x00\x1c\x00\xce\xa0\x08s\x00\x19\x00\x0c\xc0\x90\x00@\x8c\x01\x06\x00\x81\xb2\x00r\x00\x19\x00\x0c\xc2\x90\x00""B\x8c\x01\x05\x00""A\xb2\x00q\x00\x19\x00\x0c\xee\x90\x00n\x8c\x0d\x06\x00\x8d\xb2\x00p\x00\x19\x00\x0c\xef\x90\x00o\x8c\x0d\x05\x00M\xb2P\xe2!\x02\x00\x82\x80`\x0a@\x03\x00\x00\x00@\x18\x01@\x0a\x00\x00 \xc0\x1f\x00\xe2@\x00""8\xf8\xb0`\x02N\xc4\x00\x1c\x00\xce\xa0\x08s\x00\x19\x00\x0c\xc0\x90\x00@\x8c\x01\x06\x00\x81\xb2\x00r\x00\x19\x00\x0c\xc2\x90\x00""B\x8c\x01\x05\x00""A\xb2\x00q\x00\x19\x00\x0c\xee\x90\x00n\x8c\x0d\x06\x00\x8d\xb2\x00p\x00\x19\x00\x0c\xef\x90\x00o\x8c\x0d\x05\x00M\xb2P\xe2!\x02\x00\x82\x80`\x0a@\x0c\x00\x00\x00@\x18\x01@\x0a\x00\x00 \xc0\x1f\x00\xe2P\x00""8\xf8\xb0`\x02N\xc4\x00\x1c\x00\xce\xa0\x08s\x00\x19\x00\x0c\xc0\x90\x00@\x8c\x01\x06\x00\x81\xb2\x00r\x00\x19\x00\x0c\xc2\x90\x00""B\x8c\x01\x05\x00""A\xb2\x00q\x00\x19\x00\x0c\xee\x90\x00n\x8c\x0d\x06\x00\x8d\xb2\x00p\x00\x19\x00\x0c\xef\x90\x00o\x8c\x0d\x05\x00M\xb2P\xe2!\x02\x00\x82\x80`\x0a@0\x00\x00\x00@\x18\x01@\x0a\x00\x00 \xc0\x1f\x00\xe2`\x00""8\xf8\xb0`\x02N\xc4\x00\x1c\x00\xce\xa0\x08s\x00\x19\x00\x0c\xc0\x90\x00@\x8c\x01\x06\x00\x81\xb2\x00r\x00\x19\x00\x0c\xc2\x90\x00""B\x8c\x01\x05\x00""A\xb2\x00q\x00\x19\x00\x0c\xee\x90\x00n\x8c\x0d\x06\x00\x8d\xb2\x00p\x00\x19\x00\x0c\xef\x90\x00o\x8c\x0d\x05\x00M\xb2P\xe2 \x02\x08\x82\x80`\x0a@\x8c\xc0\x84!@\xf1\x00@\x0a\x00\x00 \xc0\x1f\x00\xe2p\x00""8\xf8\xb0`\x02N\xc4\x00\x1c\x00\xce\xa0\x08s\x00\x19\x00\x0c\xc0\x90\x00@\x8c\x01\x06\x00\x81\xb2\x00r\x00\x19\x00\x0c\xc2\x90\x00""B\x8c\x01\x05\x00""A\xb2\x00q\x00\x19\x00\x0c\xee\x90\x00n\x8c\x0d\x06\x00\x8d\xb2\x00p\x00\x19\x00\x0c\xef\x90\x00o\x8c\x0d\x05\x00M\xb2P\xe2\x22\x02\x00\x82\x80`\x0a@\x03\x00\x00\x00@\x18\x01@\x0a\x00\x00 \xc0\x1f\x00\xe2\x80\x00""8\xf8\xb0`\x02N\xc4\x00\x1c\x00\xce\xa0\x08s\x00\x19\x00\x0c\xc0\x90\x00@\x8c\x01\x06\x00\x81\xb2\x00r\x00\x19\x00\x0c\xc2\x90\x00""B\x8c\x01\x05\x00""A\xb2\x00q\x00\x19\x00\x0c\xee\x90\x00n\x8c\x0d\x06\x00\x8d\xb2\x00p\x00\x19\x00\x0c\xef\x90\x00o\x8c\x0d\x05\x00M\xb2P\xe2\x22\x02\x00\x82\x80`\x0a@\x0c\x00\x00\x00@\x18\x01@\x0a\x00\x00 \xc0\x1f\x00\xe2\x90\x00""8\xf8\xb0`\x02N\xc4\x00\x1c\x00\xce\xa0\x08s\x00\x19\x00\x0c\xc0\x90\x00@\x8c\x01\x06\x00\x81\xb2\x00r\x00\x19\x00\x0c\xc2\x90\x00""B\x8c\x01\x05\x00""A\xb2\x00q\x00\x19\x00\x0c\xee\x90\x00n\x8c\x0d\x06\x00\x8d\xb2\x00p\x00\x19\x00\x0c\xef\x90\x00o\x8c\x0d\x05\x00M\xb2P\xe2\x22\x02\x00\x82\x80`\x0a@0\x00\x00\x00@\x18\x01@\x0a\x00\x00 \xc0\x1f\x00\xe2\xa0\x00""8\xf8\xb0`\x02N\xc4\x00\x1c\x00\xce\xa0\x08s\x00\x19\x00\x0c\xc0\x90\x00@\x8c\x01\x06\x00\x81\xb2\x00r\x00\x19\x00\x0c\xc2\x90\x00""B\x8c\x01\x05\x00""A\xb2\x00q\x00\x19\x00\x0c\xee\x90\x00n\x8c\x0d\x06\x00\x8d\xb2\x00p\x00\x19\x00\x0c\xef\x90\x00o\x8c\x0d\x05\x00M\xb2P\xe2\x22\x02\x00\x82\x80`\x0a@\xc0\x00\x00\x00@\x18\x01@\x0a\x00\x00 \xc0\x1f\x00\xe2\xb0\x00""8\xf8\xb0`\x02N\xc4\x00\x1c\x00\xce\xa0\x08s\x00\x19\x00\x0c\xc0\x90\x00@\x8c\x01\x06\x00\x81\xb2\x00r\x00\x19\x00\x0c\xc2\x90\x00""B\x8c\x01\x05\x00""A\xb2\x00q\x00\x19\x00\x0c\xee\x90\x00n\x8c\x0d\x06\x00\x8d\xb2\x00p\x00\x19\x00\x0c\xef\x90\x00o\x8c\x0d\x05\x00M\xb2P\xe2#\x02\x00\x82\x80`\x0a@\x03\x00\x00\x00@\x18\x01@\x0a\x00\x00 \xc0\x1f\x00\xe2\xc0\x00""8\xf8\xb0`\x02N\xc4\x00\x1c\x00\xce\xa0\x08s\x00\x19\x00\x0c\xc0\x90\x00@\x8c\x01\x06\x00\x81\xb2\x00r\x00\x19\x00\x0c\xc2\x90\x00""B\x8c\x01\x05\x00""A\xb2\x00q\x00\x19\x00\x0c\xee\x90\x00n\x8c\x0d\x06\x00\x8d\xb2\x00p\x00\x19\x00\x0c\xef\x90\x00o\x8c\x0d\x05\x00M\xb2P\xe2#\x02\x00\x82\x80`\x0a@\x0c\x00\x00\x00@\x18\x01@\x0a\x00\x00 \xc0\x1f\x00\xe2\xd0\x00""8\xf8\xb0`\x02N\xc4\x00\x1c\x00\xce\xa0\x08s\x00\x19\x00\x0c\xc0\x90\x00@\x8c\x01\x06\x00\x81\xb2\x00r\x00\x19\x00\x0c\xc2\x90\x00""B\x8c\x01\x05\x00""A\xb2\x00q\x00\x19\x00\x0c\xee\x90\x00n\x8c\x0d\x06\x00\x8d\xb2\x00p\x00\x19\x00\x0c\xef\x90\x00o\x8c\x0d\x05\x00M\xb2P\xe2 \x02\x18\x82\x80`\x0a\x00\x00\x00\x00""0\xc2\x18\x01""B\x0b\x00\x00\x00\xc0\x1f\x00\xe2\xe0\x00""8\xf8\xb0`\x02N\xc4\x00\x1c\x00\xce\xa0\x08s\x00\x19\x00\x0c\xc0\x90\x00@\x8c\x01\x06\x00\x81\xb2\x00\xe2 \x02\x18\x82\x80`\x02r\x00\x19\x00\x0c\xc2\x90\x00""B\x8c\x01\x05\x00""A\xb2\x00q\x00\x19\x00\x0c\xee\x90\x00n\x8c\x0d\x06\x00\x8d\xb2\x00p\x00\x19\x00\x0c\xef\x90\x00o\x8c\x0d\x05\x00M\xb2P\x00\x00\x00\x00\x00\xc0\x00\x08@\x00\x00\x00\xc0\xc0\x18\x01@\x0a\x00\x00\x00\xc0\x1f\x00\xe2\xf0\x00""8\xf8\xb0`\x02N\xc4\x00\x1c\x00\xce\xa0\x08s\x00\x19\x00\x0c\xc0\x90\x00@\x8c\x01\x06\x00\x81\xb2\x00r\x00\x19\x00\x0c\xc2\x90\x00""B\x8c\x01\x05\x00""A\xb2\x00q\x00\x19\x00\x0c\xee\x90\x00n\x8c\x0d\x06\x00\x8d\xb2\x00p\x00\x19\x00\x0c\xef\x90\x00o\x8c\x0d\x05\x00M\xb2P\xc0\x00\x00\x00\x00\xc9\x10\x01\xc0\x00\x00\x00\x00\xca\x10\x01\xc0\x00\x00\x00\x00\xcb\x10\x01\xc0\x00\x00\x00\x00\xcc\x10\x01\x0e\xb5\x01\x00\x10\xc0\x1f\x00\x0e\x00\x19\x00\x0c\xc0\x90\x00@\xc0\x00\x00\x10@\xa4\x00@\x00\x01\x00\x00L\x9c\x00""A\x0c\xc0\x22\x04\xca\xb3\x00M\x0c\xc0\x22\x04\xc1\xb3\x00N\x01\x00\x00\x00\xc0\x1a\x01@\x89\x00\x00\x10\xc0\x1f\x00\xc0\x00\x00\x00\x00\xcb\x10\x01\xc0\x00\x00\x00\x00\xf5\x91\x00\xc0 \x02\x00\x00\xf4\x10\x01\xc0\x00\x00\x00\x00\xce\x10\x01\xc0\x00\x00\x00\x00\xc0\x10\x01\xc0\x00\x00\x00\x00\xf0\x10\x01\xc0\x00\x00\x00\x00\xf1\x10\x01\xc0\x00\x00\x00\x00\xcd\x10\x01\xc0\x00\x00\x00\x00\xf2\x10\x01\xc0\x00\x00\x00\x00\xcf\x10\x01\xc0\x00\x00\x00\x00\xf3\x10Q3\xc8\x8d\x18\x00\xc2\xb4\x00""4B\x00 \x00\xc2\xa3\x01\xe2""B\x00\x00\x00\xc2\xa3\x03""B\x00\x00\x18\x82\x82`\x08""B\x0b\x8e\x10\x00\xc2\xb4\x00""B\x12\x00\x00\x00\xc0\x1f\x00\xe2""2G$\x00\xc2\xa3\x03""B\x00\x00""8\xf8\xb8`\x08{\x00\x19\x00\x0c\xc2\x90\x00z\x00\x19\x00\x0c\xc3\x90\x00""C\x8c\x0a\x05\x04""C\xb2\x00""B\x8c\x0a\x06\x04\x83\xb2\x00\x03\x03I.\x00\xc9\xb3\x00\x03\x03@\x22\x00\xc0\xb3\x00y\x00\x19\x00\x0c\xef\x90\x00x\x00\x19\x00\x0c\xf6\x90\x00v\x8c\x01\x05\x04v\xb2\x00\x03""6r\x22\x00\xf2\xb3\x00o\x8c\x01\x06\x04\xb6\xb2\x00""6\x03N.\x00\xce\xb3\x00""6\x03p\x22\x00\xf0\xb3\x00""C6q.\x00\xf1\xb3\x00""66M.\x00\xcd\xb3\x00vvO\x22\x00\xcf\xb3Ps\xc4\x00\x1c\x00\xf3\xa0\x00""3\x10\x00\x00\x00\xc2\x1a\x01K\xc8\x00\x18\x00\xcb\xa0\x00""B\xe4\xff\xff\x07\xc0\x1f\x00M\x0c\xc0\x22\x04\xcd\xb3\x00O\x0c\xc0\x22\x04\xcb\xb3\x00\x0b\x0d\x00$\x00""B\xa5\x00@\x0c\xc0\x22\x04\xc0\xb3\x00""B\x00\x00(\x00""B\xa5\x00I\x0c\xc0\x22\x04\xc9\xb3\x00""B\x09\x00$\x00""B\xa5\x00""B\x8f\xc0\x90\x04\xc2\xf4\x00""BY\x00\x00\x00\xc0\x1f\x00N\x0c\xc0\x22\x04\xcf\xb3\x00p\x0c\xc0\x22\x04\xce\xb3\x00q\x0c\xc0\x22\x04\xf0\xb3\x00""0\x90\xc0*\x04\xc2\xb3\x00\x0d\x91""B*\x00\xc2\xb3\x00""BB\x00\x18\x00\xb1\xa5\x00rL\xc0\x22\x04\xcc\xb3\x00\x0c\x90\xc0*\x04\xed\xb3\x00\x0b\x91m*\x00\xed\xb3\x00mm\x00$\x00q\xa5\x00\x09\x90\xc0*\x04\xc3\xb3\x00\x0f\x91""C*\x00\xc3\xb3\x00""CC\x00\x18\x00\xb3\xa5\x00\x00\x90\xc0*\x04\xee\xb3\x00\x0e\x91n*\x00\xee\xb3\x00nn\x00$\x00s\xa5\x00""33\xc0*\x04\xef\xb3\x00""11o*\x00\xef\xb3\x00oo\x00$\x00r\xa5\x00""2\x92\xc0\x90\x01\xc2\xf4\x00""B\x03\x00\x00\x10\xc0\x1f\x00r\x00\x03\x00\x00""B\x9c\x00s\x02\xc0\x22\x04\xf3\xb3\x00qB\xc0\x22\x04\xf1\xb3P3\x09\xc0*\x04\xc3\xb3\x00""1\x0f""C*\x00\xc3\xb3\x00""CC\x00\x18\x00\xb4\xa5\x00""3\x00\xc0*\x04\xee\xb3\x00""1\x0en*\x00\xee\xb3\x00nn\x00$\x00t\xa5\x00""44\xc0*\x04\xef\xb3\x00""30\xc0*\x04\xc2\xb3\x00""1\x0d""B*\x00\xc2\xb3\x00""BB\x00\x18\x00\xb2\xa5\x00s\x0c\xc0*\x04\xed\xb3\x00q\x0bm*\x00\xed\xb3\x00mm\x00$\x00r\xa5\x00""22o*\x00\xef\xb3\x00oo\x00$\x00q\xa5\x00""1\x92\xc0\x90\x01\xc2\xf4\x00""B\x03\x00\x00\x10\xc0\x1f\x00q\x00\x03\x00\x00""B\x9c\x00t\x02\xc0\x22\x04\xf4\xb3\x00rB\xc0\x22\x04\xf2\xb3P4\x09\xc0*\x04\xc3\xb3\x00""2\x0f""C*\x00\xc3\xb3\x00""CC\x00\x18\x00\xb3\xa5\x00""4\x00\xc0*\x04\xee\xb3\x00""2\x0en*\x00\xee\xb3\x00nn\x00$\x00s\xa5\x00""33\xc0*\x04\xef\xb3\x00""40\xc0*\x04\xc2\xb3\x00""2\x0d""B*\x00\xc2\xb3\x00""BB\x00\x18\x00\xb1\xa5\x00t\x0c\xc0*\x04\xed\xb3\x00r\x0bm*\x00\xed\xb3\x00mm\x00$\x00q\xa5\x00""11o*\x00\xef\xb3\x00oo\x00$\x00r\xa5\x00""2\x92\xc0\x90\x01\xc2\xf4\x00""B\x03\x00\x00\x10\xc0\x1f\x00r\x00\x03\x00\x00""B\x9c\x00s\x02\xc0\x22\x04\xf3\xb3\x00qB\xc0\x22\x04\xf1\xb3P3I\xc0*\x04\xc3\xb3\x00""1OC*\x00\xc3\xb3\x00""CC\x00\x18\x00\x89\xa5\x00""3@\xc0*\x04\xc0\xb3\x00""1N@*\x00\xc0\xb3\x00@@\x00$\x00I\xa5\x00\x09\x09\xc0*\x04\xc0\xb3\x00""3p\xc0*\x04\xc2\xb3\x00""1MB*\x00\xc2\xb3\x00""BB\x00\x18\x00\x8d\xa5\x00sL\xc0*\x04\xef\xb3\x00qKo*\x00\xef\xb3\x00oo\x00$\x00M\xa5\x00\x0d\x0d@*\x00\xc0\xb3\x00@@\x00$\x00@\xa5\x00\x00\x92\xc0\x90\x01\xc2\xf4\x00""B\x03\x00\x00\x10\xc0\x1f\x00@\x00\x03\x00\x00@\x9c\x00I\x00\xc0\x22\x04\xc9\xb3\x00M@\xc0\x22\x04\xcd\xb3P\x09\x09\xc0*\x04\xc0\xb3\x00\x0d\x0d@*\x00\xc0\xb3\x00@@\x00$\x00@\xa5\x00@\x92\xc0\x90\x04\xc0\xf4\x00@\x05\x00\x00\x10\xc0\x1f\x00J\xc0\x00(\x13\xca\xa5\x00\x0a\x00\x00\x00\x00\xcc\x91\x00""A\xc0\x00(\x13\xc9\xa5\x00\x09\x00\x00\x00\x00\xcb\x91\x00\xc1 \x01\x00\x00\xc0\x1f\x00\xe2 \x02\x00\x82\x80`\x02\x0d\x0d\xc4\x14\x00\xef\xb2\x00\x0d\x0do(\x00\xef\xb2\x00\x09\x09o\x14\x00\xef\xb2\x00\x09\x09o(\x00\xef\xb2\x00o\x00\x02\x00\x00\xef\x9c\x08@\x03\x00\x00\x00""B\x18\x01o\x93\x00\xc0\x00@\xa4\x00I\x00\xc0\x22\x06\xc9\xb3\x00M@\xc0\x22\x06\xcd\xb3\x00""B\x03\x00\x00""0\xc0\x1f\x00\xc0\xd0""c\xd0""cN\x10\x01\xc0\xd0\xe3\xd0\xe3K\x10\x01\xc1\x0e\x00\x00\x00\xc0\x1f\x00\xe2\x00\x00""8\xf8\xb0`\x0as\x00\x19\x00\x0c\xef\x90\x00r\x00\x19\x00\x0c\xc3\x90\x00""C\x8c\x0a\x05\x04""C\xb2\x00o\x8c\x0a\x06\x04\x83\xb2\x00q\x00\x19\x00\x0c\xc0\x90\x00p\x00\x19\x00\x0c\xc2\x90\x00""B\x8c\x01\x05\x04""B\xb2\x00@\x8c\x01\x06\x04\x82\xb2\x00""C\x09\xc0*\x04\xc0\xb3\x00""B\x0d@*\x00\xc0\xb3\x00@@\x00$\x00@\xa5\x00\x00\x94\x02(\x00N\xa5\x00@\x94\x03$\x00K\xa5P\xe2 \x02\x00\x82\x80`\x0a@\x0c\x00\x00\x00@\x18\x01@\x0e\x00\x00 \xc0\x1f\x00\xe2\x10\x00""8\xf8\xb0`\x0as\x00\x19\x00\x0c\xef\x90\x00r\x00\x19\x00\x0c\xc3\x90\x00""C\x8c\x0a\x05\x04""C\xb2\x00o\x8c\x0a\x06\x04\x83\xb2\x00q\x00\x19\x00\x0c\xc0\x90\x00p\x00\x19\x00\x0c\xc2\x90\x00""B\x8c\x01\x05\x04""B\xb2\x00@\x8c\x01\x06\x04\x82\xb2\x00""C\x09\xc0*\x04\xc0\xb3\x00""B\x0d@*\x00\xc0\xb3\x00@@\x00$\x00@\xa5\x00N\x00\x02(\x00N\xa5\x00K@\x03(\x00K\xa5P\xe2 \x02\x00\x82\x80`\x0a@0\x00\x00\x00@\x18\x01@\x0e\x00\x00 \xc0\x1f\x00\xe2 \x00""8\xf8\xb0`\x0as\x00\x19\x00\x0c\xef\x90\x00r\x00\x19\x00\x0c\xc3\x90\x00""C\x8c\x0a\x05\x04""C\xb2\x00o\x8c\x0a\x06\x04\x83\xb2\x00q\x00\x19\x00\x0c\xc0\x90\x00p\x00\x19\x00\x0c\xc2\x90\x00""B\x8c\x01\x05\x04""B\xb2\x00@\x8c\x01\x06\x04\x82\xb2\x00""C\x09\xc0*\x04\xc0\xb3\x00""B\x0d@*\x00\xc0\xb3\x00@@\x00$\x00@\xa5\x00N\x00\x02(\x00N\xa5\x00K@\x03(\x00K\xa5P\xe2 \x02\x00\x82\x80`\x0a@\xc0\x00\x00\x00@\x18\x01@\x0e\x00\x00 \xc0\x1f\x00\xe2""0\x00""8\xf8\xb0`\x0as\x00\x19\x00\x0c\xef\x90\x00r\x00\x19\x00\x0c\xc3\x90\x00""C\x8c\x0a\x05\x04""C\xb2\x00o\x8c\x0a\x06\x04\x83\xb2\x00q\x00\x19\x00\x0c\xc0\x90\x00p\x00\x19\x00\x0c\xc2\x90\x00""B\x8c\x01\x05\x04""B\xb2\x00@\x8c\x01\x06\x04\x82\xb2\x00""C\x09\xc0*\x04\xc0\xb3\x00""B\x0d@*\x00\xc0\xb3\x00@@\x00$\x00@\xa5\x00N\x00\x02(\x00N\xa5\x00K@\x03(\x00K\xa5P\xe2!\x02\x00\x82\x80`\x0a@\x03\x00\x00\x00@\x18\x01@\x0e\x00\x00 \xc0\x1f\x00\xe2@\x00""8\xf8\xb0`\x0as\x00\x19\x00\x0c\xef\x90\x00r\x00\x19\x00\x0c\xc3\x90\x00""C\x8c\x0a\x05\x04""C\xb2\x00o\x8c\x0a\x06\x04\x83\xb2\x00q\x00\x19\x00\x0c\xc0\x90\x00p\x00\x19\x00\x0c\xc2\x90\x00""B\x8c\x01\x05\x04""B\xb2\x00@\x8c\x01\x06\x04\x82\xb2\x00""C\x09\xc0*\x04\xc0\xb3\x00""B\x0d@*\x00\xc0\xb3\x00@@\x00$\x00@\xa5\x00N\x00\x02(\x00N\xa5\x00K@\x03(\x00K\xa5P\xe2!\x02\x00\x82\x80`\x0a@\x0c\x00\x00\x00@\x18\x01@\x0e\x00\x00 \xc0\x1f\x00\xe2P\x00""8\xf8\xb0`\x0as\x00\x19\x00\x0c\xef\x90\x00r\x00\x19\x00\x0c\xc3\x90\x00""C\x8c\x0a\x05\x04""C\xb2\x00o\x8c\x0a\x06\x04\x83\xb2\x00q\x00\x19\x00\x0c\xc0\x90\x00p\x00\x19\x00\x0c\xc2\x90\x00""B\x8c\x01\x05\x04""B\xb2\x00@\x8c\x01\x06\x04\x82\xb2\x00""C\x09\xc0*\x04\xc0\xb3\x00""B\x0d@*\x00\xc0\xb3\x00@@\x00$\x00@\xa5\x00N\x00\x02(\x00N\xa5\x00K@\x03(\x00K\xa5P\xe2!\x02\x00\x82\x80`\x0a@0\x00\x00\x00@\x18\x01@\x0e\x00\x00 \xc0\x1f\x00\xe2`\x00""8\xf8\xb0`\x0as\x00\x19\x00\x0c\xef\x90\x00r\x00\x19\x00\x0c\xc3\x90\x00""C\x8c\x0a\x05\x04""C\xb2\x00o\x8c\x0a\x06\x04\x83\xb2\x00q\x00\x19\x00\x0c\xc0\x90\x00p\x00\x19\x00\x0c\xc2\x90\x00""B\x8c\x01\x05\x04""B\xb2\x00@\x8c\x01\x06\x04\x82\xb2\x00""C\x09\xc0*\x04\xc0\xb3\x00""B\x0d@*\x00\xc0\xb3\x00@@\x00$\x00@\xa5\x00N\x00\x02(\x00N\xa5\x00K@\x03(\x00K\xa5P\xe2 \x02\x08\x82\x80`\x0a@\x8c\xc0\x84!@\xf1\x00@\x0e\x00\x00 \xc0\x1f\x00\xe2p\x00""8\xf8\xb0`\x0as\x00\x19\x00\x0c\xef\x90\x00r\x00\x19\x00\x0c\xc3\x90\x00""C\x8c\x0a\x05\x04""C\xb2\x00o\x8c\x0a\x06\x04\x83\xb2\x00q\x00\x19\x00\x0c\xc0\x90\x00p\x00\x19\x00\x0c\xc2\x90\x00""B\x8c\x01\x05\x04""B\xb2\x00@\x8c\x01\x06\x04\x82\xb2\x00""C\x09\xc0*\x04\xc0\xb3\x00""B\x0d@*\x00\xc0\xb3\x00@@\x00$\x00@\xa5\x00N\x00\x02(\x00N\xa5\x00K@\x03(\x00K\xa5P\xe2\x22\x02\x00\x82\x80`\x0a@\x03\x00\x00\x00@\x18\x01@\x0e\x00\x00 \xc0\x1f\x00\xe2\x80\x00""8\xf8\xb0`\x0as\x00\x19\x00\x0c\xef\x90\x00r\x00\x19\x00\x0c\xc3\x90\x00""C\x8c\x0a\x05\x04""C\xb2\x00o\x8c\x0a\x06\x04\x83\xb2\x00q\x00\x19\x00\x0c\xc0\x90\x00p\x00\x19\x00\x0c\xc2\x90\x00""B\x8c\x01\x05\x04""B\xb2\x00@\x8c\x01\x06\x04\x82\xb2\x00""C\x09\xc0*\x04\xc0\xb3\x00""B\x0d@*\x00\xc0\xb3\x00@@\x00$\x00@\xa5\x00N\x00\x02(\x00N\xa5\x00K@\x03(\x00K\xa5P\xe2\x22\x02\x00\x82\x80`\x0a@\x0c\x00\x00\x00@\x18\x01@\x0e\x00\x00 \xc0\x1f\x00\xe2\x90\x00""8\xf8\xb0`\x0as\x00\x19\x00\x0c\xef\x90\x00r\x00\x19\x00\x0c\xc3\x90\x00""C\x8c\x0a\x05\x04""C\xb2\x00o\x8c\x0a\x06\x04\x83\xb2\x00q\x00\x19\x00\x0c\xc0\x90\x00p\x00\x19\x00\x0c\xc2\x90\x00""B\x8c\x01\x05\x04""B\xb2\x00@\x8c\x01\x06\x04\x82\xb2\x00""C\x09\xc0*\x04\xc0\xb3\x00""B\x0d@*\x00\xc0\xb3\x00@@\x00$\x00@\xa5\x00N\x00\x02(\x00N\xa5\x00K@\x03(\x00K\xa5P\xe2\x22\x02\x00\x82\x80`\x0a@0\x00\x00\x00@\x18\x01@\x0e\x00\x00 \xc0\x1f\x00\xe2\xa0\x00""8\xf8\xb0`\x0as\x00\x19\x00\x0c\xef\x90\x00r\x00\x19\x00\x0c\xc3\x90\x00""C\x8c\x0a\x05\x04""C\xb2\x00o\x8c\x0a\x06\x04\x83\xb2\x00q\x00\x19\x00\x0c\xc0\x90\x00p\x00\x19\x00\x0c\xc2\x90\x00""B\x8c\x01\x05\x04""B\xb2\x00@\x8c\x01\x06\x04\x82\xb2\x00""C\x09\xc0*\x04\xc0\xb3\x00""B\x0d@*\x00\xc0\xb3\x00@@\x00$\x00@\xa5\x00N\x00\x02(\x00N\xa5\x00K@\x03(\x00K\xa5P\xe2\x22\x02\x00\x82\x80`\x0a@\xc0\x00\x00\x00@\x18\x01@\x0e\x00\x00 \xc0\x1f\x00\xe2\xb0\x00""8\xf8\xb0`\x0as\x00\x19\x00\x0c\xef\x90\x00r\x00\x19\x00\x0c\xc3\x90\x00""C\x8c\x0a\x05\x04""C\xb2\x00o\x8c\x0a\x06\x04\x83\xb2\x00q\x00\x19\x00\x0c\xc0\x90\x00p\x00\x19\x00\x0c\xc2\x90\x00""B\x8c\x01\x05\x04""B\xb2\x00@\x8c\x01\x06\x04\x82\xb2\x00""C\x09\xc0*\x04\xc0\xb3\x00""B\x0d@*\x00\xc0\xb3\x00@@\x00$\x00@\xa5\x00N\x00\x02(\x00N\xa5\x00K@\x03(\x00K\xa5P\xe2#\x02\x00\x82\x80`\x0a@\x03\x00\x00\x00@\x18\x01@\x0e\x00\x00 \xc0\x1f\x00\xe2\xc0\x00""8\xf8\xb0`\x0as\x00\x19\x00\x0c\xef\x90\x00r\x00\x19\x00\x0c\xc3\x90\x00""C\x8c\x0a\x05\x04""C\xb2\x00o\x8c\x0a\x06\x04\x83\xb2\x00q\x00\x19\x00\x0c\xc0\x90\x00p\x00\x19\x00\x0c\xc2\x90\x00""B\x8c\x01\x05\x04""B\xb2\x00@\x8c\x01\x06\x04\x82\xb2\x00""C\x09\xc0*\x04\xc0\xb3\x00""B\x0d@*\x00\xc0\xb3\x00@@\x00$\x00@\xa5\x00N\x00\x02(\x00N\xa5\x00K@\x03(\x00K\xa5P\xe2#\x02\x00\x82\x80`\x0a@\x0c\x00\x00\x00@\x18\x01@\x0e\x00\x00 \xc0\x1f\x00\xe2\xd0\x00""8\xf8\xb0`\x0as\x00\x19\x00\x0c\xef\x90\x00r\x00\x19\x00\x0c\xc3\x90\x00""C\x8c\x0a\x05\x04""C\xb2\x00o\x8c\x0a\x06\x04\x83\xb2\x00q\x00\x19\x00\x0c\xc0\x90\x00p\x00\x19\x00\x0c\xc2\x90\x00""B\x8c\x01\x05\x04""B\xb2\x00@\x8c\x01\x06\x04\x82\xb2\x00""C\x09\xc0*\x04\xc0\xb3\x00""B\x0d@*\x00\xc0\xb3\x00@@\x00$\x00@\xa5\x00N\x00\x02(\x00N\xa5\x00K@\x03(\x00K\xa5P\xe2 \x02\x18\x82\x80`\x0a\x00\x00\x00\x00""0\xc2\x18\x01""B\x0f\x00\x00\x00\xc0\x1f\x00\xe2\xe0\x00""8\xf8\xb0`\x0as\x00\x19\x00\x0c\xef\x90\x00r\x00\x19\x00\x0c\xc3\x90\x00""C\x8c\x0a\x05\x04""C\xb2\x00o\x8c\x0a\x06\x04\x83\xb2\x00q\x00\x19\x00\x0c\xc0\x90\x00p\x00\x19\x00\x0c\xc2\x90\x00""B\x8c\x01\x05\x04""B\xb2\x00@\x8c\x01\x06\x04\x82\xb2\x00""C\x09\xc0*\x04\xc0\xb3\x00""B\x0d@*\x00\xc0\xb3\x00@@\x00$\x00@\xa5\x00N\x00\x02(\x00N\xa5\x00K@\x03(\x00K\xa5\x00\xe2 \x02\x18\x82\x80`R\x00\x00\x00\x00\x00\xc0\x00\x08@\x00\x00\x00\xc0\xc0\x18\x01@\x0e\x00\x00\x00\xc0\x1f\x00\xe2\xf0\x00""8\xf8\xb0`\x0as\x00\x19\x00\x0c\xef\x90\x00r\x00\x19\x00\x0c\xc3\x90\x00""C\x8c\x0a\x05\x04""C\xb2\x00o\x8c\x0a\x06\x04\x83\xb2\x00q\x00\x19\x00\x0c\xc0\x90\x00p\x00\x19\x00\x0c\xc2\x90\x00""B\x8c\x01\x05\x04""B\xb2\x00@\x8c\x01\x06\x04\x82\xb2\x00""C\x09\xc0*\x04\xc0\xb3\x00""B\x0d@*\x00\xc0\xb3\x00@@\x00$\x00@\xa5\x00N\x00\x02(\x00N\xa5\x00K@\x03(\x00K\xa5P\x09\x0b\x0a\x22\x03\xcc\xb3\x00\x0dK\x01\x22\x03\xcb\xb3\x00I\x0eJ\x22\x03\xca\xb3\x00MNA\x22\x03\xc9\xb3P\xe2 \x02\x08\x82\x80`\x0a@\x03\x00\x00\x00@\x18\x01@\xc4\xc0\xac#@\xf1\x00@\x04\x00\x00""0\xc0\x1f\x00\xc0\x00\x00\x00\x00\xc1\x10\x01\xc0\x00\x00\x00\x00\xce\x10\x01\xc0\x00\x00\x00\x00\xcd\x10\x01\xc1\x0a\x00\x00\x00\xc0\x1f\x00\xe2\x00\x00""8\xf8\xb0`\x02\xc0\x01\x00\x00\x00\xce\x10\x09s\x00\x19\x00\x0c\xc0\x90\x00@\x8c\xc0\x04\x04\x8d\xb2\x00r\x00\x19\x00\x0c\xc1\x90\x00""A\x8c\xc0\x04\x04M\xb2\x00q\x00\x19\x00\x0c\xee\x90\x00n\x8c\xc0\x04\x04\x81\xb2\x00p\x00\x19\x00\x0c\xef\x90\x00o\x8c\xc0\x04\x04""A\xb2P\xe2 \x02\x08\x82\x80`\x0a@\x0c\x00\x00\x00@\x18\x01@\xc9\xc0\x90#@\xf1\x00@\x0a\x00\x00 \xc0\x1f\x00\xe2\x10\x00""8\xf8\xb0`\x02N\xc4\x00\x1c\x00\xce\xa0\x08s\x00\x19\x00\x0c\xc0\x90\x00@\x8c\x0d\x06\x00\x8d\xb2\x00r\x00\x19\x00\x0c\xc2\x90\x00""B\x8c\x0d\x05\x00M\xb2\x00q\x00\x19\x00\x0c\xee\x90\x00n\x8c\x01\x06\x00\x81\xb2\x00p\x00\x19\x00\x0c\xef\x90\x00o\x8c\x01\x05\x00""A\xb2P\xe2 \x02\x08\x82\x80`\x0a@0\x00\x00\x00@\x18\x01@\xcc\xc0\x90#@\xf1\x00@\x0a\x00\x00 \xc0\x1f\x00\xe2 \x00""8\xf8\xb0`\x02N\xc4\x00\x1c\x00\xce\xa0\x08s\x00\x19\x00\x0c\xc0\x90\x00@\x8c\x0d\x06\x00\x8d\xb2\x00r\x00\x19\x00\x0c\xc2\x90\x00""B\x8c\x0d\x05\x00M\xb2\x00q\x00\x19\x00\x0c\xee\x90\x00n\x8c\x01\x06\x00\x81\xb2\x00p\x00\x19\x00\x0c\xef\x90\x00o\x8c\x01\x05\x00""A\xb2P\xe2 \x02\x08\x82\x80`\x0a@\xc0\x00\x00\x00@\x18\x01@\xdc\xc0\xac#@\xf1\x00@\x0a\x00\x00 \xc0\x1f\x00\xe2""0\x00""8\xf8\xb0`\x02N\xc4\x00\x1c\x00\xce\xa0\x08s\x00\x19\x00\x0c\xc0\x90\x00@\x8c\x0d\x06\x00\x8d\xb2\x00r\x00\x19\x00\x0c\xc2\x90\x00""B\x8c\x0d\x05\x00M\xb2\x00q\x00\x19\x00\x0c\xee\x90\x00n\x8c\x01\x06\x00\x81\xb2\x00p\x00\x19\x00\x0c\xef\x90\x00o\x8c\x01\x05\x00""A\xb2P\xe2 \x02\x08\x82\x80`\x0a@\x00\x03\x00\x00@\x18\x01@\xc4\xc0\x84#@\xf1\x00@\x0a\x00\x00 \xc0\x1f\x00\xe2@\x00""8\xf8\xb0`\x02N\xc4\x00\x1c\x00\xce\xa0\x08s\x00\x19\x00\x0c\xc0\x90\x00@\x8c\x0d\x06\x00\x8d\xb2\x00r\x00\x19\x00\x0c\xc2\x90\x00""B\x8c\x0d\x05\x00M\xb2\x00q\x00\x19\x00\x0c\xee\x90\x00n\x8c\x01\x06\x00\x81\xb2\x00p\x00\x19\x00\x0c\xef\x90\x00o\x8c\x01\x05\x00""A\xb2P\xe2 \x02\x08\x82\x80`\x0a@\x00\x0c\x00\x00@\x18\x01@\xaf\xc0\x88#@\xf1\x00@\x0a\x00\x00 \xc0\x1f\x00\xe2P\x00""8\xf8\xb0`\x02N\xc4\x00\x1c\x00\xce\xa0\x08s\x00\x19\x00\x0c\xc0\x90\x00@\x8c\x0d\x06\x00\x8d\xb2\x00r\x00\x19\x00\x0c\xc2\x90\x00""B\x8c\x0d\x05\x00M\xb2\x00q\x00\x19\x00\x0c\xee\x90\x00n\x8c\x01\x06\x00\x81\xb2\x00p\x00\x19\x00\x0c\xef\x90\x00o\x8c\x01\x05\x00""A\xb2P\xe2 \x02\x08\x82\x80`\x0a@\x00""0\x00\x00@\x18\x01@\xaf\xc0\x84#@\xf1\x00@\x0a\x00\x00 \xc0\x1f\x00\xe2`\x00""8\xf8\xb0`\x02N\xc4\x00\x1c\x00\xce\xa0\x08s\x00\x19\x00\x0c\xc0\x90\x00@\x8c\x0d\x06\x00\x8d\xb2\x00r\x00\x19\x00\x0c\xc2\x90\x00""B\x8c\x0d\x05\x00M\xb2\x00q\x00\x19\x00\x0c\xee\x90\x00n\x8c\x01\x06\x00\x81\xb2\x00p\x00\x19\x00\x0c\xef\x90\x00o\x8c\x01\x05\x00""A\xb2P\xe2 \x02\x08\x82\x80`\x0a@\x00\xc0\x00\x00@\x18\x01@\xdc\xc0\x84#@\xf1\x00@\x0a\x00\x00 \xc0\x1f\x00\xe2p\x00""8\xf8\xb0`\x02N\xc4\x00\x1c\x00\xce\xa0\x08s\x00\x19\x00\x0c\xc0\x90\x00@\x8c\x0d\x06\x00\x8d\xb2\x00r\x00\x19\x00\x0c\xc2\x90\x00""B\x8c\x0d\x05\x00M\xb2\x00q\x00\x19\x00\x0c\xee\x90\x00n\x8c\x01\x06\x00\x81\xb2\x00p\x00\x19\x00\x0c\xef\x90\x00o\x8c\x01\x05\x00""A\xb2P\xe2 \x02\x18\x82\x80`\x0a@\x00\x00\x03\x00\xc0\x18\x01@\x00\x00\x01\x00\xc0\x1a\x01@\x0a\x00\x00\x00\xc0\x1f\x00\xe2\x80\x00""8\xf8\xb0`\x02N\xc4\x00\x1c\x00\xce\xa0\x08s\x00\x19\x00\x0c\xc0\x90\x00@\x8c\x0d\x06\x00\x8d\xb2\x00r\x00\x19\x00\x0c\xc2\x90\x00""B\x8c\x0d\x05\x00M\xb2\x00q\x00\x19\x00\x0c\xee\x90\x00n\x8c\x01\x06\x00\x81\xb2\x00p\x00\x19\x00\x0c\xef\x90\x00o\x8c\x01\x05\x00""A\xb2P\xe2 \x02\x18\x82\x80`\x0a@\x00\x00\x0c\x00\xc0\x18\x01@\x00\x00\x04\x00\xc0\x1a\x01@\x0a\x00\x00\x00\xc0\x1f\x00\xe2\x90\x00""8\xf8\xb0`\x02N\xc4\x00\x1c\x00\xce\xa0\x08s\x00\x19\x00\x0c\xc0\x90\x00@\x8c\x0d\x06\x00\x8d\xb2\x00r\x00\x19\x00\x0c\xc2\x90\x00""B\x8c\x0d\x05\x00M\xb2\x00q\x00\x19\x00\x0c\xee\x90\x00n\x8c\x01\x06\x00\x81\xb2\x00p\x00\x19\x00\x0c\xef\x90\x00o\x8c\x01\x05\x00""A\xb2P\xe2 \x02\x18\x82\x80`\x0a@\x00\x00""0\x00\xc0\x18\x01@\x00\x00\x10\x00\xc0\x1a\x01@\x0a\x00\x00\x00\xc0\x1f\x00\xe2\xa0\x00""8\xf8\xb0`\x02N\xc4\x00\x1c\x00\xce\xa0\x08s\x00\x19\x00\x0c\xc0\x90\x00@\x8c\x0d\x06\x00\x8d\xb2\x00r\x00\x19\x00\x0c\xc2\x90\x00""B\x8c\x0d\x05\x00M\xb2\x00q\x00\x19\x00\x0c\xee\x90\x00n\x8c\x01\x06\x00\x81\xb2\x00p\x00\x19\x00\x0c\xef\x90\x00o\x8c\x01\x05\x00""A\xb2P\xe2 \x02\x18\x82\x80`\x0a@\x00\x00\xc0\x00\xc0\x18\x01@\x00\x00@\x00\xc0\x1a\x01@\x0a\x00\x00\x00\xc0\x1f\x00\xe2\xb0\x00""8\xf8\xb0`\x02N\xc4\x00\x1c\x00\xce\xa0\x08s\x00\x19\x00\x0c\xc0\x90\x00@\x8c\x0d\x06\x00\x8d\xb2\x00r\x00\x19\x00\x0c\xc2\x90\x00""B\x8c\x0d\x05\x00M\xb2\x00q\x00\x19\x00\x0c\xee\x90\x00n\x8c\x01\x06\x00\x81\xb2\x00p\x00\x19\x00\x0c\xef\x90\x00o\x8c\x01\x05\x00""A\xb2P\xe2 \x02\x18\x82\x80`\x0a@\x00\x00\x00\x03\xc0\x18\x01@\x00\x00\x00\x01\xc0\x1a\x01@\x0a\x00\x00\x00\xc0\x1f\x00\xe2\xc0\x00""8\xf8\xb0`\x02N\xc4\x00\x1c\x00\xce\xa0\x08s\x00\x19\x00\x0c\xc0\x90\x00@\x8c\x0d\x06\x00\x8d\xb2\x00r\x00\x19\x00\x0c\xc2\x90\x00""B\x8c\x0d\x05\x00M\xb2\x00q\x00\x19\x00\x0c\xee\x90\x00n\x8c\x01\x06\x00\x81\xb2\x00p\x00\x19\x00\x0c\xef\x90\x00o\x8c\x01\x05\x00""A\xb2P\xe2 \x02\x18\x82\x80`\x0a@\x00\x00\x00\x0c\xc0\x18\x01@\x00\x00\x00\x04\xc0\x1a\x01@\x0a\x00\x00\x00\xc0\x1f\x00\xe2\xd0\x00""8\xf8\xb0`\x02N\xc4\x00\x1c\x00\xce\xa0\x08s\x00\x19\x00\x0c\xc0\x90\x00@\x8c\x0d\x06\x00\x8d\xb2\x00r\x00\x19\x00\x0c\xc2\x90\x00""B\x8c\x0d\x05\x00M\xb2\x00q\x00\x19\x00\x0c\xee\x90\x00n\x8c\x01\x06\x00\x81\xb2\x00p\x00\x19\x00\x0c\xef\x90\x00o\x8c\x01\x05\x00""A\xb2P\xe2 \x02\x18\x82\x80`\x0a@\x00\x00\x00""0\xc0\x18\x01@\x00\x00\x00\x10\xc0\x1a\x01@\x0a\x00\x00\x00\xc0\x1f\x00\xe2\xe0\x00""8\xf8\xb0`\x02N\xc4\x00\x1c\x00\xce\xa0\x08s\x00\x19\x00\x0c\xc0\x90\x00@\x8c\x0d\x06\x00\x8d\xb2\x00r\x00\x19\x00\x0c\xc2\x90\x00""B\x8c\x0d\x05\x00M\xb2\x00q\x00\x19\x00\x0c\xee\x90\x00n\x8c\x01\x06\x00\x81\xb2\x00p\x00\x19\x00\x0c\xef\x90\x00o\x8c\x01\x05\x00""A\xb2P\xe2 \x02\x18\x82\x80`\x0a@\x00\x00\x00\xc0\xc0\x18\x01@\x00\x00\x00@\xc0\x1a\x01@\x0a\x00\x00\x00\xc0\x1f\x00\xe2\xf0\x00""8\xf8\xb0`\x02N\xc4\x00\x1c\x00\xce\xa0\x08s\x00\x19\x00\x0c\xc0\x90\x00@\x8c\x0d\x06\x00\x8d\xb2\x00r\x00\x19\x00\x0c\xc2\x90\x00""B\x8c\x0d\x05\x00M\xb2\x00q\x00\x19\x00\x0c\xee\x90\x00n\x8c\x01\x06\x00\x81\xb2\x00p\x00\x19\x00\x0c\xef\x90\x00o\x8c\x01\x05\x00""A\xb2P\xc0\x00\x00\x00\x00\xc0\x10\x01\xc0\x00\x00\x00\x00\xf1\x10\x01\xc0\x00\x00\x00\x00\xf0\x10\x01\xc0\x00\x00\x00\x00\xf2\x10\x01\x0e\xc5\x01\x00\x10\xc0\x1f\x00\x0e\x00\x19\x00\x0c\xc2\x90\x00""B\xc0\x00\x00\x10""B\xa4\x00""B\x00\x01\x00\x00p\x9c\x00M0\xc0\x22\x04\xcd\xb3\x00""A0\xc0\x22\x04\xc1\xb3\x00N\x01\x00\x00\x00\xc2\x1a\x01""B\x8a\x00\x00\x10\xc0\x1f\x00\xc0\x00\x00\x00\x00\xcf\x10\x01\xc0\x00\x00\x00\x00\xf9\x91\x00\xc0 \x02\x00\x00\xf8\x10\x01\xc0\x00\x00\x00\x00\xf2\x10\x01\xc0\x00\x00\x00\x00\xce\x10\x01\xc0\x00\x00\x00\x00\xf4\x10\x01\xc0\x00\x00\x00\x00\xf5\x10\x01\xc0\x00\x00\x00\x00\xf1\x10\x01\xc0\x00\x00\x00\x00\xf6\x10\x01\xc0\x00\x00\x00\x00\xf3\x10\x01\xc0\x00\x00\x00\x00\xf7\x10Q7\xc8\x8d\x18\x00\xc2\xb4\x00""8B\x00 \x00\xc2\xa3\x01\xe2""B\x00\x00\x00\xc2\xa3\x03""B\x00\x00\x18\x82\x82`\x08""B\x0f\x8e\x10\x00\xc2\xb4\x00""B\x01\x00\x00\x00\xc2\x1a\x01""B\x12\x00\x00\x00\xc0\x1f\x00\xe2""6G$\x00\xc2\xa3\x03""B\x00\x00""8\xf8\xbc`\x08\x7f\x00\x19\x00\x0c\xc2\x90\x00~\x00\x19\x00\x0c\xc3\x90\x00""C\x8c\x0d\x05\x04""C\xb2\x00""B\x8c\x0d\x06\x04\x83\xb2\x00\x03\x03@.\x00\xc0\xb3\x00\x03\x03N\x22\x00\xce\xb3\x00}\x00\x19\x00\x0c\xef\x90\x00|\x00\x19\x00\x0c\xfa\x90\x00z\x8c\x01\x05\x04z\xb2\x00\x03:v\x22\x00\xf6\xb3\x00o\x8c\x01\x06\x04\xba\xb2\x00:\x03r.\x00\xf2\xb3\x00:\x03t\x22\x00\xf4\xb3\x00""C:u.\x00\xf5\xb3\x00::q.\x00\xf1\xb3\x00zzs\x22\x00\xf3\xb3Pw\xc4\x00\x1c\x00\xf7\xa0\x00""7\x10\x00\x00\x00\xc2\x1a\x01O\xc8\x00\x18\x00\xcf\xa0\x00""B\xe3\xff\xff\x07\xc0\x1f\x00q0\xc0\x22\x04\xf1\xb3\x00s0\xc0\x22\x04\xcf\xb3\x00\x0f""1\x00$\x00""B\xa5\x00N0\xc0\x22\x04\xce\xb3\x00""B\x0e\x00(\x00""B\xa5\x00@0\xc0\x22\x04\xc0\xb3\x00""B\x00\x00$\x00""B\xa5\x00""B\x8f\xc0\x90\x04\xc2\xf4\x00""BY\x00\x00\x00\xc0\x1f\x00r0\xc0\x22\x04\xf3\xb3\x00t0\xc0\x22\x04\xf2\xb3\x00u0\xc0\x22\x04\xf4\xb3\x00""4\x90\xc0*\x04\xc2\xb3\x00""1\x91""B*\x00\xc2\xb3\x00""BB\x00\x18\x00\xb5\xa5\x00vp\xc0\x22\x04\xf0\xb3\x00""0\x90\xc0*\x04\xed\xb3\x00\x0f\x91m*\x00\xed\xb3\x00mm\x00$\x00u\xa5\x00\x00\x90\xc0*\x04\xc3\xb3\x00""3\x91""C*\x00\xc3\xb3\x00""CC\x00\x18\x00\xb7\xa5\x00\x0e\x90\xc0*\x04\xee\xb3\x00""2\x91n*\x00\xee\xb3\x00nn\x00$\x00w\xa5\x00""77\xc0*\x04\xef\xb3\x00""55o*\x00\xef\xb3\x00oo\x00$\x00v\xa5\x00""6\x92\xc0\x90\x01\xc2\xf4\x00""B\x03\x00\x00\x10\xc0\x1f\x00v\x00\x03\x00\x00""B\x9c\x00w\x02\xc0\x22\x04\xf7\xb3\x00uB\xc0\x22\x04\xf5\xb3P7\x00\xc0*\x04\xc3\xb3\x00""53C*\x00\xc3\xb3\x00""CC\x00\x18\x00\xb8\xa5\x00""7\x0e\xc0*\x04\xee\xb3\x00""52n*\x00\xee\xb3\x00nn\x00$\x00x\xa5\x00""88\xc0*\x04\xef\xb3\x00""74\xc0*\x04\xc2\xb3\x00""51B*\x00\xc2\xb3\x00""BB\x00\x18\x00\xb6\xa5\x00w0\xc0*\x04\xed\xb3\x00u\x0fm*\x00\xed\xb3\x00mm\x00$\x00v\xa5\x00""66o*\x00\xef\xb3\x00oo\x00$\x00u\xa5\x00""5\x92\xc0\x90\x01\xc2\xf4\x00""B\x03\x00\x00\x10\xc0\x1f\x00u\x00\x03\x00\x00""B\x9c\x00x\x02\xc0\x22\x04\xf8\xb3\x00vB\xc0\x22\x04\xf6\xb3P8\x00\xc0*\x04\xc3\xb3\x00""63C*\x00\xc3\xb3\x00""CC\x00\x18\x00\xb7\xa5\x00""8\x0e\xc0*\x04\xee\xb3\x00""62n*\x00\xee\xb3\x00nn\x00$\x00w\xa5\x00""77\xc0*\x04\xef\xb3\x00""84\xc0*\x04\xc2\xb3\x00""61B*\x00\xc2\xb3\x00""BB\x00\x18\x00\xb5\xa5\x00x0\xc0*\x04\xed\xb3\x00v\x0fm*\x00\xed\xb3\x00mm\x00$\x00u\xa5\x00""55o*\x00\xef\xb3\x00oo\x00$\x00v\xa5\x00""6\x92\xc0\x90\x01\xc2\xf4\x00""B\x03\x00\x00\x10\xc0\x1f\x00v\x00\x03\x00\x00""B\x9c\x00w\x02\xc0\x22\x04\xf7\xb3\x00uB\xc0\x22\x04\xf5\xb3P7@\xc0*\x04\xc0\xb3\x00""5s@*\x00\xc0\xb3\x00@@\x00\x18\x00\x80\xa5\x00""7N\xc0*\x04\xc3\xb3\x00""5rC*\x00\xc3\xb3\x00""CC\x00$\x00@\xa5\x00\x00\x00\xc0*\x04\xef\xb3\x00""7t\xc0*\x04\xc2\xb3\x00""5qB*\x00\xc2\xb3\x00""BB\x00\x18\x00\xb1\xa5\x00wp\xc0*\x04\xee\xb3\x00uOn*\x00\xee\xb3\x00nn\x00$\x00q\xa5\x00""11o*\x00\xef\xb3\x00oo\x00$\x00N\xa5\x00\x0e\x92\xc0\x90\x01\xc2\xf4\x00""B\x03\x00\x00\x10\xc0\x1f\x00N\x00\x03\x00\x00""B\x9c\x00@\x02\xc0\x22\x04\xc0\xb3\x00qB\xc0\x22\x04\xf1\xb3P\x00\x00\xc0*\x04\xc2\xb3\x00""11B*\x00\xc2\xb3\x00""BB\x00$\x00""B\xa5\x00""B\x92\xc0\x90\x04\xc2\xf4\x00""B\x05\x00\x00\x10\xc0\x1f\x00M\xc0\x00(\x13\xf1\xa5\x00""1\x00\x00\x00\x00\xf2\x91\x00""A\xc0\x00(\x13\xc0\xa5\x00\x00\x00\x00\x00\x00\xf0\x91\x00\xc1\x2f\x01\x00\x00\xc0\x1f\x00\xe2 \x02\x08\x82\x82`\x02""11\xc4\x14\x00\xef\xb2\x00""11o(\x00\xef\xb2\x00\x00\x00o\x14\x00\xef\xb2\x00\x00\x00o(\x00\xef\xb2\x00o\x00\x02\x00\x00\xef\x9c\x08""B\x03\x00\x00\x00""B\x18\x01""B\xc4\xc0\xac C\xf1\x00o\x93\x00\xc0\x00""B\xa4\x00@\x02\xc0\x22\x06\xce\xb3\x00qB\xc0\x22\x06\xcf\xb3\x00""C\x03\x00\x00 \xc0\x1f\x00\xc0\xd0""c\xd0""cp\x10\x01\xc0\xd0\xe3\xd0\xe3\xb0\x10\x01\xc1\x0e\x00\x00\x00\xc0\x1f\x00\xe2\x00\x00""8\xf8\xb0`\x0as\x00\x19\x00\x0c\xef\x90\x00r\x00\x19\x00\x0c\xc3\x90\x00""C\x8c\x0d\x05\x04""C\xb2\x00o\x8c\x0d\x06\x04\x83\xb2\x00q\x00\x19\x00\x0c\xc0\x90\x00p\x00\x19\x00\x0c\xc2\x90\x00""B\x8c\x01\x05\x04""B\xb2\x00@\x8c\x01\x06\x04\x82\xb2\x00""C\x0e\xc0*\x04\xc0\xb3\x00""B\x0f@*\x00\xc0\xb3\x00@@\x00$\x00@\xa5\x00\x00\x94\x02(\x00p\xa5\x00@\x94\x03\x18\x00\xb0\xa5P\xe2 \x02\x08\x82\x80`\x0a@\x0c\x00\x00\x00@\x18\x01@\xc9\xc0\x90#@\xf1\x00@\x0e\x00\x00 \xc0\x1f\x00\xe2\x10\x00""8\xf8\xb4`\x0aw\x00\x19\x00\x0c\xef\x90\x00v\x00\x19\x00\x0c\xc3\x90\x00""C\x8c\x0d\x05\x04""C\xb2\x00o\x8c\x0d\x06\x04\x83\xb2\x00u\x00\x19\x00\x0c\xc0\x90\x00t\x00\x19\x00\x0c\xc2\x90\x00""B\x8c\x01\x05\x04""B\xb2\x00@\x8c\x01\x06\x04\x82\xb2\x00""C\x0e\xc0*\x04\xc0\xb3\x00""B\x0f@*\x00\xc0\xb3\x00@@\x00$\x00@\xa5\x00""0\x00\x02(\x00p\xa5\x00""0@\x03$\x00\xb0\xa5P\xe2 \x02\x08\x82\x80`\x0a@0\x00\x00\x00@\x18\x01@\xcc\xc0\x90#@\xf1\x00@\x0e\x00\x00 \xc0\x1f\x00\xe2 \x00""8\xf8\xb4`\x0aw\x00\x19\x00\x0c\xef\x90\x00v\x00\x19\x00\x0c\xc3\x90\x00""C\x8c\x0d\x05\x04""C\xb2\x00o\x8c\x0d\x06\x04\x83\xb2\x00u\x00\x19\x00\x0c\xc0\x90\x00t\x00\x19\x00\x0c\xc2\x90\x00""B\x8c\x01\x05\x04""B\xb2\x00@\x8c\x01\x06\x04\x82\xb2\x00""C\x0e\xc0*\x04\xc0\xb3\x00""B\x0f@*\x00\xc0\xb3\x00@@\x00$\x00@\xa5\x00""0\x00\x02(\x00p\xa5\x00""0@\x03$\x00\xb0\xa5P\xe2 \x02\x08\x82\x80`\x0a@\xc0\x00\x00\x00@\x18\x01@\xdc\xc0\xac#@\xf1\x00@\x0e\x00\x00 \xc0\x1f\x00\xe2""0\x00""8\xf8\xb4`\x0aw\x00\x19\x00\x0c\xef\x90\x00v\x00\x19\x00\x0c\xc3\x90\x00""C\x8c\x0d\x05\x04""C\xb2\x00o\x8c\x0d\x06\x04\x83\xb2\x00u\x00\x19\x00\x0c\xc0\x90\x00t\x00\x19\x00\x0c\xc2\x90\x00""B\x8c\x01\x05\x04""B\xb2\x00@\x8c\x01\x06\x04\x82\xb2\x00""C\x0e\xc0*\x04\xc0\xb3\x00""B\x0f@*\x00\xc0\xb3\x00@@\x00$\x00@\xa5\x00""0\x00\x02(\x00p\xa5\x00""0@\x03$\x00\xb0\xa5P\xe2 \x02\x08\x82\x80`\x0a@\x00\x03\x00\x00@\x18\x01@\xc4\xc0\x84#@\xf1\x00@\x0e\x00\x00 \xc0\x1f\x00\xe2@\x00""8\xf8\xb4`\x0aw\x00\x19\x00\x0c\xef\x90\x00v\x00\x19\x00\x0c\xc3\x90\x00""C\x8c\x0d\x05\x04""C\xb2\x00o\x8c\x0d\x06\x04\x83\xb2\x00u\x00\x19\x00\x0c\xc0\x90\x00t\x00\x19\x00\x0c\xc2\x90\x00""B\x8c\x01\x05\x04""B\xb2\x00@\x8c\x01\x06\x04\x82\xb2\x00""C\x0e\xc0*\x04\xc0\xb3\x00""B\x0f@*\x00\xc0\xb3\x00@@\x00$\x00@\xa5\x00""0\x00\x02(\x00p\xa5\x00""0@\x03$\x00\xb0\xa5P\xe2 \x02\x08\x82\x80`\x0a@\x00\x0c\x00\x00@\x18\x01@\xaf\xc0\x88#@\xf1\x00@\x0e\x00\x00 \xc0\x1f\x00\xe2P\x00""8\xf8\xb4`\x0aw\x00\x19\x00\x0c\xef\x90\x00v\x00\x19\x00\x0c\xc3\x90\x00""C\x8c\x0d\x05\x04""C\xb2\x00o\x8c\x0d\x06\x04\x83\xb2\x00u\x00\x19\x00\x0c\xc0\x90\x00t\x00\x19\x00\x0c\xc2\x90\x00""B\x8c\x01\x05\x04""B\xb2\x00@\x8c\x01\x06\x04\x82\xb2\x00""C\x0e\xc0*\x04\xc0\xb3\x00""B\x0f@*\x00\xc0\xb3\x00@@\x00$\x00@\xa5\x00""0\x00\x02(\x00p\xa5\x00""0@\x03$\x00\xb0\xa5P\xe2 \x02\x08\x82\x80`\x0a@\x00""0\x00\x00@\x18\x01@\xaf\xc0\x84#@\xf1\x00@\x0e\x00\x00 \xc0\x1f\x00\xe2`\x00""8\xf8\xb4`\x0aw\x00\x19\x00\x0c\xef\x90\x00v\x00\x19\x00\x0c\xc3\x90\x00""C\x8c\x0d\x05\x04""C\xb2\x00o\x8c\x0d\x06\x04\x83\xb2\x00u\x00\x19\x00\x0c\xc0\x90\x00t\x00\x19\x00\x0c\xc2\x90\x00""B\x8c\x01\x05\x04""B\xb2\x00@\x8c\x01\x06\x04\x82\xb2\x00""C\x0e\xc0*\x04\xc0\xb3\x00""B\x0f@*\x00\xc0\xb3\x00@@\x00$\x00@\xa5\x00""0\x00\x02(\x00p\xa5\x00""0@\x03$\x00\xb0\xa5P\xe2 \x02\x08\x82\x80`\x0a@\x00\xc0\x00\x00@\x18\x01@\xdc\xc0\x84#@\xf1\x00@\x0e\x00\x00 \xc0\x1f\x00\xe2p\x00""8\xf8\xb4`\x0aw\x00\x19\x00\x0c\xef\x90\x00v\x00\x19\x00\x0c\xc3\x90\x00""C\x8c\x0d\x05\x04""C\xb2\x00o\x8c\x0d\x06\x04\x83\xb2\x00u\x00\x19\x00\x0c\xc0\x90\x00t\x00\x19\x00\x0c\xc2\x90\x00""B\x8c\x01\x05\x04""B\xb2\x00@\x8c\x01\x06\x04\x82\xb2\x00""C\x0e\xc0*\x04\xc0\xb3\x00""B\x0f@*\x00\xc0\xb3\x00@@\x00$\x00@\xa5\x00""0\x00\x02(\x00p\xa5\x00""0@\x03$\x00\xb0\xa5P\xe2 \x02\x18\x82\x80`\x0a@\x00\x00\x03\x00\xc0\x18\x01@\x00\x00\x01\x00\xc0\x1a\x01@\x0e\x00\x00\x00\xc0\x1f\x00\xe2\x80\x00""8\xf8\xb4`\x0aw\x00\x19\x00\x0c\xef\x90\x00v\x00\x19\x00\x0c\xc3\x90\x00""C\x8c\x0d\x05\x04""C\xb2\x00o\x8c\x0d\x06\x04\x83\xb2\x00u\x00\x19\x00\x0c\xc0\x90\x00t\x00\x19\x00\x0c\xc2\x90\x00""B\x8c\x01\x05\x04""B\xb2\x00@\x8c\x01\x06\x04\x82\xb2\x00""C\x0e\xc0*\x04\xc0\xb3\x00""B\x0f@*\x00\xc0\xb3\x00@@\x00$\x00@\xa5\x00""0\x00\x02(\x00p\xa5\x00""0@\x03$\x00\xb0\xa5P\xe2 \x02\x18\x82\x80`\x0a@\x00\x00\x0c\x00\xc0\x18\x01@\x00\x00\x04\x00\xc0\x1a\x01@\x0e\x00\x00\x00\xc0\x1f\x00\xe2\x90\x00""8\xf8\xb4`\x0aw\x00\x19\x00\x0c\xef\x90\x00v\x00\x19\x00\x0c\xc3\x90\x00""C\x8c\x0d\x05\x04""C\xb2\x00o\x8c\x0d\x06\x04\x83\xb2\x00u\x00\x19\x00\x0c\xc0\x90\x00t\x00\x19\x00\x0c\xc2\x90\x00""B\x8c\x01\x05\x04""B\xb2\x00@\x8c\x01\x06\x04\x82\xb2\x00""C\x0e\xc0*\x04\xc0\xb3\x00""B\x0f@*\x00\xc0\xb3\x00@@\x00$\x00@\xa5\x00""0\x00\x02(\x00p\xa5\x00""0@\x03$\x00\xb0\xa5P\xe2 \x02\x18\x82\x80`\x0a@\x00\x00""0\x00\xc0\x18\x01@\x00\x00\x10\x00\xc0\x1a\x01@\x0e\x00\x00\x00\xc0\x1f\x00\xe2\xa0\x00""8\xf8\xb4`\x0aw\x00\x19\x00\x0c\xef\x90\x00v\x00\x19\x00\x0c\xc3\x90\x00""C\x8c\x0d\x05\x04""C\xb2\x00o\x8c\x0d\x06\x04\x83\xb2\x00u\x00\x19\x00\x0c\xc0\x90\x00t\x00\x19\x00\x0c\xc2\x90\x00""B\x8c\x01\x05\x04""B\xb2\x00@\x8c\x01\x06\x04\x82\xb2\x00""C\x0e\xc0*\x04\xc0\xb3\x00""B\x0f@*\x00\xc0\xb3\x00@@\x00$\x00@\xa5\x00""0\x00\x02(\x00p\xa5\x00""0@\x03$\x00\xb0\xa5P\xe2 \x02\x18\x82\x80`\x0a@\x00\x00\xc0\x00\xc0\x18\x01@\x00\x00@\x00\xc0\x1a\x01@\x0e\x00\x00\x00\xc0\x1f\x00\xe2\xb0\x00""8\xf8\xb4`\x0aw\x00\x19\x00\x0c\xef\x90\x00v\x00\x19\x00\x0c\xc3\x90\x00""C\x8c\x0d\x05\x04""C\xb2\x00o\x8c\x0d\x06\x04\x83\xb2\x00u\x00\x19\x00\x0c\xc0\x90\x00t\x00\x19\x00\x0c\xc2\x90\x00""B\x8c\x01\x05\x04""B\xb2\x00@\x8c\x01\x06\x04\x82\xb2\x00""C\x0e\xc0*\x04\xc0\xb3\x00""B\x0f@*\x00\xc0\xb3\x00@@\x00$\x00@\xa5\x00""0\x00\x02(\x00p\xa5\x00""0@\x03$\x00\xb0\xa5P\xe2 \x02\x18\x82\x80`\x0a@\x00\x00\x00\x03\xc0\x18\x01@\x00\x00\x00\x01\xc0\x1a\x01@\x0e\x00\x00\x00\xc0\x1f\x00\xe2\xc0\x00""8\xf8\xb4`\x0aw\x00\x19\x00\x0c\xef\x90\x00v\x00\x19\x00\x0c\xc3\x90\x00""C\x8c\x0d\x05\x04""C\xb2\x00o\x8c\x0d\x06\x04\x83\xb2\x00u\x00\x19\x00\x0c\xc0\x90\x00t\x00\x19\x00\x0c\xc2\x90\x00""B\x8c\x01\x05\x04""B\xb2\x00@\x8c\x01\x06\x04\x82\xb2\x00""C\x0e\xc0*\x04\xc0\xb3\x00""B\x0f@*\x00\xc0\xb3\x00@@\x00$\x00@\xa5\x00""0\x00\x02(\x00p\xa5\x00""0@\x03$\x00\xb0\xa5P\xe2 \x02\x18\x82\x80`\x0a@\x00\x00\x00\x0c\xc0\x18\x01@\x00\x00\x00\x04\xc0\x1a\x01@\x0e\x00\x00\x00\xc0\x1f\x00\xe2\xd0\x00""8\xf8\xb4`\x0aw\x00\x19\x00\x0c\xef\x90\x00v\x00\x19\x00\x0c\xc3\x90\x00""C\x8c\x0d\x05\x04""C\xb2\x00o\x8c\x0d\x06\x04\x83\xb2\x00u\x00\x19\x00\x0c\xc0\x90\x00t\x00\x19\x00\x0c\xc2\x90\x00""B\x8c\x01\x05\x04""B\xb2\x00@\x8c\x01\x06\x04\x82\xb2\x00""C\x0e\xc0*\x04\xc0\xb3\x00""B\x0f@*\x00\xc0\xb3\x00@@\x00$\x00@\xa5\x00""0\x00\x02(\x00p\xa5\x00""0@\x03$\x00\xb0\xa5P\xe2 \x02\x18\x82\x80`\x0a@\x00\x00\x00""0\xc0\x18\x01@\x00\x00\x00\x10\xc0\x1a\x01@\x0e\x00\x00\x00\xc0\x1f\x00\xe2\xe0\x00""8\xf8\xb4`\x0aw\x00\x19\x00\x0c\xef\x90\x00v\x00\x19\x00\x0c\xc3\x90\x00""C\x8c\x0d\x05\x04""C\xb2\x00o\x8c\x0d\x06\x04\x83\xb2\x00u\x00\x19\x00\x0c\xc0\x90\x00t\x00\x19\x00\x0c\xc2\x90\x00""B\x8c\x01\x05\x04""B\xb2\x00@\x8c\x01\x06\x04\x82\xb2\x00""C\x0e\xc0*\x04\xc0\xb3\x00""B\x0f@*\x00\xc0\xb3\x00@@\x00$\x00@\xa5\x00""0\x00\x02(\x00p\xa5\x00""0@\x03$\x00\xb0\xa5P\xe2 \x02\x18\x82\x80`\x0a@\x00\x00\x00\xc0\xc0\x18\x01@\x00\x00\x00@\xc0\x1a\x01@\x0e\x00\x00\x00\xc0\x1f\x00\xe2\xf0\x00""8\xf8\xb4`\x0aw\x00\x19\x00\x0c\xef\x90\x00v\x00\x19\x00\x0c\xc3\x90\x00""C\x8c\x0d\x05\x04""C\xb2\x00o\x8c\x0d\x06\x04\x83\xb2\x00u\x00\x19\x00\x0c\xc0\x90\x00t\x00\x19\x00\x0c\xc2\x90\x00""B\x8c\x01\x05\x04""B\xb2\x00@\x8c\x01\x06\x04\x82\xb2\x00""C\x0e\xc0*\x04\xc0\xb3\x00""B\x0f@*\x00\xc0\xb3\x00@@\x00$\x00@\xa5\x00""0\x00\x02(\x00p\xa5\x00""0@\x03$\x00\xb0\xa5P\x0e""0\x0d.\x03\xf1\xb3\x00\x0f""0\x01.\x03\xc0\xb3\x00N0M\x22\x03\xf2\xb3\x00OpA\x22\x03\xf0\xb3P\xe2 \x02\x08\x82\xae`\x02""00\x00$\x00""A\xa5\x00""A2\x00(\x00""A\xa5\x00\x00\x00\x00\x18\x00\x81\xa5\x00\x01""1\x00$\x00\x81\xa5\x00""AA\xc0\xb0\x04\xc1\xf5\x00\x01\xc0""12\x00\xcdP\x01\x01\xc0rq\x00\xcfP\x01\x0d\x0f\x00(\x10\xce\xa5\x00\x01\xc0\x00""0\x00\xf3P\x01""A\xc0p@\x00\xf2P\x01""32\x00(\x10\xf0\xa5\x00""00\x95*\x00\xef\xb3\x00\x0e\x0eo*\x00\xef\xb3\x00oo\x00$\x00o\xa5\x00o\x00\x01\x00\x00q\x9c\x00\xc0\x00\x00\x00\x00\xfb\x10\x09n\x03\x00\x00\x00@\x18\x01@\xc4\xc0\xac @\xf1\x00@\x0f\x00\x00""0\xc0\x1f\x00\xe2\x00\x00""8\xf8\xb4`\x0aw\x00\x19\x00\x0c\xef\x90\x00v\x00\x19\x00\x0c\xc2\x90\x00""B\x8c\x0f\x05\x04""B\xb2\x00o\x8c\x0f\x06\x04\x82\xb2\x00u\x00\x19\x00\x0c\xc0\x90\x00t\x00\x19\x00\x0c\xc1\x90\x00""A\x8c""2\x05\x04""A\xb2\x00@\x8c""2\x06\x04\x81\xb2\x00""B\x0e\xc0*\x04\xc0\xb3\x00""A0@*\x00\xc0\xb3\x00@@\x00$\x00@\xa5\x00@1\xc0*\x07@\xb3\x00@\xd7\xc0*\x04@\xb3\x00@\x00\x1c\xd0\x0c\xfb\x90P\xe2 \x02\x08\x82\x80`\x02\xc0\x00\x00\x00\x00\xfd\x10\x09@\x0c\x00\x00\x00@\x18\x01@\xc9\xc0\x90#@\xf1\x00@\x0f\x00\x00 \xc0\x1f\x00\xe2\x10\x00""8\xf8\xb4`\x0aw\x00\x19\x00\x0c\xef\x90\x00v\x00\x19\x00\x0c\xc2\x90\x00""B\x8c\x0f\x05\x04""B\xb2\x00o\x8c\x0f\x06\x04\x82\xb2\x00u\x00\x19\x00\x0c\xc0\x90\x00t\x00\x19\x00\x0c\xc1\x90\x00""A\x8c""2\x05\x04""A\xb2\x00@\x8c""2\x06\x04\x81\xb2\x00""B\x0e\xc0*\x04\xc0\xb3\x00""A0@*\x00\xc0\xb3\x00@@\x00$\x00@\xa5\x00@1\xc0*\x07@\xb3\x00@\xd7\xc0*\x04@\xb3\x00@\x00\x1c\xd0\x0c\xfd\x90P\xe2 \x02\x08\x82\x80`\x02\xc0\x00\x00\x00\x00\xff\x10\x09@0\x00\x00\x00@\x18\x01@\xcc\xc0\x90#@\xf1\x00@\x0f\x00\x00 \xc0\x1f\x00\xe2 \x00""8\xf8\xb4`\x0aw\x00\x19\x00\x0c\xef\x90\x00v\x00\x19\x00\x0c\xc2\x90\x00""B\x8c\x0f\x05\x04""B\xb2\x00o\x8c\x0f\x06\x04\x82\xb2\x00u\x00\x19\x00\x0c\xc0\x90\x00t\x00\x19\x00\x0c\xc1\x90\x00""A\x8c""2\x05\x04""A\xb2\x00@\x8c""2\x06\x04\x81\xb2\x00""B\x0e\xc0*\x04\xc0\xb3\x00""A0@*\x00\xc0\xb3\x00@@\x00$\x00@\xa5\x00@1\xc0*\x07@\xb3\x00@\xd7\xc0*\x04@\xb3\x00@\x00\x1c\xd0\x0c\xff\x90P\xe2 \x02\x08\x82\x80`\x02\xc0\x00\x00\x00\x00\xc1\x10\x09@\xc0\x00\x00\x00@\x18\x01@\xdc\xc0\xac#@\xf1\x00@\x0f\x00\x00 \xc0\x1f\x00\xe2""0\x00""8\xf8\xb4`\x0aw\x00\x19\x00\x0c\xef\x90\x00v\x00\x19\x00\x0c\xc2\x90\x00""B\x8c\x0f\x05\x04""B\xb2\x00o\x8c\x0f\x06\x04\x82\xb2\x00u\x00\x19\x00\x0c\xc0\x90\x00t\x00\x19\x00\x0c\xc1\x90\x00""A\x8c""2\x05\x04""A\xb2\x00@\x8c""2\x06\x04\x81\xb2\x00""B\x0e\xc0*\x04\xc0\xb3\x00""A0@*\x00\xc0\xb3\x00@@\x00$\x00@\xa5\x00@1\xc0*\x07@\xb3\x00@\xd7\xc0*\x04@\xb3\x00@\x00\x1c\xd0\x0c\xc1\x90P\xe2 \x02\x08\x82\x80`\x02\xc0\x00\x00\x00\x00\xd2\x10\x09@\x00\x03\x00\x00@\x18\x01@\xc4\xc0\x84#@\xf1\x00@\x0f\x00\x00 \xc0\x1f\x00\xe2@\x00""8\xf8\xb4`\x0aw\x00\x19\x00\x0c\xef\x90\x00v\x00\x19\x00\x0c\xc3\x90\x00""C\x8c\x0f\x05\x04""C\xb2\x00o\x8c\x0f\x06\x04\x83\xb2\x00u\x00\x19\x00\x0c\xc0\x90\x00t\x00\x19\x00\x0c\xc2\x90\x00""B\x8c""2\x05\x04""B\xb2\x00@\x8c""2\x06\x04\x82\xb2\x00""C\x0e\xc0*\x04\xc0\xb3\x00""B0@*\x00\xc0\xb3\x00@@\x00$\x00@\xa5\x00@1\xc0*\x07@\xb3\x00@\xd7\xc0*\x04@\xb3\x00@\x00\x1c\xd0\x0c\xd2\x90P\xe2 \x02\x08\x82\x80`\x02\xc0\x00\x00\x00\x00\xd4\x10\x09@\x00\x0c\x00\x00@\x18\x01@\xaf\xc0\x88#@\xf1\x00@\x0f\x00\x00 \xc0\x1f\x00\xe2P\x00""8\xf8\xb4`\x0aw\x00\x19\x00\x0c\xef\x90\x00v\x00\x19\x00\x0c\xc3\x90\x00""C\x8c\x0f\x05\x04""C\xb2\x00o\x8c\x0f\x06\x04\x83\xb2\x00u\x00\x19\x00\x0c\xc0\x90\x00t\x00\x19\x00\x0c\xc2\x90\x00""B\x8c""2\x05\x04""B\xb2\x00@\x8c""2\x06\x04\x82\xb2\x00""C\x0e\xc0*\x04\xc0\xb3\x00""B0@*\x00\xc0\xb3\x00@@\x00$\x00@\xa5\x00@1\xc0*\x07@\xb3\x00@\xd7\xc0*\x04@\xb3\x00@\x00\x1c\xd0\x0c\xd4\x90P\xe2 \x02\x08\x82\x80`\x02\xc0\x00\x00\x00\x00\xd6\x10\x09@\x00""0\x00\x00@\x18\x01@\xaf\xc0\x84#@\xf1\x00@\x0f\x00\x00 \xc0\x1f\x00\xe2`\x00""8\xf8\xb4`\x0aw\x00\x19\x00\x0c\xef\x90\x00v\x00\x19\x00\x0c\xc3\x90\x00""C\x8c\x0f\x05\x04""C\xb2\x00o\x8c\x0f\x06\x04\x83\xb2\x00u\x00\x19\x00\x0c\xc0\x90\x00t\x00\x19\x00\x0c\xc2\x90\x00""B\x8c""2\x05\x04""B\xb2\x00@\x8c""2\x06\x04\x82\xb2\x00""C\x0e\xc0*\x04\xc0\xb3\x00""B0@*\x00\xc0\xb3\x00@@\x00$\x00@\xa5\x00@1\xc0*\x07@\xb3\x00@\xd7\xc0*\x04@\xb3\x00@\x00\x1c\xd0\x0c\xd6\x90P\xe2 \x02\x08\x82\x80`\x02\xc0\x00\x00\x00\x00\xd7\x10\x09@\x00\xc0\x00\x00@\x18\x01@\xdc\xc0\x84#@\xf1\x00@\x0f\x00\x00 \xc0\x1f\x00\xe2p\x00""8\xf8\xb4`\x0aw\x00\x19\x00\x0c\xef\x90\x00v\x00\x19\x00\x0c\xc3\x90\x00""C\x8c\x0f\x05\x04""C\xb2\x00o\x8c\x0f\x06\x04\x83\xb2\x00u\x00\x19\x00\x0c\xc0\x90\x00t\x00\x19\x00\x0c\xc2\x90\x00""B\x8c""2\x05\x04""B\xb2\x00@\x8c""2\x06\x04\x82\xb2\x00""C\x0e\xc0*\x04\xc0\xb3\x00""B0@*\x00\xc0\xb3\x00@@\x00$\x00@\xa5\x00@1\xc0*\x07@\xb3\x00@\xd7\xc0*\x04@\xb3\x00@\x00\x1c\xd0\x0c\xd7\x90P\xe2 \x02\x18\x82\x80`\x02\xc0\x00\x00\x00\x00\xd8\x10\x09@\x00\x00\x03\x00\xc0\x18\x01@\x00\x00\x01\x00\xc0\x1a\x01@\x0f\x00\x00\x00\xc0\x1f\x00\xe2\x80\x00""8\xf8\xb4`\x0aw\x00\x19\x00\x0c\xef\x90\x00v\x00\x19\x00\x0c\xc3\x90\x00""C\x8c\x0f\x05\x04""C\xb2\x00o\x8c\x0f\x06\x04\x83\xb2\x00u\x00\x19\x00\x0c\xc0\x90\x00t\x00\x19\x00\x0c\xc2\x90\x00""B\x8c""2\x05\x04""B\xb2\x00@\x8c""2\x06\x04\x82\xb2\x00""C\x0e\xc0*\x04\xc0\xb3\x00""B0@*\x00\xc0\xb3\x00@@\x00$\x00@\xa5\x00@1\xc0*\x07@\xb3\x00@\xd7\xc0*\x04@\xb3\x00@\x00\x1c\xd0\x0c\xd8\x90P\xe2 \x02\x18\x82\x80`\x02\xc0\x00\x00\x00\x00\xd5\x10\x09@\x00\x00\x0c\x00\xc0\x18\x01@\x00\x00\x04\x00\xc0\x1a\x01@\x0f\x00\x00\x00\xc0\x1f\x00\xe2\x90\x00""8\xf8\xb4`\x0aw\x00\x19\x00\x0c\xef\x90\x00v\x00\x19\x00\x0c\xc3\x90\x00""C\x8c\x0f\x05\x04""C\xb2\x00o\x8c\x0f\x06\x04\x83\xb2\x00u\x00\x19\x00\x0c\xc0\x90\x00t\x00\x19\x00\x0c\xc2\x90\x00""B\x8c""2\x05\x04""B\xb2\x00@\x8c""2\x06\x04\x82\xb2\x00""C\x0e\xc0*\x04\xc0\xb3\x00""B0@*\x00\xc0\xb3\x00@@\x00$\x00@\xa5\x00@1\xc0*\x07@\xb3\x00@\xd7\xc0*\x04@\xb3\x00@\x00\x1c\xd0\x0c\xd5\x90P\xe2 \x02\x18\x82\x82`\x02\x09\x09\x00$\x00@\xa5\x00\x0b\x0b\x00\x18\x00\x80\xa5\x00\xc0\x00\x00\x00\x00\xd3\x10\x09""B\x00\x00""0\x00\xc2\x18\x01""B\x00\x00\x10\x00\xc2\x1a\x01""B\x0f\x00\x00\x00\xc0\x1f\x00\xe2\xa0\x00""8\xf8\xb4`\x0aw\x00\x19\x00\x0c\xee\x90\x00v\x00\x19\x00\x0c\xef\x90\x00u\x00\x19\x00\x0c\xc2\x90\x00t\x00\x19\x00\x0c\xc3\x90\x00""C\x8c""2\x05\x04""C\xb2\x00""B\x8c""2\x06\x04\x83\xb2\x00o\x8c\x0f\x05\x04t\xb2\x00n\x8c\x0f\x06\x04\xb4\xb2\x00t\x0e\xc0*\x04\xc2\xb3\x00""C0B*\x00\xc2\xb3\x00""BB\x00$\x00""B\xa5\x00""B1\xc0*\x07""B\xb3\x00""B\xd7\xc0*\x04""B\xb3\x00""B\x00\x1c\xd0\x0c\xd3\x90P\xe2 \x02\x18\x82\x82`\x02\x00\x0a\x00(\x00@\xa5\x00\x00\x0c\x00$\x00\x80\xa5\x00\xc0\x00\x00\x00\x00\xd1\x10\x09""B\x00\x00\xc0\x00\xc2\x18\x01""B\x00\x00@\x00\xc2\x1a\x01""B\x0f\x00\x00\x00\xc0\x1f\x00\xe2\xb0\x00""8\xf8\xb4`\x0aw\x00\x19\x00\x0c\xee\x90\x00v\x00\x19\x00\x0c\xef\x90\x00u\x00\x19\x00\x0c\xc2\x90\x00t\x00\x19\x00\x0c\xc3\x90\x00""C\x8c""2\x05\x04""C\xb2\x00""B\x8c""2\x06\x04\x83\xb2\x00o\x8c\x0f\x05\x04t\xb2\x00n\x8c\x0f\x06\x04\xb4\xb2\x00t\x0e\xc0*\x04\xc2\xb3\x00""C0B*\x00\xc2\xb3\x00""BB\x00$\x00""B\xa5\x00""B1\xc0*\x07""B\xb3\x00""B\xd7\xc0*\x04""B\xb3\x00""B\x00\x1c\xd0\x0c\xd1\x90P\xe2 \x02\x18\x82\x82`\x02@@\xc0\xb0\x04\xf4\xf5\x00\xc0\x00\x00\x00\x00\xfe\x10\x09""B\x00\x00\x00\x03\xc0\x18\x01@\x00\x00\x00\x01\xc0\x1a\x01@\x0f\x00\x00\x00\xc0\x1f\x00\xe2\xc0\x00""8\xf8\x9c`\x0a_\x00\x19\x00\x0c\xef\x90\x00^\x00\x19\x00\x0c\xc3\x90\x00""C\x8c\x0f\x05\x04""C\xb2\x00o\x8c\x0f\x06\x04\x83\xb2\x00]\x00\x19\x00\x0c\xc0\x90\x00\x5c\x00\x19\x00\x0c\xc2\x90\x00""B\x8c""2\x05\x04""B\xb2\x00@\x8c""2\x06\x04\x82\xb2\x00""C\x0e\xc0*\x04\xc0\xb3\x00""B0@*\x00\xc0\xb3\x00@@\x00$\x00@\xa5\x00@1\xc0*\x07@\xb3\x00@\xd7\xc0*\x04@\xb3\x00@\x00\x1c\xd0\x0c\xfe\x90P\xe2 \x02\x18\x82\x82`\x02""4\xc0\x0b\x09\x00\xc0P\x01""4\xc0IK\x00\xc9P\x01""4\xc0\x0c\x0a\x00\xf5P\x01t\xc0JL\x00\xcaP\x01\xc0\x00\x00\x00\x00\xfc\x10\x09""B\x00\x00\x00\x0c\xc2\x18\x01""B\x00\x00\x00\x04\xc2\x1a\x01""B\x0f\x00\x00\x00\xc0\x1f\x00\xe2\xd0\x00""8\xf8\x9c`\x0a_\x00\x19\x00\x0c\xef\x90\x00^\x00\x19\x00\x0c\xcb\x90\x00K\x8c\x0f\x05\x04K\xb2\x00o\x8c\x0f\x06\x04\x8b\xb2\x00]\x00\x19\x00\x0c\xc2\x90\x00\x5c\x00\x19\x00\x0c\xc3\x90\x00""C\x8c""2\x05\x04""C\xb2\x00""B\x8c""2\x06\x04\x83\xb2\x00K\x0e\xc0*\x04\xc2\xb3\x00""C0B*\x00\xc2\xb3\x00""BB\x00$\x00""B\xa5\x00""B1\xc0*\x07""B\xb3\x00""B\xd7\xc0*\x04""B\xb3\x00""B\x00\x1c\xd0\x0c\xfc\x90P\xe2 \x02\x18\x82\x82`\x02@\xd7\xc0\x22\x04\xf6\xb3\x00s\xd7\xc0\x22\x04\xcb\xb3\x00""2\xd7\xc0\x22\x04\xf3\xb3\x00I\xd7\xc0\x22\x04\xf4\xb3\x00u\xd7\xc0\x22\x04\xcc\xb3\x00J\xd7\xc0\x22\x04\xc9\xb3\x00\xc0\x00\x00\x00\x00\xfa\x10\x09""B\x00\x00\x00""0\xc0\x18\x01@\x00\x00\x00\x10\xc0\x1a\x01@\x0f\x00\x00\x00\xc0\x1f\x00\xe2\xe0\x00""8\xf8\x9c`\x0a_\x00\x19\x00\x0c\xef\x90\x00^\x00\x19\x00\x0c\xc3\x90\x00""C\x8c\x0f\x05\x04""C\xb2\x00o\x8c\x0f\x06\x04\x83\xb2\x00]\x00\x19\x00\x0c\xc0\x90\x00\x5c\x00\x19\x00\x0c\xc2\x90\x00""B\x8c""2\x05\x04""B\xb2\x00@\x8c""2\x06\x04\x82\xb2\x00""C\x0e\xc0*\x04\xc0\xb3\x00""B0@*\x00\xc0\xb3\x00@@\x00$\x00@\xa5\x00@1\xc0*\x07@\xb3\x00@\xd7\xc0*\x04@\xb3\x00@\x00\x1c\xd0\x0c\xfa\x90P\xe2 \x02\x18\x82\x82`\x02\x0f\xd7\xc0\x22\x04\xc0\xb3\x00\xc0\x00\x00\x00\x00\xf7\x10\x01\xc0\x00\x00\x00\x00\xf9\x10\x09""B\x00\x00\x00\xc0\xc2\x18\x01""B\x00\x00\x00@\xc2\x1a\x01""B\x0f\x00\x00\x00\xc0\x1f\x00\xe2\xf0\x00""8\xf8\x9c`\x0a_\x00\x19\x00\x0c\xef\x90\x00^\x00\x19\x00\x0c\xca\x90\x00J\x8c\x0f\x05\x04J\xb2\x00o\x8cO\x06\x04\x8a\xb2\x00]\x00\x19\x00\x0c\xc2\x90\x00\x5c\x00\x19\x00\x0c\xc3\x90\x00""C\x8c""2\x05\x04""C\xb2\x00""B\x8cr\x06\x04\x83\xb2\x00JN\xc0*\x04\xc2\xb3\x00""CpB*\x00\xc2\xb3\x00""BB\x00$\x00""B\xa5\x00""Bq\xc0*\x07""B\xb3\x00""B\xd7\xc0*\x04""B\xb3\x00""B\x00\x1c\xd0\x0c\xf9\x90P\xc0\x10\x00\x00\x00\xc2\x10\x01&\xc0""B\xb0\x03\xf2P\x01""2\x97\x0a\x00\x00\xc2\xa0\x00""B\xc9\x00\x10\x00\xc2\xa0\x00\xb1""B\xc0\x80\x01\xc2\xf0\x00M\xd7\xc0\x22\x04\xca\xb3\x00\x0b\x00\x1c\xe0\x0c\xd9\x90\x00""3\x00\x1c\xe0\x0c\xf5\x90\x00""6\x00\x1c\xe0\x0c\xf1\x90\x00""4\x00\x1c\xe0\x0c\xcf\x90\x00K\x00\x1c\xd0\x0c\xda\x90\x00s\x00\x1c\xd0\x0c\xf8\x90\x00\x0c\x00\x1c\xd0\x0c\xf0\x90\x00""6\x00\x1c\xd0\x0c\xcd\x90\x00\x09\x00\x1c\xd0\x0c\xce\x90\x00t\x00\x1c\xd0\x0c\xcb\x90\x00L\x00\x1c\xe0\x0c\xf4\x90\x00I\x00\x1c\xe0\x0c\xcc\x90\x00""B\x02\x00\x00\x10\xc0\x1f\x00\xc0L\x00\x00\x00\xf6\x10\x01\xc1P\x00\x00\x00\xc0\x1f\x00""2\xcd\x0a\x18\x00\xc2\xa0\x00""B\xc8\x00\x18\x00\xc2\xa0\x00\xb2""B\xc0\x80\x01\xc2\xf0\x00""B\x02\x00\x00\x10\xc0\x1f\x00\xc0H\x00\x00\x00\xf6\x10\x01\xc1J\x00\x00\x00\xc0\x1f\x00""2\xc9\x0a\x1c\x00\xc2\xa0\x00\xb3""B\xc0\x80\x01\xc2\xf0\x00\xc0\x00\x00\x00\x00\xf7\x10\x01""B\x02\x00\x00\x10\xc0\x1f\x00\xc0""D\x00\x00\x00\xf6\x10\x01\xc1""D\x00\x00\x00\xc0\x1f\x00""2\x99\x0a\x00\x00\xc2\xa0\x00\xb4""B\xc0\x80\x01\xc2\xf0\x00""B\x02\x00\x00\x10\xc0\x1f\x00\xc0@\x00\x00\x00\xf6\x10\x01\xc1?\x00\x00\x00\xc0\x1f\x00""2\xcc\x0a\x1c\x00\xc2\xa0\x00""B\xc8\x00\x18\x00\xc2\xa0\x00\xb2""B\xc0\x80\x01\xc2\xf0\x00\xc0\x00\x00\x00\x00\xf7\x10\x01""B\x02\x00\x00\x10\xc0\x1f\x00\xc0<\x00\x00\x00\xf6\x10\x01\xc1""8\x00\x00\x00\xc0\x1f\x00""2\xc9\x0a\x18\x00\xc2\xa0\x00\xb3""B\xc0\x80\x01\xc2\xf0\x00""B\x02\x00\x00\x10\xc0\x1f\x00\xc0""8\x00\x00\x00\xf6\x10\x01\xc1""3\x00\x00\x00\xc0\x1f\x00""2\xcf\x0a\x10\x00\xc2\xa0\x00""B\xc9\x00\x10\x00\xc2\xa0\x00\xb1""B\xc0\x80\x01\xc2\xf0\x00\xc0\x00\x00\x00\x00\xf7\x10\x01""B\x02\x00\x00\x10\xc0\x1f\x00\xc0""4\x00\x00\x00\xf6\x10\x01\xc1,\x00\x00\x00\xc0\x1f\x00""2\xc9\xc0\x11\x01\xc2\xb4\x00""B\xc8\x00\x18\x00\xc2\xa0\x00\xb2""B\xc0\x80\x01\xc2\xf0\x00""B\x02\x00\x00\x10\xc0\x1f\x00\xc0""0\x00\x00\x00\xf6\x10\x01\xc1&\x00\x00\x00\xc0\x1f\x00""2\xc9\x0a\x14\x00\xc2\xa0\x00\xb3""B\xc0\x80\x01\xc2\xf0\x00\xc0\x00\x00\x00\x00\xf7\x10\x01""B\x02\x00\x00\x10\xc0\x1f\x00\xc0,\x00\x00\x00\xf6\x10\x01\xc1 \x00\x00\x00\xc0\x1f\x00""2\xcd\x0a\x1c\x00\xc2\xa0\x00\xb4""B\xc0\x80\x01\xc2\xf0\x00""B\x02\x00\x00\x10\xc0\x1f\x00\xc0(\x00\x00\x00\xf6\x10\x01\xc1\x1b\x00\x00\x00\xc0\x1f\x00""2\xcb\x0a\x14\x00\xc3\xa0\x00""C\xc8\x00\x18\x00\xc9\xa0\x00""f\xc0\xc0\x80\x00\xc2\xf0\x00\xb2\x09""B\x80\x01\xc2\xf0\x00\xc0\x00\x00\x00\x00\xf7\x10\x01""B\x04\x00\x00\x10\xc0\x1f\x00\xc0$\x00\x00\x00\xc2\x10\x01\x09\xb7""B\xb6\x04\xf6P\x01I\xb2\xc0\xc0\x04\xf7P\x01\xc1\x11\x00\x00\x00\xc0\x1f\x00""2\xcc\x0a\x18\x00\xc2\xa0\x00""B\xc9\x00\x10\x00\xc2\xa0\x00\xb1""B\xc0\x80\x01\xc2\xf0\x00""B\x02\x00\x00\x10\xc0\x1f\x00\xc0\x1c\x00\x00\x00\xf6\x10\x01\xc1\x0b\x00\x00\x00\xc0\x1f\x00""2\xca\x0a\x18\x00\xc2\xa0\x00""B\xc8\x00\x18\x00\xc2\xa0\x00\xb2""B\xc0\x80\x01\xc2\xf0\x00\xc0\x00\x00\x00\x00\xf7\x10\x01""B\x02\x00\x00\x10\xc0\x1f\x00\xc0\x18\x00\x00\x00\xf6\x10\x01\xc1\x04\x00\x00\x00\xc0\x1f\x00r\xc8\x0a\x1c\x00\xc2\xa0\x00\x02\xb3\xc0\xc0\x04\xf7P\x01\xc0\x14\x00\x00\x00\xc3\x10\x01""B\xb9""C\xb8\x04\xf6PQ\xfe\xd8I\x00\x00\xc2\x10\x07\xff\x00\x00\x00\x00\xc3\x91\x06""6B\x00\x00\x00\xc2\xa3\x01""B\x00\x00\x18\x82\x89`\x00N\x00\x19\x00\x0c\xee\x90\x00\xff\x00\x00\x00\x00\xef\x91\x06t\x00\x19\x00\x0c\xec\x90\x00K\x00\x19\x00\x0c\xe5\x90\x00M\x00\x19\x00\x0c\xe9\x90\x00O\x00\x19\x00\x0c\xed\x90\x00q\x00\x19\x00\x0c\xea\x90\x00p\x00\x19\x00\x0c\xeb\x90\x00x\x00\x19\x00\x0c\xe8\x90\x00Z\x00\x19\x00\x0c\xe6\x90\x00u\x00\x19\x00\x0c\xe7\x90\x00\x00\x00\x1c\xd0\x0c\xdc\x90\x00Y\x00\x19\x00\x0c\xd9\x90\x08\x09\x00\x19\x00\x0c\xf2\x90\x00n2\xc0\x00\x04\xee\xb2\x00n\x9e\xda\x02\x00\xee\xb2\x00n\x00\x1c\xc0\x0c\xee\x90\x00""e2\xc0\x00\x04\xe5\xb2\x00""e\x9e\xda\x02\x00\xe5\xb2\x00""e\x00\x1c\xc0\x0c\xe5\x90\x00""2\x00\x00\x00\x00\xf3\x9c\x00i2\xc0\x00\x04\xe9\xb2\x00i\x9e\xda\x02\x00\xe9\xb2\x00i\x00\x1c\xc0\x0c\xe9\x90\x00m2\xc0\x00\x04\xed\xb2\x00m\x9e\xda\x02\x00\xed\xb2\x00m\x00\x1c\xc0\x0c\xed\x90\x00j2\xc0\x00\x04\xea\xb2\x00j\x9e\xda\x02\x00\xea\xb2\x00j\x00\x1c\xc0\x0c\xea\x90\x00k2\xc0\x00\x04\xeb\xb2\x00k\x9e\xda\x02\x00\xeb\xb2\x00k\x00\x1c\xc0\x0c\xeb\x90\x00h2\xc0\x00\x04\xe8\xb2\x00h\x9e\xda\x02\x00\xe8\xb2\x00h\x00\x1c\xc0\x0c\xf8\x90\x00l2\xc0\x00\x04\xec\xb2\x00l\x9e\xda\x02\x00\xec\xb2\x00l\x00\x1c\xc0\x0c\xf0\x90\x00""f2\xc0\x00\x04\xe6\xb2\x00""f\x9e\xda\x02\x00\xda\xb2\x00g2\xc0\x00\x04\xdd\xb2\x00n\x09n\x09\x04\xeeP\x01n\x00\x19\x00\x0c\xe0\x90\x00\xfepS\x00\x00\xee\x10\x07""6n\x00\x00\x00\xee\xa3\x01n\x00\x00\x18\x82\xb4`\x00""e\x09""e\x09\x04\xe5P\x01""e\x00\x19\x00\x0c\xe5\x90\x00""e3\xc0\x00\x04\xe5\xb2\x00""e\xd7\xc0\x04\x04\xcb\xb2\x00\x0b\x00\x0d\x00\x00\xc2\x90\x00""B2\xc0\x00\x04\xc2\xb2\x00""B\x9e\xda\x02\x00\xc2\xb2\x00""B\x00\x1c\xc0\x0c\xc2\x90\x00""B\x09""B\x09\x04\xdbP\x01i\x09i\x09\x04\xe9P\x01i\x00\x19\x00\x0c\xe9\x90\x00i3\xc0\x00\x04\xe9\xb2\x00i\xd7\xc0\x04\x04\xcd\xb2\x00\x0d\x00\x0d\x00\x00\xd0\x90\x00m\x09m\x09\x04\xedP\x01m\x00\x19\x00\x0c\xed\x90\x00m3\xc0\x00\x04\xed\xb2\x00m\xd7\xc0\x04\x04\xcf\xb2\x00L\x00\x19\x00\x0c\xef\x90\x00o2\xc0\x00\x04\xef\xb2\x00o\x9e\xda\x02\x00\xef\xb2\x00o\x00\x1c\xc0\x0c\xde\x90\x00j\x09j\x09\x04\xeaP\x01j\x00\x19\x00\x0c\xea\x90\x00j3\xc0\x00\x04\xf1\xb2\x00k\x09k\x09\x04\xdfP\x09\xc0""4\xc0\x80\x01\xf5\xf8\x00""5\x05\x00\x00\x00\xc0\x1f\x00""4[\x00\x00\x00\xcc\xa0\x00\xfe\xb0G\x00\x00\xc2\x10\x07\xff\x00\x00\x00\x00\xc3\x91\x06""B\x0c' \x00\xc2\xa3\x01""B\x00\x00X\x82\x9b`PP2\xc0\x00\x04\xc2\xb2\x00""B\x9e\xda\x02\x00\xc2\xb2\x00""B\x00\x1c\xc0\x0c\xc2\x90\x00\x5c\x00\x19\x00\x0c\xe3\x90\x00]\x9e\xda\x02\x00\xe4\xb2\x00\xfe\x98Y\x00\x00\xdc\x10\x07\xff\x00\x00\x00\x00\xdd\x91\x06v\x1c\x00\x00\x00\xf6\xa3\x01\x0a\x00\x1c\xd0\x0c\xe1\x90\x00Y2\xc0\x00\x04\xe2\xb2\x00Z\x00\x1c\xc0\x0c\xce\x90\x00_\x00\x19\x00\x0c\xdf\x90\x00`3\xc0\x00\x04\xe0\xb2\x00q\xd7\xc0\x04\x04\xcc\xb2\x00\x0f\x00\x0d\x00\x00\xda\x90\x00""B\x09""B\x09\x04\xd9P\x01""5\x05\x00\x00\x00\xc0\x1f\x00""4Y\x00\x00\x00\xf1\xa0\x00\xfe\x00G\x00\x00\xc2\x10\x07\xff\x00\x00\x00\x00\xc3\x91\x06""B0'$\x00\xc2\xa3\x01""B\x00\x00\x98\x82\x99`Pv\x00\x00X\x82\xb6`\x00Z2\xc0\x00\x04\xc2\xb2\x00""B\x9e\xda\x02\x00\xc2\xb2\x00""B\x00\x1c\xc0\x0c\xc2\x90\x00""B\x09""B\x09\x04\xe7P\x01""a\x00\x19\x00\x0c\xe1\x90\x00""c2\xc0\x00\x04\xe3\xb2\x00""b\x9e\xda\x02\x00\xe2\xb2\x00""d\x00\x1c\xc0\x0c\xf1\x90\x00x\x09x\x09\x04\xe4P\x01p\x09p\x09\x04\xe8P\x01\x1e\x09\x1e\x09\x04\xe9P\x01\xfe\x08Y\x00\x00\xdc\x10\x07_3\xc0\x00\x04\xe6\xb2\x00`\xd7\xc0\x04\x04\xf0\xb2\x00\x0c\x00\x0d\x00\x00\xe5\x90\x00\xff\x00\x00\x00\x00\xdf\x91\x06""5\x04\x00\x00\x00\xc0\x1f\x00""4g\x00\x00\x00\xc2\xa0\x00\xfeHF\x00\x00\xde\x10\x07\x1e""B' \x00\xc2\xa3\x01""B\x00\x00\x18\x82\xa7`Pe2\xc0\x00\x04\xc2\xb2\x00""B\x9e\xda\x02\x00\xc2\xb2\x00""B\x00\x1c\xc0\x0c\xc2\x90\x00""B\x09""B\x09\x04\xedP\x01J\x00\x1c\xe0\x0c\xf8\x90\x00@\x00\x1c\xe0\x0c\xf7\x90\x00""a2\xc0\x00\x04\xda\xb2\x00""c\x9e\xda\x02\x00\xe1\xb2\x00""b\x00\x1c\xc0\x0c\xc0\x90\x00N\x09N\x09\x04\xe0P\x01""d\x00\x19\x00\x0c\xe2\x90\x00h\x00\x19\x00\x0c\xe3\x90\x00i\x00\x19\x00\x0c\xe4\x90\x00\x1c\x00\x00\x00\x00\xde\x91\x00""f\xd7\xc0\x04\x04\xca\xb2\x00""0\x00\x0d\x00\x00\xec\x90\x00\xff\x00\x00\x00\x00\xeb\x91\x06\x1c\x00\x00\x00\x00\xea\x91\x10""6[\x00\x00\x00\xdb\xa0 6Y\x00\x00\x00\xe8\xa0\x08""6g\x00\x00\x00\xd0\xa0\x00""5\x05\x00\x00\x00\xc0\x1f\x00\xfe\x80""E\x00\x00\xc2\x10\x07""4m\x00\x00\x00\xce\xa0\x00+\x00\x00\x00\x00\xc3\x91\x00""B\x0e' \x00\xc2\xa3\x01""B\x00\x00\x18\x82\xad`Pl2\xc0\x00\x04\xc2\xb2\x00""B\x9e\xda\x02\x00\xc2\xb2\x00""B\x00\x1c\xc0\x0c\xc2\x90\x00""B\x09""B\x09\x04\xecP\x01\x1c\x1a'$\x00\xe6\xa3\x01\xff\x00\x00\x00\x00\xdd\x91\x06x\x00\x19\x00\x0c\xf8\x90\x00w\x00\x19\x00\x0c\xe5\x90\x00Z\x9e\xda\x02\x00\xd9\xb2\x00""a\x00\x1c\xc0\x0c\xce\x90\x00q\x09q\x09\x04\xe1P\x01`\x00\x19\x00\x0c\xf1\x90\x00""b3\xc0\x00\x04\xe2\xb2\x00""c3\xc0\x00\x04\xe3\xb2\x00""d3\xc0\x00\x04\xe4\xb2\x00^h' \x00\xe8\xa3\x01j\x10' \x00\xea\xa3\x01\x0a\x00\x0d\x00\x00\xe0\x90\x08""6m\x00\x00\x00\xef\xa0\x00\x5cn'$\x00\xdc\xa3\x01""5\x05\x00\x00\x00\xc0\x1f\x00""4l\x00\x00\x00\xf7\xa0\x00\xfe\xa8""D\x00\x00\xc2\x10\x07\xff\x00\x00\x00\x00\xc3\x91\x06""B6'$\x00\xc2\xa3\x01""B\x00\x00\x18\x82\xac`P`2\xc0\x00\x04\xc2\xb2\x00""B\x9e\xda\x02\x00\xc2\xb2\x00""B\x00\x1c\xc0\x0c\xc2\x90\x00q3\xc0\x00\x04\xdf\xb2\x00""f\x00\x00\x98\x82\xb1`\x00""c\xd7\xc0\x04\x04\xde\xb2\x00h\x00\x00\x98\x82\xa3`\x00x2\xc0\x00\x04\xf7\xb2\x00""e2\xc0\x00\x04\xda\xb2\x00\x5c\x00\x00\x98\x82\xa5`\x00Y\x00\x1c\xc0\x0c\xf8\x90\x00@\x09@\x09\x04\xd9P\x01""a\x00\x19\x00\x0c\xdb\x90\x00""b\xd7\xc0\x04\x04\xc0\xb2\x00""d\xd7\xc0\x04\x04\xe2\xb2\x00j\x00\x00\x98\x82\xa4`\x08""6l\x00\x00\x00\xef\xa0\x00\xfe\x88V\x00\x00\xe6\x10\x07\xff\x00\x00\x00\x00\xe7\x91\x06""B\x09""B\x09\x04\xe9P\x01&n'$\x00\xc2\xa3\x01""B\x00\x00X\x82\xa8`\x00""5\x05\x00\x00\x00\xc0\x1f\x00""4i\x00\x00\x00\xd0\xa0\x00\xfe\xc8""C\x00\x00\xc2\x10\x07\xff\x00\x00\x00\x00\xc3\x91\x06""B\x10' \x00\xc2\xa3\x01""B\x00\x00\x18\x82\xa9`P\xff\x00\x00\x00\x00\xe7\x91\x06w\x9e\xda\x02\x00\xdc\xb2\x00_\xd7\xc0\x04\x04\xf7\xb2\x00M\x00\x1c\x00\x0c\xe1\x90\x00!\x00\x00\x00\x00\xcd\x91\x00L\x00\x1c\x00\x0c\xe0\x90\x00J\x00\x1c\x00\x0c\xdf\x90\x00^\x00\x1c\x00\x0c\xde\x90\x00Z\x9e\xda\x02\x00\xdd\xb2\x00N\x09N\x09\x04\xdaP\x01Y\x00\x19\x00\x0c\xd9\x90\x00[3\xc0\x00\x04\xdb\xb2\x00K\x00\x1c\x00\x0c\xcc\x90\x00O\x00\x1c\x00\x0c\xce\x90\x00p\x00\x1c\x00\x0c\xf0\x90\x00""b\x00\x1c\x00\x0c\xca\x90\x00\x00\x00\x0d\x00\x00\xe2\x90\x00 \x00\x00\x00\x00\xcf\x91\x00\x1e\x00\x00\x00\x00\xcb\x91\x08""6i\x00\x00\x00\xc2\xa0\x00""fB' \x00\xc2\xa3\x01""B\x00\x00\x18\x82\x82` ce\x00\x00\x00\xee\xa0\x00qd\x00\x00\x00\xef\xa0\x00\x1f\x00\x00\x00\x00\xf1\x91\x10oh\x00\x00\x00\xef\xa0\x08nB\x00\x00\x00\xc2\xa0\x00oB\xc0\x80\x01\xc2\xf0\x00""B8\x00\x00\x10\xc0\x1f\x00\xd6y\x01\x00P\xc2\xa0\x00""B\xc0""B\xc0\x01\xc2X\x01""B\x9f""B\x9f\x04\xf9X\x01\xd6z\x01\x00P\xd0\xa0\x00P\xc0P\xc0\x01\xd0X\x01P\x9fP\x9f\x04\xfaX\x01\xd6|\x01\x00P\xe3\xa0\x00""c\xc0""c\xc0\x01\xe3X\x01""c\x9f""c\x9f\x04\xfcX\x01\xd6~\x01\x00P\xe4\xa0\x00""d\xc0""d\xc0\x01\xe4X\x01""d\x9f""d\x9f\x04\xfeX\x01\xd6Q\x01\x00P\xe5\xa0\x00""e\xc0""e\xc0\x01\xe5X\x01""e\x9f""e\x9f\x04\xd1X\x01\xd6S\x01\x00P\xe6\xa0\x00""f\xc0""f\xc0\x01\xe6X\x01""f\x9f""f\x9f\x04\xd3X\x01\xd6U\x01\x00P\xe7\xa0\x00g\xc0g\xc0\x01\xe7X\x01g\x9fg\x9f\x04\xd5X\x01\xd6X\x01\x00P\xe8\xa0\x00h\xc0h\xc0\x01\xe8X\x01h\x9fh\x9f\x04\xd8X\x01\xd6W\x01\x00P\xe9\xa0\x00i\xc0i\xc0\x01\xe9X\x01i\x9fi\x9f\x04\xd7X\x01\xd6V\x01\x00P\xea\xa0\x00j\xc0j\xc0\x01\xeaX\x01j\x9fj\x9f\x04\xd6X\x01\xd6T\x01\x00P\xeb\xa0\x00k\xc0k\xc0\x01\xebX\x01k\x9fk\x9f\x04\xd4X\x01\xd6R\x01\x00P\xec\xa0\x00l\xc0l\xc0\x01\xecX\x01l\x9fl\x9f\x04\xd2X\x01\xd6""A\x01\x00P\xc1\xa0\x00""A\xc0""A\xc0\x01\xc1X\x01""A\x9f""A\x9f\x04\xc1X\x01\xd6\x7f\x01\x00P\xed\xa0\x00m\xc0m\xc0\x01\xedX\x01m\x9fm\x9f\x04\xffX\x01\xd6}\x01\x00P\xee\xa0\x00n\xc0n\xc0\x01\xeeX\x01n\x9fn\x9f\x04\xfdX\x01\xd6{\x01\x00P\xef\xa0\x00o\xc0o\xc0\x01\xefX\x01o\x9fo\x9f\x04\xfbX\x01L\x00\x00\x00\x00\xcd\x91\x00N\x00\x00\x00\x00\xcf\x91\x00p\x00\x00\x00\x00\xf1\x91\x00J\x00\x00\x00\x00\xcb\x91\x00""a\x00\x00\x00\x00\xcc\x91\x00`\x00\x00\x00\x00\xce\x91\x00_\x00\x00\x00\x00\xf0\x91\x00^\x00\x00\x00\x00\xca\x91Pb2\xc0\x00\x04\xc2\xb2\x00""B\x9e\xda\x02\x00\xc2\xb2\x00""B\x00\x1c\xc0\x0c\xc2\x90\x00\x5c\x00\x1c\xc0\x0c\xdc\x90\x00]\x00\x1c\xc0\x0c\xdd\x90\x00x\x09x\x09\x04\xd0P\x01Z\x00\x19\x00\x0c\xdf\x90\x00Y3\xc0\x00\x04\xd9\xb2\x00[\xd7\xc0\x04\x04\xf8\xb2\x00""7\x00\x0d\x00\x00\xde\x90\x00""B\x09""B\x09\x04\xdbP\x01""5\x05\x00\x00\x00\xc0\x1f\x00""4[\x00\x00\x00\xda\xa0\x00\xfe\x98@\x00\x00\xc2\x10\x07\xff\x00\x00\x00\x00\xc3\x91\x06""BZ' \x00\xc2\xa3\x01""B\x00\x00\x98\x82\x9b`P\x1e""2\xc0\x00\x04\xc2\xb2\x00""B\x9e\xda\x02\x00\xc2\xb2\x00""B\x00\x1c\xc0\x0c\xc2\x90\x00""B\x09""B\x09\x04\xe2P\x01P\x00\x19\x00\x0c\xda\x90\x00_3\xc0\x00\x04\xe0\xb2\x00Y\xd7\xc0\x04\x04\xd9\xb2\x00""8\x00\x0d\x00\x00\xd0\x90\x00\xff\x00\x00\x00\x00\xdf\x91\x06""5\x04\x00\x00\x00\xc0\x1f\x00""4b\x00\x00\x00\xc2\xa0\x00\xfe @\x00\x00\xde\x10\x07\x1e""B' \x00\xc2\xa3\x01""B\x00\x00X\x82\xa2`PP2\xc0\x00\x04\xc2\xb2\x00""B\x9e\xda\x02\x00\xc2\xb2\x00""B\x00\x1c\xc0\x0c\xc2\x90\x00""B\x09""B\x09\x04\xd0P\x01\x5c\x09\x5c\x09\x04\xe3P\x01]\x09]\x09\x04\xe5P\x01\xfe`R\x00\x00\xde\x10\x07Z3\xc0\x00\x04\xdc\xb2\x00 \xd7\xc0\x04\x04\xda\xb2\x00\x19\x00\x0d\x00\x00\xe4\x90\x00\xff\x00\x00\x00\x00\xe1\x91\x06""5\x04\x00\x00\x00\xc0\x1f\x00""4P\x00\x00\x00\xc2\xa0\x00\xfe\xa0?\x00\x00\xe0\x10\x07 B' \x00\xc2\xa3\x01""B\x00\x00\x18\x82\x90`Pd2\xc0\x00\x04\xc2\xb2\x00""B\x9e\xda\x02\x00\xc2\xb2\x00""B\x00\x1c\xc0\x0c\xc2\x90\x00""B\x09""B\x09\x04\xe9P\x01""c\x00\x19\x00\x0c\xdd\x90\x00""e\x00\x19\x00\x0c\xe3\x90 6[\x00\x00\x00\xdb\xa0\x10""6b\x00\x00\x00\xe6\xa0\x00\x1e\x00\x00\x00\x00\xe0\x91\x00\x5c\xd7\xc0\x04\x04\xdc\xb2\x00\x1a\x00\x0d\x00\x00\xe8\x90\x00\xff\x00\x00\x00\x00\xeb\x91\x06\x1e\x00\x00\x00\x00\xea\x91\x08""6P\x00\x00\x00\xd0\xa0\x00""5\x05\x00\x00\x00\xc0\x1f\x00\xfe\x10?\x00\x00\xc2\x10\x07""4i\x00\x00\x00\xe2\xa0\x00+\x00\x00\x00\x00\xc3\x91\x00""B\x22' \x00\xc2\xa3\x01""B\x00\x00\x18\x82\xa9`Ph2\xc0\x00\x04\xc2\xb2\x00""B\x9e\xda\x02\x00\xc2\xb2\x00""B\x00\x1c\xc0\x0c\xc2\x90\x00\x1e\x1a'$\x00\xe4\xa3\x01\xff\x00\x00\x00\x00\xdf\x91\x06]3\xc0\x00\x04\xe2\xb2\x00""cs\xc0\x00\x04\xf3\xb2\x00`f' \x00\xe0\xa3\x01j\x10' \x00\xe6\xa3\x01\x1c\x00\x0d\x00\x00\xdd\x90\x00""B\x09""B\x09\x04\xd0P\x09""6i\x00\x00\x00\xef\xa0\x00^n'$\x00\xe8\xa3\x01""5\x05\x00\x00\x00\xc0\x1f\x00""4P\x00\x00\x00\xd0\xa0\x00\xfep>\x00\x00\xc2\x10\x07\xff\x00\x00\x00\x00\xc3\x91\x06""B\x10' \x00\xc2\xa3\x01""B\x00\x00\x18\x82\x90`Pd\x00\x00\x98\x82\x9e`\x00`\x00\x00\x98\x82\x9f`\x00]r\xc0\x00\x04\xc2\xb2\x00""B\x9e\xda\x02\x00\xc2\xb2\x00""B\x00\x1c\xc0\x0c\xc2\x90\x00""BIBI\x04\xc9P\x01""b\xd7\xc0\x04\x04\xdb\xb2\x00\xfe\xa0P\x00\x00\xe2\x10\x07\xff\x00\x00\x00\x00\xe3\x91\x06s\xd7\xc0\x04\x04\xf3\xb2\x00""f\x00\x00\x98\x82\xa0`\x00h\x00\x00\x98\x82\xa1`\x08""6P\x00\x00\x00\xef\xa0\x00\x22n'$\x00\xc2\xa3\x01""B\x00\x00X\x82\xa4`\x00u\x05\x00\x00\x00\xc0\x1f\x00tI\x00\x00\x00\xc9\xa0\x00\xfe\xc8=\x00\x00\xc2\x10\x07\xff\x00\x00\x00\x00\xc3\x91\x06""B\x08'$\x00\xc2\xa3\x01""B\x00\x00\x18\x82\x89`P\xff\x00\x00\x00\x00\xe3\x91\x06[\x00\x1c\x00\x0c\xdb\x90\x00\x5c\x00\x1c\x00\x0c\xdc\x90\x00Y\x00\x1c\x00\x0c\xd9\x90\x00w\x00\x1c\x00\x0c\xdd\x90\x00\x19\x00\x00\x00\x00\xf7\x91\x00Z\x00\x1c\x00\x0c\xf2\x90\x08vI\x00\x00\x00\xc2\xa0\x00""bB' \x00\xc2\xa3\x01""B\x00\x00\x18\x82\x82`\x00s\x00\x1c\x00\x0c\xf6\x90\x00x\x00\x1c\x00\x0c\xf3\x90\x00\x1d\x00\x00\x00\x00\xc9\x91\x00\x1c\x00\x00\x00\x00\xf8\x91 _a\x00\x00\x00\xee\xa0\x00^`\x00\x00\x00\xef\xa0\x10od\x00\x00\x00\xef\xa0\x00\x1b\x00\x00\x00\x00\xc3\x91\x08nB\x00\x00\x00\xc2\xa0\x00oB\xc0\x80\x01\xf4\xf0\x00@\x00\x1c\x00\x0c\xc2\x90\x00t8\x00\x00\x10\xc0\x1f\x00\xd6y\x01\x00P\xc0\xa0\x00@\xc0@\xc0\x01\xc0X\x01@\x9f@\x9f\x04\xf9X\x01\xd6z\x01\x00P\xe1\xa0\x00""a\xc0""a\xc0\x01\xe1X\x01""a\x9f""a\x9f\x04\xfaX\x01\xd6|\x01\x00P\xe2\xa0\x00""b\xc0""b\xc0\x01\xe2X\x01""b\x9f""b\x9f\x04\xfcX\x01\xd6~\x01\x00P\xe3\xa0\x00""c\xc0""c\xc0\x01\xe3X\x01""c\x9f""c\x9f\x04\xfeX\x01\xd6Q\x01\x00P\xe4\xa0\x00""d\xc0""d\xc0\x01\xe4X\x01""d\x9f""d\x9f\x04\xd1X\x01\xd6S\x01\x00P\xe5\xa0\x00""e\xc0""e\xc0\x01\xe5X\x01""e\x9f""e\x9f\x04\xd3X\x01\xd6U\x01\x00P\xe6\xa0\x00""f\xc0""f\xc0\x01\xe6X\x01""f\x9f""f\x9f\x04\xd5X\x01\xd6X\x01\x00P\xe7\xa0\x00g\xc0g\xc0\x01\xe7X\x01g\x9fg\x9f\x04\xd8X\x01\xd6W\x01\x00P\xe8\xa0\x00h\xc0h\xc0\x01\xe8X\x01h\x9fh\x9f\x04\xd7X\x01\xd6V\x01\x00P\xe9\xa0\x00i\xc0i\xc0\x01\xe9X\x01i\x9fi\x9f\x04\xd6X\x01\xd6T\x01\x00P\xea\xa0\x00j\xc0j\xc0\x01\xeaX\x01j\x9fj\x9f\x04\xd4X\x01\xd6R\x01\x00P\xeb\xa0\x00k\xc0k\xc0\x01\xebX\x01k\x9fk\x9f\x04\xd2X\x01\xd6""A\x01\x00P\xec\xa0\x00l\xc0l\xc0\x01\xecX\x01l\x9fl\x9f\x04\xc1X\x01\xd6\x7f\x01\x00P\xed\xa0\x00m\xc0m\xc0\x01\xedX\x01m\x9fm\x9f\x04\xffX\x01\xd6}\x01\x00P\xee\xa0\x00n\xc0n\xc0\x01\xeeX\x01n\x9fn\x9f\x04\xfdX\x01\xd6{\x01\x00P\xef\xa0\x00o\xc0o\xc0\x01\xefX\x01o\x9fo\x9f\x04\xfbX\x01""B\x00\x00\x00\x00\xc9\x91\x00s\x00\x00\x00\x00\xf7\x91\x00r\x00\x00\x00\x00\xf8\x91\x00v\x00\x00\x00\x00\xc3\x91\x00]\x00\x00\x00\x00\xc2\x91\x00Y\x00\x00\x00\x00\xf3\x91\x00\x5c\x00\x00\x00\x00\xf2\x91\x00[\x00\x00\x00\x00\xf6\x91P\xe2\x10\x02k\x04va\x02""A\x00\x19\x00\x0c\xc1\x90\x00""A\xb5\xda\x02\x00\xc1\xb2\x00""A\x00\x1c\xc0\x0c\xc1\x90\x00""A\xba""A\xba\x04\xc1P\x01""A\x00\x19\x00\x0c\xe8\x90\x00{\x00\x19\x00\x0c\xe2\x90\x00""b\xb5\xda\x02\x00\xe2\xb2\x00""b\x00\x1c\xc0\x0c\xe2\x90\x00""b\xba""b\xba\x04\xe2P\x01""b\x00\x19\x00\x0c\xe2\x90\x00""b\xdf""b\x00\x00\xe2\xb2\x00""b\x00\x1c\x00\x0c\xe2\x90\x00""b\x00\x19\x00\x0c\xfb\x90\x00}\x00\x19\x00\x0c\xc1\x90\x00""A\xb5\xda\x02\x00\xc1\xb2\x00""A\x00\x1c\xc0\x0c\xc1\x90\x00""A\xba""A\xba\x04\xc1P\x01""A\x00\x19\x00\x0c\xc1\x90\x00""A\xdf""A\x00\x00\xc1\xb2\x00""A\x00\x1c\x00\x0c\xc1\x90\x00\x7f\x00\x19\x00\x0c\xe1\x90\x00""a\xb5\xda\x02\x00\xe1\xb2\x00""a\x00\x1c\xc0\x0c\xe1\x90\x00""a\xba""a\xba\x04\xe1P\x01""a\x00\x19\x00\x0c\xe1\x90\x00""a\xdf""a\x00\x00\xe9\xb2\x00W\x00\x19\x00\x0c\xc0\x90\x00@\xb5\xda\x02\x00\xe5\xb2\x00T\x00\x19\x00\x0c\xf4\x90\x00t\xb5\xda\x02\x00\xf4\xb2\x00t\x00\x1c\xc0\x0c\xe6\x90\x00R\x00\x19\x00\x0c\xe0\x90\x00`\xb5\xda\x02\x00\xe0\xb2\x00`\x00\x1c\xc0\x0c\xe0\x90\x00`\xba`\xba\x04\xe7P\x01V\x00\x19\x00\x0c\xc0\x90\x00@\xb5\xda\x02\x00\xc0\xb2\x00@\x00\x1c\xc0\x0c\xc0\x90\x00\x0b\x00\x19\x00\x0c\xe3\x90\x00\x0a\x00\x19\x00\x0c\xd7\x90\x00""c\x17\x00\x00\x10\xdb\xa4\x00""1\x00\x19\x00\x0c\xea\x90\x00""0\x00\x19\x00\x0c\xd6\x90\x00j\x16\x00\x00\x10\xda\xa4\x00\x0f\x00\x19\x00\x0c\xeb\x90\x00\x0e\x00\x19\x00\x0c\xd4\x90\x00k\x14\x00\x00\x10\xd9\xa4\x00\x0d\x00\x19\x00\x0c\xec\x90\x00\x0c\x00\x19\x00\x0c\xd2\x90\x00\xc8\xc0\x08\x10q\xf4\xb4\x00t\x01\x00\x00\x00\xf4\x1a\x01\x03\x00\x19\x00\x0c\xf5\x90\x00v\x00\x19\x00\x0c\xdf\x90\x00u\x1f\x00\x00\x10\xe3\xa4\x00""8\x00\x19\x00\x0c\xed\x90\x00""2\x00\x19\x00\x0c\xde\x90\x00m\x1e\x00\x00\x10\xe2\xa4\x00w\x00\x19\x00\x0c\xee\x90\x00""3\x00\x19\x00\x0c\xdd\x90\x00n\x1d\x00\x00\x10\xe1\xa4\x00\x09\x00\x19\x00\x0c\xef\x90\x00\x02\x00\x19\x00\x0c\xdc\x90\x00o\x1c\x00\x00\x10\xe0\xa4\x00X\x00\x19\x00\x0c\xe4\x90\x00;\x9e\xc0\x00\x04\xfd\xb2\x00l\x12\x00\x00\x10\xd8\xa4\x00t\x0b\x00\x00\x10\xc0\x1f\x00=\x1b\x17\x00\x00\xf4\xb2\x00t\xd7\x02""D\x01\xf4\xa4\x00t\x00\x0c\xc0\x0c\xec\x90\x00=\x1a\x16\x00\x00\xee\xb2\x00n\xd7\x02""D\x01\xee\xa4\x00n\x00\x0c\xc0\x0c\xed\x90\x00=\x19\x14\x00\x00\xef\xb2\x00o\xd7\x02""D\x01\xef\xa4\x00o\x00\x0c\xc0\x0c\xee\x90\x00}\x18\x12\x00\x00\xf4\xb2\x00\xc1\x0a\x00\x00\x00\xc0\x1f\x00=#\x1f\x00\x00\xf4\xb2\x00t\xd7\x02""D\x01\xf4\xa4\x00t\x00\x0c\xc0\x0c\xec\x90\x00=\x22\x1e\x00\x00\xee\xb2\x00n\xd7\x02""D\x01\xee\xa4\x00n\x00\x0c\xc0\x0c\xed\x90\x00=!\x1d\x00\x00\xef\xb2\x00o\xd7\x02""D\x01\xef\xa4\x00o\x00\x0c\xc0\x0c\xee\x90\x00} \x1c\x00\x00\xf4\xb2Pt\xd7\x02""D\x01\xf4\xa4\x00t\x00\x0c\xc0\x0c\xef\x90\x00\xe2\x00\x00""8\xf8\xb4`\x02i\x00\x1c\x00\x0c\xfd\x90\x00""A\x00\x19\x00\x0c\xc1\x90\x00\x01\x9e\xc0\x00\x04\xd0\xb2\x00U\x00\x19\x00\x0c\xd5\x90\x00""d\xb5\xda\x02\x00\xea\xb2\x00""e\x00\x1c\xc0\x0c\xff\x90\x00""f\xba""f\xba\x04\xebP\x01g\x00\x19\x00\x0c\xe5\x90\x00h\xdfh\x00\x00\xe6\xb2\x08to\x01\x00\x00\xf4\xa0\x00t\x00\x09\x00\x0c\xf4\x90\x00t\x9e\xc0\x00\x04\xf4\xb2\x00tt\xc0\x00\x04\xf4\xb2\x00un\x01\x00\x00\xf5\xa0\x00u\x00\x09\x00\x0c\xf5\x90\x00u\x9e\xc0\x00\x04\xf5\xb2\x00uut\x00\x00\xf4\xb2\x00vm\x01\x00\x00\xee\xa0\x00n\x00\x09\x00\x0c\xee\x90\x00n\x9e\xc0\x00\x04\xee\xb2\x00nnt\x00\x00\xf4\xb2\x00wl\x01\x00\x00\xef\xa0\x00o\x00\x09\x00\x0c\xef\x90\x00o\x9e\xc0\x00\x04\xef\xb2\x00oot\x00\x00\xe9\xb2\x00\xcb\xc0\x08\x10""A\xf4\xb4\x00t\x04\x00\x00\x00\xf4\x1a\x01t\x0b\x00\x00\x10\xc0\x1f\x00\x10\x1b\x17\x00\x00\xf4\xb2\x00t\xd7\x02""D\x01\xf4\xa4\x00t\x00\x0c\xc0\x0c\xec\x90\x00\x10\x1a\x16\x00\x00\xee\xb2\x00n\xd7\x02""D\x01\xee\xa4\x00n\x00\x0c\xc0\x0c\xed\x90\x00\x10\x19\x14\x00\x00\xef\xb2\x00o\xd7\x02""D\x01\xef\xa4\x00o\x00\x0c\xc0\x0c\xee\x90\x00P\x18\x12\x00\x00\xf4\xb2\x00\xc1\x0a\x00\x00\x00\xc0\x1f\x00\x10#\x1f\x00\x00\xf4\xb2\x00t\xd7\x02""D\x01\xf4\xa4\x00t\x00\x0c\xc0\x0c\xec\x90\x00\x10\x22\x1e\x00\x00\xee\xb2\x00n\xd7\x02""D\x01\xee\xa4\x00n\x00\x0c\xc0\x0c\xed\x90\x00\x10!\x1d\x00\x00\xef\xb2\x00o\xd7\x02""D\x01\xef\xa4\x00o\x00\x0c\xc0\x0c\xee\x90\x00P \x1c\x00\x00\xf4\xb2Pt\xd7\x02""D\x01\xf4\xa4\x00t\x00\x0c\xc0\x0c\xef\x90\x00\xe2\x10\x00""8\xf8\xb4`\x02k\x00\x19\x00\x0c\xe7\x90\x00}\x00\x19\x00\x0c\xfd\x90\x00=\x9e\xc0\x00\x04\xd0\xb2\x00S\x00\x19\x00\x0c\xd3\x90\x00U\xb5\xda\x02\x00\xe4\xb2\x00j\x00\x1c\xc0\x0c\xd5\x90\x00@\xba@\xba\x04\xeaP\x01""e\xdf""e\x00\x00\xe8\xb2\x00""f\x00\x1c\x00\x0c\xc0\x90\x08to\x01\x00\x00\xf4\xa0\x00t\x00\x09\x00\x0c\xf4\x90\x00t\x9e\xc0\x00\x04\xf4\xb2\x00tti\x00\x00\xf4\xb2\x00un\x01\x00\x00\xf5\xa0\x00u\x00\x09\x00\x0c\xf5\x90\x00u\x9e\xc0\x00\x04\xf5\xb2\x00uut\x00\x00\xf4\xb2\x00vm\x01\x00\x00\xee\xa0\x00n\x00\x09\x00\x0c\xee\x90\x00n\x9e\xc0\x00\x04\xee\xb2\x00nnt\x00\x00\xf4\xb2\x00wl\x01\x00\x00\xef\xa0\x00o\x00\x09\x00\x0c\xef\x90\x00o\x9e\xc0\x00\x04\xef\xb2\x00oot\x00\x00\xeb\xb2\x00\xc6\xc0\x08\x10""A\xf4\xb4\x00t\x10\x00\x00\x00\xf4\x1a\x01t\x0b\x00\x00\x10\xc0\x1f\x00\x10\x1b\x17\x00\x00\xf4\xb2\x00t\xd7\x02""D\x01\xf4\xa4\x00t\x00\x0c\xc0\x0c\xec\x90\x00\x10\x1a\x16\x00\x00\xee\xb2\x00n\xd7\x02""D\x01\xee\xa4\x00n\x00\x0c\xc0\x0c\xed\x90\x00\x10\x19\x14\x00\x00\xef\xb2\x00o\xd7\x02""D\x01\xef\xa4\x00o\x00\x0c\xc0\x0c\xee\x90\x00P\x18\x12\x00\x00\xf4\xb2\x00\xc1\x0a\x00\x00\x00\xc0\x1f\x00\x10#\x1f\x00\x00\xf4\xb2\x00t\xd7\x02""D\x01\xf4\xa4\x00t\x00\x0c\xc0\x0c\xec\x90\x00\x10\x22\x1e\x00\x00\xee\xb2\x00n\xd7\x02""D\x01\xee\xa4\x00n\x00\x0c\xc0\x0c\xed\x90\x00\x10!\x1d\x00\x00\xef\xb2\x00o\xd7\x02""D\x01\xef\xa4\x00o\x00\x0c\xc0\x0c\xee\x90\x00P \x1c\x00\x00\xf4\xb2Pt\xd7\x02""D\x01\xf4\xa4\x00t\x00\x0c\xc0\x0c\xef\x90\x00\xe2 \x00""8\xf8\xb4`\x02\x7f\xba\x7f\xba\x04\xe9P\x01@\x00\x19\x00\x0c\xff\x90\x00?\x9e\xc0\x00\x04\xc0\xb2\x00Q\x00\x19\x00\x0c\xd1\x90\x00S\xb5\xda\x02\x00\xe5\xb2\x00""d\x00\x1c\xc0\x0c\xd3\x90\x00j\x00\x19\x00\x0c\xe6\x90\x00g\xdfg\x00\x00\xea\xb2\x00h\x00\x1c\x00\x0c\xe4\x90\x08to\x01\x00\x00\xf4\xa0\x00t\x00\x09\x00\x0c\xf4\x90\x00t\x9e\xc0\x00\x04\xf4\xb2\x00ttk\x00\x00\xf4\xb2\x00un\x01\x00\x00\xf5\xa0\x00u\x00\x09\x00\x0c\xf5\x90\x00u\x9e\xc0\x00\x04\xf5\xb2\x00uut\x00\x00\xf4\xb2\x00vm\x01\x00\x00\xee\xa0\x00n\x00\x09\x00\x0c\xee\x90\x00n\x9e\xc0\x00\x04\xee\xb2\x00nnt\x00\x00\xf4\xb2\x00wl\x01\x00\x00\xef\xa0\x00o\x00\x09\x00\x0c\xef\x90\x00o\x9e\xc0\x00\x04\xef\xb2\x00oot\x00\x00\xec\xb2\x00\xc7\xc0\x08\x10q\xf4\xb4\x00t@\x00\x00\x00\xf4\x1a\x01t\x0b\x00\x00\x10\xc0\x1f\x00\x00\x1b\x17\x00\x00\xf4\xb2\x00t\xd7\x02""D\x01\xf4\xa4\x00t\x00\x0c\xc0\x0c\xed\x90\x00\x00\x1a\x16\x00\x00\xee\xb2\x00n\xd7\x02""D\x01\xee\xa4\x00n\x00\x0c\xc0\x0c\xee\x90\x00\x00\x19\x14\x00\x00\xef\xb2\x00o\xd7\x02""D\x01\xef\xa4\x00o\x00\x0c\xc0\x0c\xef\x90\x00@\x18\x12\x00\x00\xc0\xb2\x00\xc1\x0a\x00\x00\x00\xc0\x1f\x00\x00#\x1f\x00\x00\xf4\xb2\x00t\xd7\x02""D\x01\xf4\xa4\x00t\x00\x0c\xc0\x0c\xed\x90\x00\x00\x22\x1e\x00\x00\xee\xb2\x00n\xd7\x02""D\x01\xee\xa4\x00n\x00\x0c\xc0\x0c\xee\x90\x00\x00!\x1d\x00\x00\xef\xb2\x00o\xd7\x02""D\x01\xef\xa4\x00o\x00\x0c\xc0\x0c\xef\x90\x00@ \x1c\x00\x00\xc0\xb2P\xe2""0\x00""8\xf8\xb4`\x02@\xd7\x02""D\x01\xc0\xa4\x00@\x00\x0c\xc0\x0c\xd0\x90\x00~\x00\x19\x00\x0c\xc0\x90\x00""d\x00\x19\x00\x0c\xfe\x90\x00Q\xb5\xda\x02\x00\xe7\xb2\x00""e\x00\x1c\xc0\x0c\xd1\x90\x00U\xbaU\xba\x04\xebP\x01i\x00\x19\x00\x0c\xe8\x90\x00""f\xdf""f\x00\x00\xe9\xb2\x00j\x00\x1c\x00\x0c\xd5\x90\x08tP\x01\x00\x00\xf4\xa0\x00t\x00\x09\x00\x0c\xf4\x90\x00t\x9e\xc0\x00\x04\xf4\xb2\x00ttl\x00\x00\xf4\xb2\x00>\x9e\xc0\x00\x04\xd0\xb2\x00uo\x01\x00\x00\xf5\xa0\x00u\x00\x09\x00\x0c\xf5\x90\x00u\x9e\xc0\x00\x04\xf5\xb2\x00uut\x00\x00\xf4\xb2\x00vn\x01\x00\x00\xee\xa0\x00n\x00\x09\x00\x0c\xee\x90\x00n\x9e\xc0\x00\x04\xee\xb2\x00nnt\x00\x00\xf4\xb2\x00wm\x01\x00\x00\xef\xa0\x00o\x00\x09\x00\x0c\xef\x90\x00o\x9e\xc0\x00\x04\xef\xb2\x00oot\x00\x00\xec\xb2\x00\x08\x00\x03\x00\x00\xf4\x18\x01t\x00\x01\x00\x00\xf4\x1a\x01t\x0b\x00\x00\x10\xc0\x1f\x00\x10\x1b\x17\x00\x00\xf4\xb2\x00t\xd7\x02""D\x01\xf4\xa4\x00t\x00\x0c\xc0\x0c\xed\x90\x00\x10\x1a\x16\x00\x00\xee\xb2\x00n\xd7\x02""D\x01\xee\xa4\x00n\x00\x0c\xc0\x0c\xee\x90\x00\x10\x19\x14\x00\x00\xef\xb2\x00o\xd7\x02""D\x01\xef\xa4\x00o\x00\x0c\xc0\x0c\xef\x90\x00P\x18\x12\x00\x00\xf4\xb2\x00\xc1\x0a\x00\x00\x00\xc0\x1f\x00\x10#\x1f\x00\x00\xf4\xb2\x00t\xd7\x02""D\x01\xf4\xa4\x00t\x00\x0c\xc0\x0c\xed\x90\x00\x10\x22\x1e\x00\x00\xee\xb2\x00n\xd7\x02""D\x01\xee\xa4\x00n\x00\x0c\xc0\x0c\xee\x90\x00\x10!\x1d\x00\x00\xef\xb2\x00o\xd7\x02""D\x01\xef\xa4\x00o\x00\x0c\xc0\x0c\xef\x90\x00P \x1c\x00\x00\xf4\xb2Pt\xd7\x02""D\x01\xf4\xa4\x00t\x00\x0c\xc0\x0c\xd0\x90\x00\xe2@\x00""8\xf8\xb4`\x02|\x00\x19\x00\x0c\xe5\x90\x00@\xb5\xda\x02\x00\xe6\xb2\x00g\x00\x1c\xc0\x0c\xc0\x90\x00k\x00\x19\x00\x0c\xe7\x90\x00U\x00\x19\x00\x0c\xfc\x90\x00S\xbaS\xba\x04\xeaP\x01h\xdfh\x00\x00\xe8\xb2\x00i\x00\x1c\x00\x0c\xe4\x90\x08tP\x01\x00\x00\xf4\xa0\x00t\x00\x09\x00\x0c\xf4\x90\x00t\x9e\xc0\x00\x04\xf4\xb2\x00ttl\x00\x00\xf4\xb2\x00<\x9e\xc0\x00\x04\xd0\xb2\x00uo\x01\x00\x00\xf5\xa0\x00u\x00\x09\x00\x0c\xf5\x90\x00u\x9e\xc0\x00\x04\xf5\xb2\x00uut\x00\x00\xf4\xb2\x00vn\x01\x00\x00\xee\xa0\x00n\x00\x09\x00\x0c\xee\x90\x00n\x9e\xc0\x00\x04\xee\xb2\x00nnt\x00\x00\xf4\xb2\x00wm\x01\x00\x00\xef\xa0\x00o\x00\x09\x00\x0c\xef\x90\x00o\x9e\xc0\x00\x04\xef\xb2\x00oot\x00\x00\xeb\xb2\x00\x08\x00\x0c\x00\x00\xf4\x18\x01t\x00\x04\x00\x00\xf4\x1a\x01t\x0b\x00\x00\x10\xc0\x1f\x00\x10\x1b\x17\x00\x00\xf4\xb2\x00t\xd7\x02""D\x01\xf4\xa4\x00t\x00\x0c\xc0\x0c\xec\x90\x00\x10\x1a\x16\x00\x00\xee\xb2\x00n\xd7\x02""D\x01\xee\xa4\x00n\x00\x0c\xc0\x0c\xed\x90\x00\x10\x19\x14\x00\x00\xef\xb2\x00o\xd7\x02""D\x01\xef\xa4\x00o\x00\x0c\xc0\x0c\xee\x90\x00P\x18\x12\x00\x00\xf4\xb2\x00\xc1\x0a\x00\x00\x00\xc0\x1f\x00\x10#\x1f\x00\x00\xf4\xb2\x00t\xd7\x02""D\x01\xf4\xa4\x00t\x00\x0c\xc0\x0c\xec\x90\x00\x10\x22\x1e\x00\x00\xee\xb2\x00n\xd7\x02""D\x01\xee\xa4\x00n\x00\x0c\xc0\x0c\xed\x90\x00\x10!\x1d\x00\x00\xef\xb2\x00o\xd7\x02""D\x01\xef\xa4\x00o\x00\x0c\xc0\x0c\xee\x90\x00P \x1c\x00\x00\xf4\xb2Pt\xd7\x02""D\x01\xf4\xa4\x00t\x00\x0c\xc0\x0c\xd0\x90\x00\xe2P\x00""8\xf8\xb4`\x02z\x00\x19\x00\x0c\xd5\x90\x00""d\x00\x19\x00\x0c\xfa\x90\x00""e\xb5\xda\x02\x00\xe5\xb2\x00""f\x00\x1c\xc0\x0c\xd3\x90\x00Q\xbaQ\xba\x04\xe9P\x01j\x00\x19\x00\x0c\xe6\x90\x00g\xdfg\x00\x00\xe7\xb2\x00h\x00\x1c\x00\x0c\xd1\x90\x08tP\x01\x00\x00\xf4\xa0\x00t\x00\x09\x00\x0c\xf4\x90\x00t\x9e\xc0\x00\x04\xf4\xb2\x00ttk\x00\x00\xf4\xb2\x00:\x9e\xc0\x00\x04\xd0\xb2\x00un\x01\x00\x00\xf5\xa0\x00u\x00\x09\x00\x0c\xf5\x90\x00u\x9e\xc0\x00\x04\xf5\xb2\x00uut\x00\x00\xf4\xb2\x00vm\x01\x00\x00\xee\xa0\x00n\x00\x09\x00\x0c\xee\x90\x00n\x9e\xc0\x00\x04\xee\xb2\x00nnt\x00\x00\xf4\xb2\x00wl\x01\x00\x00\xef\xa0\x00o\x00\x09\x00\x0c\xef\x90\x00o\x9e\xc0\x00\x04\xef\xb2\x00oot\x00\x00\xec\xb2\x00\x08\x00""0\x00\x00\xf4\x18\x01t\x00\x10\x00\x00\xf4\x1a\x01t\x0b\x00\x00\x10\xc0\x1f\x00\x10\x1b\x17\x00\x00\xf4\xb2\x00t\xd7\x02""D\x01\xf4\xa4\x00t\x00\x0c\xc0\x0c\xed\x90\x00\x10\x1a\x16\x00\x00\xee\xb2\x00n\xd7\x02""D\x01\xee\xa4\x00n\x00\x0c\xc0\x0c\xee\x90\x00\x10\x19\x14\x00\x00\xef\xb2\x00o\xd7\x02""D\x01\xef\xa4\x00o\x00\x0c\xc0\x0c\xef\x90\x00P\x18\x12\x00\x00\xf4\xb2\x00\xc1\x0a\x00\x00\x00\xc0\x1f\x00\x10#\x1f\x00\x00\xf4\xb2\x00t\xd7\x02""D\x01\xf4\xa4\x00t\x00\x0c\xc0\x0c\xed\x90\x00\x10\x22\x1e\x00\x00\xee\xb2\x00n\xd7\x02""D\x01\xee\xa4\x00n\x00\x0c\xc0\x0c\xee\x90\x00\x10!\x1d\x00\x00\xef\xb2\x00o\xd7\x02""D\x01\xef\xa4\x00o\x00\x0c\xc0\x0c\xef\x90\x00P \x1c\x00\x00\xf4\xb2Pt\xd7\x02""D\x01\xf4\xa4\x00t\x00\x0c\xc0\x0c\xd0\x90\x00\xe2`\x00""8\xf8\xb4`\x02U\xb5\xda\x02\x00\xea\xb2\x00""e\x00\x1c\xc0\x0c\xd5\x90\x00i\x00\x19\x00\x0c\xe5\x90\x00y\x00\x19\x00\x0c\xe8\x90\x00Q\x00\x19\x00\x0c\xf9\x90\x00@\xba@\xba\x04\xebP\x01""9\x9e\xc0\x00\x04\xc0\xb2\x00""f\xdf""f\x00\x00\xe6\xb2\x00g\x00\x1c\x00\x0c\xe4\x90\x08tP\x01\x00\x00\xf4\xa0\x00t\x00\x09\x00\x0c\xf4\x90\x00t\x9e\xc0\x00\x04\xf4\xb2\x00ttl\x00\x00\xf4\xb2\x00uo\x01\x00\x00\xe9\xa0\x00i\x00\x09\x00\x0c\xe9\x90\x00i\x9e\xc0\x00\x04\xe9\xb2\x00iit\x00\x00\xe9\xb2\x00\x08\x00\xc0\x00\x00\xef\x18\x01o\x00@\x00\x00\xf4\x1a\x01vn\x01\x00\x00\xec\xa0\x00l\x00\x09\x00\x0c\xec\x90\x00l\x9e\xc0\x00\x04\xec\xb2\x00lli\x00\x00\xe9\xb2\x00wm\x01\x00\x00\xee\xa0\x00n\x00\x09\x00\x0c\xee\x90\x00n\x9e\xc0\x00\x04\xee\xb2\x00nni\x00\x00\xec\xb2\x00t\x0b\x00\x00\x10\xc0\x1f\x00\x00\x1b\x17\x00\x00\xf4\xb2\x00t\xd7\x02""D\x01\xf4\xa4\x00t\x00\x0c\xc0\x0c\xd1\x90\x00\x00\x1a\x16\x00\x00\xee\xb2\x00n\xd7\x02""D\x01\xee\xa4\x00n\x00\x0c\xc0\x0c\xed\x90\x00\x00\x19\x14\x00\x00\xef\xb2\x00o\xd7\x02""D\x01\xef\xa4\x00o\x00\x0c\xc0\x0c\xee\x90\x00@\x18\x12\x00\x00\xc0\xb2\x00\xc1\x0a\x00\x00\x00\xc0\x1f\x00\x00#\x1f\x00\x00\xf4\xb2\x00t\xd7\x02""D\x01\xf4\xa4\x00t\x00\x0c\xc0\x0c\xd1\x90\x00\x00\x22\x1e\x00\x00\xee\xb2\x00n\xd7\x02""D\x01\xee\xa4\x00n\x00\x0c\xc0\x0c\xed\x90\x00\x00!\x1d\x00\x00\xef\xb2\x00o\xd7\x02""D\x01\xef\xa4\x00o\x00\x0c\xc0\x0c\xee\x90\x00@ \x1c\x00\x00\xc0\xb2P\xe2p\x00""8\xf8\xb4`\x02@\xd7\x02""D\x01\xc0\xa4\x00@\x00\x0c\xc0\x0c\xd0\x90\x00h\xb5\xda\x02\x00\xe7\xb2\x00k\x00\x19\x00\x0c\xe8\x90\x00j\x00\x1c\xc0\x0c\xc0\x90\x00S\xbaS\xba\x04\xe9P\x01""e\xdf""e\x00\x00\xe5\xb2\x00""f\x00\x1c\x00\x0c\xd3\x90\x08tP\x01\x00\x00\xf4\xa0\x00t\x00\x09\x00\x0c\xf4\x90\x00t\x9e\xc0\x00\x04\xf4\xb2\x00ttl\x00\x00\xf4\xb2\x00un\x01\x00\x00\xf5\xa0\x00u\x00\x09\x00\x0c\xf5\x90\x00u\x9e\xc0\x00\x04\xf5\xb2\x00uut\x00\x00\xf4\xb2\x00vm\x01\x00\x00\xee\xa0\x00n\x00\x09\x00\x0c\xee\x90\x00n\x9e\xc0\x00\x04\xee\xb2\x00nnt\x00\x00\xf4\xb2\x00wQ\x01\x00\x00\xef\xa0\x00o\x00\x09\x00\x0c\xef\x90\x00o\x9e\xc0\x00\x04\xef\xb2\x00oot\x00\x00\xeb\xb2\x00\x08\x00\x00\x03\x00\xf4\x18\x01t\x00\x00\x01\x00\xf4\x1a\x01""d\x00\x19\x00\x0c\xd1\x90\x00\x11\x9e\xc0\x00\x04\xd0\xb2\x00t\x0b\x00\x00\x10\xc0\x1f\x00\x10\x1b\x17\x00\x00\xf4\xb2\x00t\xd7\x02""D\x01\xf4\xa4\x00t\x00\x0c\xc0\x0c\xec\x90\x00\x10\x1a\x16\x00\x00\xee\xb2\x00n\xd7\x02""D\x01\xee\xa4\x00n\x00\x0c\xc0\x0c\xed\x90\x00\x10\x19\x14\x00\x00\xef\xb2\x00o\xd7\x02""D\x01\xef\xa4\x00o\x00\x0c\xc0\x0c\xee\x90\x00P\x18\x12\x00\x00\xf4\xb2\x00\xc1\x0a\x00\x00\x00\xc0\x1f\x00\x10#\x1f\x00\x00\xf4\xb2\x00t\xd7\x02""D\x01\xf4\xa4\x00t\x00\x0c\xc0\x0c\xec\x90\x00\x10\x22\x1e\x00\x00\xee\xb2\x00n\xd7\x02""D\x01\xee\xa4\x00n\x00\x0c\xc0\x0c\xed\x90\x00\x10!\x1d\x00\x00\xef\xb2\x00o\xd7\x02""D\x01\xef\xa4\x00o\x00\x0c\xc0\x0c\xee\x90\x00P \x1c\x00\x00\xf4\xb2Pt\xd7\x02""D\x01\xf4\xa4\x00t\x00\x0c\xc0\x0c\xd0\x90\x00\xe2\x80\x00""8\xf8\xb4`\x02i\x00\x19\x00\x0c\xe6\x90\x00S\x00\x19\x00\x0c\xd3\x90\x00g\x00\x1c\xc0\x0c\xe4\x90\x00U\xbaU\xba\x04\xeaP\x01h\xdfh\x00\x00\xe7\xb2\x00""e\x00\x1c\x00\x0c\xd5\x90\x08tP\x01\x00\x00\xf4\xa0\x00t\x00\x09\x00\x0c\xf4\x90\x00t\x9e\xc0\x00\x04\xf4\xb2\x00ttk\x00\x00\xf4\xb2\x00\x13\x9e\xc0\x00\x04\xd0\xb2\x00un\x01\x00\x00\xf5\xa0\x00u\x00\x09\x00\x0c\xf5\x90\x00u\x9e\xc0\x00\x04\xf5\xb2\x00uut\x00\x00\xf4\xb2\x00vm\x01\x00\x00\xee\xa0\x00n\x00\x09\x00\x0c\xee\x90\x00n\x9e\xc0\x00\x04\xee\xb2\x00nnt\x00\x00\xf4\xb2\x00wl\x01\x00\x00\xef\xa0\x00o\x00\x09\x00\x0c\xef\x90\x00o\x9e\xc0\x00\x04\xef\xb2\x00oot\x00\x00\xe9\xb2\x00\x08\x00\x00\x0c\x00\xf4\x18\x01t\x00\x00\x04\x00\xf4\x1a\x01t\x0b\x00\x00\x10\xc0\x1f\x00\x10\x1b\x17\x00\x00\xf4\xb2\x00t\xd7\x02""D\x01\xf4\xa4\x00t\x00\x0c\xc0\x0c\xeb\x90\x00\x10\x1a\x16\x00\x00\xee\xb2\x00n\xd7\x02""D\x01\xee\xa4\x00n\x00\x0c\xc0\x0c\xec\x90\x00\x10\x19\x14\x00\x00\xef\xb2\x00o\xd7\x02""D\x01\xef\xa4\x00o\x00\x0c\xc0\x0c\xed\x90\x00P\x18\x12\x00\x00\xf4\xb2\x00\xc1\x0a\x00\x00\x00\xc0\x1f\x00\x10#\x1f\x00\x00\xf4\xb2\x00t\xd7\x02""D\x01\xf4\xa4\x00t\x00\x0c\xc0\x0c\xeb\x90\x00\x10\x22\x1e\x00\x00\xee\xb2\x00n\xd7\x02""D\x01\xee\xa4\x00n\x00\x0c\xc0\x0c\xec\x90\x00\x10!\x1d\x00\x00\xef\xb2\x00o\xd7\x02""D\x01\xef\xa4\x00o\x00\x0c\xc0\x0c\xed\x90\x00P \x1c\x00\x00\xf4\xb2Pt\xd7\x02""D\x01\xf4\xa4\x00t\x00\x0c\xc0\x0c\xd0\x90\x00\xe2\x90\x00""8\xf8\xb4`\x02j\x00\x19\x00\x0c\xe5\x90\x00U\x00\x19\x00\x0c\xd5\x90\x00@\xba@\xba\x04\xe8P\x01""f\xdf""f\x00\x00\xe6\xb2\x00g\x00\x1c\x00\x0c\xc0\x90\x08tP\x01\x00\x00\xf4\xa0\x00t\x00\x09\x00\x0c\xf4\x90\x00t\x9e\xc0\x00\x04\xf4\xb2\x00tti\x00\x00\xf4\xb2\x00\x15\x9e\xc0\x00\x04\xd0\xb2\x00um\x01\x00\x00\xf5\xa0\x00u\x00\x09\x00\x0c\xf5\x90\x00u\x9e\xc0\x00\x04\xf5\xb2\x00uut\x00\x00\xf4\xb2\x00vl\x01\x00\x00\xee\xa0\x00n\x00\x09\x00\x0c\xee\x90\x00n\x9e\xc0\x00\x04\xee\xb2\x00nnt\x00\x00\xf4\xb2\x00wk\x01\x00\x00\xef\xa0\x00o\x00\x09\x00\x0c\xef\x90\x00o\x9e\xc0\x00\x04\xef\xb2\x00oot\x00\x00\xea\xb2\x00\x08\x00\x00""0\x00\xf4\x18\x01t\x00\x00\x10\x00\xf4\x1a\x01t\x0b\x00\x00\x10\xc0\x1f\x00\x10\x1b\x17\x00\x00\xf4\xb2\x00t\xd7\x02""D\x01\xf4\xa4\x00t\x00\x0c\xc0\x0c\xeb\x90\x00\x10\x1a\x16\x00\x00\xee\xb2\x00n\xd7\x02""D\x01\xee\xa4\x00n\x00\x0c\xc0\x0c\xec\x90\x00\x10\x19\x14\x00\x00\xef\xb2\x00o\xd7\x02""D\x01\xef\xa4\x00o\x00\x0c\xc0\x0c\xed\x90\x00P\x18\x12\x00\x00\xf4\xb2\x00\xc1\x0a\x00\x00\x00\xc0\x1f\x00\x10#\x1f\x00\x00\xf4\xb2\x00t\xd7\x02""D\x01\xf4\xa4\x00t\x00\x0c\xc0\x0c\xeb\x90\x00\x10\x22\x1e\x00\x00\xee\xb2\x00n\xd7\x02""D\x01\xee\xa4\x00n\x00\x0c\xc0\x0c\xec\x90\x00\x10!\x1d\x00\x00\xef\xb2\x00o\xd7\x02""D\x01\xef\xa4\x00o\x00\x0c\xc0\x0c\xed\x90\x00P \x1c\x00\x00\xf4\xb2Pt\xd7\x02""D\x01\xf4\xa4\x00t\x00\x0c\xc0\x0c\xd0\x90\x00\xe2\xa0\x00""8\xf8\xb4`\x02""d\xba""d\xba\x04\xe9P\x01@\x00\x19\x00\x0c\xe4\x90\x00$\x9e\xc0\x00\x04\xc0\xb2\x00h\x00\x19\x00\x0c\xe7\x90\x00""e\xdf""e\x00\x00\xe8\xb2\x00""f\x00\x1c\x00\x0c\xe5\x90\x08tP\x01\x00\x00\xf4\xa0\x00t\x00\x09\x00\x0c\xf4\x90\x00t\x9e\xc0\x00\x04\xf4\xb2\x00ttj\x00\x00\xf4\xb2\x00um\x01\x00\x00\xf5\xa0\x00u\x00\x09\x00\x0c\xf5\x90\x00u\x9e\xc0\x00\x04\xf5\xb2\x00uut\x00\x00\xf4\xb2\x00vl\x01\x00\x00\xee\xa0\x00n\x00\x09\x00\x0c\xee\x90\x00n\x9e\xc0\x00\x04\xee\xb2\x00nnt\x00\x00\xf4\xb2\x00wk\x01\x00\x00\xef\xa0\x00o\x00\x09\x00\x0c\xef\x90\x00o\x9e\xc0\x00\x04\xef\xb2\x00oot\x00\x00\xea\xb2\x00\x08\x00\x00\xc0\x00\xf4\x18\x01t\x00\x00@\x00\xf4\x1a\x01t\x0b\x00\x00\x10\xc0\x1f\x00\x00\x1b\x17\x00\x00\xf4\xb2\x00t\xd7\x02""D\x01\xf4\xa4\x00t\x00\x0c\xc0\x0c\xeb\x90\x00\x00\x1a\x16\x00\x00\xee\xb2\x00n\xd7\x02""D\x01\xee\xa4\x00n\x00\x0c\xc0\x0c\xec\x90\x00\x00\x19\x14\x00\x00\xef\xb2\x00o\xd7\x02""D\x01\xef\xa4\x00o\x00\x0c\xc0\x0c\xd0\x90\x00@\x18\x12\x00\x00\xc0\xb2\x00\xc1\x0a\x00\x00\x00\xc0\x1f\x00\x00#\x1f\x00\x00\xf4\xb2\x00t\xd7\x02""D\x01\xf4\xa4\x00t\x00\x0c\xc0\x0c\xeb\x90\x00\x00\x22\x1e\x00\x00\xee\xb2\x00n\xd7\x02""D\x01\xee\xa4\x00n\x00\x0c\xc0\x0c\xec\x90\x00\x00!\x1d\x00\x00\xef\xb2\x00o\xd7\x02""D\x01\xef\xa4\x00o\x00\x0c\xc0\x0c\xd0\x90\x00@ \x1c\x00\x00\xc0\xb2P\xe2\xb0\x00""8\xf8\xb4`\x02@\xd7\x02""D\x01\xc0\xa4\x00@\x00\x0c\xc0\x0c\xed\x90\x00i\x00\x19\x00\x0c\xe6\x90\x00""e\x00\x19\x00\x0c\xe5\x90\x00g\xdfg\x00\x00\xe7\xb2\x00h\x00\x1c\x00\x0c\xc0\x90\x00%\x9e\xc0\x00\x04\xe8\xb2\x08tm\x01\x00\x00\xf4\xa0\x00t\x00\x09\x00\x0c\xf4\x90\x00t\x9e\xc0\x00\x04\xf4\xb2\x00ttj\x00\x00\xf4\xb2\x00uP\x01\x00\x00\xf5\xa0\x00u\x00\x09\x00\x0c\xf5\x90\x00u\x9e\xc0\x00\x04\xf5\xb2\x00uut\x00\x00\xf4\xb2\x00vl\x01\x00\x00\xee\xa0\x00n\x00\x09\x00\x0c\xee\x90\x00n\x9e\xc0\x00\x04\xee\xb2\x00nnt\x00\x00\xf4\xb2\x00wk\x01\x00\x00\xef\xa0\x00o\x00\x09\x00\x0c\xef\x90\x00o\x9e\xc0\x00\x04\xef\xb2\x00oot\x00\x00\xe9\xb2\x00\x08\x00\x00\x00\x03\xf4\x18\x01t\x00\x00\x00\x01\xf4\x1a\x01t\x0b\x00\x00\x10\xc0\x1f\x00(\x1b\x17\x00\x00\xf4\xb2\x00t\xd7\x02""D\x01\xf4\xa4\x00t\x00\x0c\xc0\x0c\xea\x90\x00(\x1a\x16\x00\x00\xee\xb2\x00n\xd7\x02""D\x01\xee\xa4\x00n\x00\x0c\xc0\x0c\xeb\x90\x00(\x19\x14\x00\x00\xef\xb2\x00o\xd7\x02""D\x01\xef\xa4\x00o\x00\x0c\xc0\x0c\xd0\x90\x00h\x18\x12\x00\x00\xf4\xb2\x00\xc1\x0a\x00\x00\x00\xc0\x1f\x00(#\x1f\x00\x00\xf4\xb2\x00t\xd7\x02""D\x01\xf4\xa4\x00t\x00\x0c\xc0\x0c\xea\x90\x00(\x22\x1e\x00\x00\xee\xb2\x00n\xd7\x02""D\x01\xee\xa4\x00n\x00\x0c\xc0\x0c\xeb\x90\x00(!\x1d\x00\x00\xef\xb2\x00o\xd7\x02""D\x01\xef\xa4\x00o\x00\x0c\xc0\x0c\xd0\x90\x00h \x1c\x00\x00\xf4\xb2Pt\xd7\x02""D\x01\xf4\xa4\x00t\x00\x0c\xc0\x0c\xec\x90\x00\xe2\xc0\x00""8\xf8\xb4`\x02@\x00\x19\x00\x0c\xc0\x90\x00""f\xdf""f\x00\x00\xe8\xb2\x00g\x00\x1c\x00\x0c\xe6\x90\x00\x00\x9e\xc0\x00\x04\xe7\xb2\x08tl\x01\x00\x00\xf4\xa0\x00t\x00\x09\x00\x0c\xf4\x90\x00t\x9e\xc0\x00\x04\xf4\xb2\x00tti\x00\x00\xf4\xb2\x00uP\x01\x00\x00\xf5\xa0\x00u\x00\x09\x00\x0c\xf5\x90\x00u\x9e\xc0\x00\x04\xf5\xb2\x00uut\x00\x00\xf4\xb2\x00vk\x01\x00\x00\xee\xa0\x00n\x00\x09\x00\x0c\xee\x90\x00n\x9e\xc0\x00\x04\xee\xb2\x00nnt\x00\x00\xf4\xb2\x00wj\x01\x00\x00\xef\xa0\x00o\x00\x09\x00\x0c\xef\x90\x00o\x9e\xc0\x00\x04\xef\xb2\x00oot\x00\x00\xe9\xb2\x00\x08\x00\x00\x00\x0c\xf4\x18\x01t\x00\x00\x00\x04\xf4\x1a\x01t\x0b\x00\x00\x10\xc0\x1f\x00'\x1b\x17\x00\x00\xf4\xb2\x00t\xd7\x02""D\x01\xf4\xa4\x00t\x00\x0c\xc0\x0c\xea\x90\x00'\x1a\x16\x00\x00\xee\xb2\x00n\xd7\x02""D\x01\xee\xa4\x00n\x00\x0c\xc0\x0c\xeb\x90\x00'\x19\x14\x00\x00\xef\xb2\x00o\xd7\x02""D\x01\xef\xa4\x00o\x00\x0c\xc0\x0c\xd0\x90\x00g\x18\x12\x00\x00\xf4\xb2\x00\xc1\x0a\x00\x00\x00\xc0\x1f\x00'#\x1f\x00\x00\xf4\xb2\x00t\xd7\x02""D\x01\xf4\xa4\x00t\x00\x0c\xc0\x0c\xea\x90\x00'\x22\x1e\x00\x00\xee\xb2\x00n\xd7\x02""D\x01\xee\xa4\x00n\x00\x0c\xc0\x0c\xeb\x90\x00'!\x1d\x00\x00\xef\xb2\x00o\xd7\x02""D\x01\xef\xa4\x00o\x00\x0c\xc0\x0c\xd0\x90\x00g \x1c\x00\x00\xf4\xb2Pt\xd7\x02""D\x01\xf4\xa4\x00t\x00\x0c\xc0\x0c\xec\x90\x00\xe2\xd0\x00""8\xf8\xb4`\x02h\x00\x1c\x00\x0c\xe7\x90\x00""f\x00\x19\x00\x0c\xe6\x90\x08tl\x01\x00\x00\xf4\xa0\x00t\x00\x09\x00\x0c\xf4\x90\x00t\x9e\xc0\x00\x04\xf4\xb2\x00tti\x00\x00\xf4\xb2\x00uP\x01\x00\x00\xf5\xa0\x00u\x00\x09\x00\x0c\xf5\x90\x00u\x9e\xc0\x00\x04\xf5\xb2\x00uut\x00\x00\xf4\xb2\x00vk\x01\x00\x00\xee\xa0\x00n\x00\x09\x00\x0c\xee\x90\x00n\x9e\xc0\x00\x04\xee\xb2\x00nnt\x00\x00\xf4\xb2\x00&\x9e\xc0\x00\x04\xeb\xb2\x00wj\x01\x00\x00\xef\xa0\x00o\x00\x09\x00\x0c\xef\x90\x00o\x9e\xc0\x00\x04\xef\xb2\x00oot\x00\x00\xe8\xb2\x00\x08\x00\x00\x00""0\xf4\x18\x01t\x00\x00\x00\x10\xf4\x1a\x01t\x0b\x00\x00\x10\xc0\x1f\x00+\x1b\x17\x00\x00\xf4\xb2\x00t\xd7\x02""D\x01\xf4\xa4\x00t\x00\x0c\xc0\x0c\xe9\x90\x00+\x1a\x16\x00\x00\xee\xb2\x00n\xd7\x02""D\x01\xee\xa4\x00n\x00\x0c\xc0\x0c\xea\x90\x00+\x19\x14\x00\x00\xef\xb2\x00o\xd7\x02""D\x01\xef\xa4\x00o\x00\x0c\xc0\x0c\xd0\x90\x00k\x18\x12\x00\x00\xf4\xb2\x00\xc1\x0a\x00\x00\x00\xc0\x1f\x00+#\x1f\x00\x00\xf4\xb2\x00t\xd7\x02""D\x01\xf4\xa4\x00t\x00\x0c\xc0\x0c\xe9\x90\x00+\x22\x1e\x00\x00\xee\xb2\x00n\xd7\x02""D\x01\xee\xa4\x00n\x00\x0c\xc0\x0c\xea\x90\x00+!\x1d\x00\x00\xef\xb2\x00o\xd7\x02""D\x01\xef\xa4\x00o\x00\x0c\xc0\x0c\xd0\x90\x00k \x1c\x00\x00\xf4\xb2Pt\xd7\x02""D\x01\xf4\xa4\x00t\x00\x0c\xc0\x0c\xeb\x90\x00\xe2\xe0\x00""8\xf8\xb4`\x02H\x00\x00\x00\xc0\xc8\x18\x01H\x00\x00\x00@\xc8\x1a\x01g\x00\x19\x00\x0c\xe7\x90\x08tk\x01\x00\x00\xf4\xa0\x00t\x00\x09\x00\x0c\xf4\x90\x00t\x9e\xc0\x00\x04\xf4\xb2\x00tth\x00\x00\xf4\xb2\x00uP\x01\x00\x00\xf5\xa0\x00u\x00\x09\x00\x0c\xf5\x90\x00u\x9e\xc0\x00\x04\xf5\xb2\x00uut\x00\x00\xf4\xb2\x00vj\x01\x00\x00\xee\xa0\x00n\x00\x09\x00\x0c\xee\x90\x00n\x9e\xc0\x00\x04\xee\xb2\x00nnt\x00\x00\xf4\xb2\x00wi\x01\x00\x00\xef\xa0\x00o\x00\x09\x00\x0c\xef\x90\x00o\x9e\xc0\x00\x04\xef\xb2\x00oot\x00\x00\xe8\xb2\x00'\x9e\xc0\x00\x04\xe9\xb2\x00H\x0b\x00\x00\x10\xc0\x1f\x00)[W\x00\x00\xc8\xb2\x00H\xd7\x02""D\x01\xc8\xa4\x00H\x00\x0c\xc0\x0c\xc8\x90\x00)ZV\x00\x00\xf4\xb2\x00t\xd7\x02""D\x01\xf4\xa4\x00t\x00\x0c\xc0\x0c\xd6\x90\x00)YT\x00\x00\xef\xb2\x00o\xd7\x02""D\x01\xef\xa4\x00o\x00\x0c\xc0\x0c\xd0\x90\x00iXR\x00\x00\xf4\xb2\x00\xc1\x0a\x00\x00\x00\xc0\x1f\x00)c_\x00\x00\xc8\xb2\x00H\xd7\x02""D\x01\xc8\xa4\x00H\x00\x0c\xc0\x0c\xc8\x90\x00)b^\x00\x00\xf4\xb2\x00t\xd7\x02""D\x01\xf4\xa4\x00t\x00\x0c\xc0\x0c\xd6\x90\x00)a]\x00\x00\xef\xb2\x00o\xd7\x02""D\x01\xef\xa4\x00o\x00\x0c\xc0\x0c\xd0\x90\x00i`\x5c\x00\x00\xf4\xb2P\xe2\xf0\x00""8\xf8\xa0`\x12\xe2,\x02X\x82\xaa`\x02t\xd7\x02""D\x01\xf4\xa4\x00t\x00\x0c\xc0\x0c\xd2\x90\x00\xc0\x00\x00\x00\x00\xd7\x10\x09`R\x01\x00\x00\xe0\xa0\x00`\x00\x09\x00\x0c\xe0\x90\x00`\x9e\xc0\x00\x04\xe0\xb2\x00``h\x00\x00\xe0\xb2\x00""cH\x01\x00\x00\xc8\xa0\x00H\x00\x09\x00\x0c\xd8\x90\x00\xc0\x08\x00\x00\x00\xc8\x10\x11*\xc0H\x96\x03\xc8P\x01\x08\xbb\x0a\x00\x00\xf4\xa0\x00t\xc9\x00\x10\x00\xf4\xa0\x00\xb1t\xc0\x80\x01\xf4\xf0\x00""aP\x01\x00\x00\xe1\xa0\x00""a\x00\x09\x00\x0c\xe1\x90\x00""a\x9e\xc0\x00\x04\xe1\xb2\x00""aa`\x00\x00\xd2\xb2\x00""b\x16\x01\x00\x00\xef\xa0\x00o\x00\x09\x00\x0c\xef\x90\x00o\x9e\xc0\x00\x04\xd4\xb2\x00t\x03\x00\x00\x10\xc0\x1f\x00\xe2\x14\x02\x98\x82\xb6`\x02\xc0\x13\x00\x00\x00\xd6\x10\x01\xc1O\x00\x00\x00\xc0\x1f\x00\xe2\x14\x02\x98\x82\xb6`\x02\x08\xbc\x0a\x00\x00\xf4\xa0\x00t\xc8\x00\x18\x00\xf4\xa0\x00\xb2t\xc0\x80\x01\xf4\xf0\x00t\x02\x00\x00\x10\xc0\x1f\x00\xc0\x12\x00\x00\x00\xd6\x10\x01\xc1H\x00\x00\x00\xc0\x1f\x00\x08\xcb\x0a\x18\x00\xf4\xa0\x00\xb3t\xc0\x80\x01\xf4\xf0\x00\xc0\x00\x00\x00\x00\xd7\x10\x01t\x02\x00\x00\x10\xc0\x1f\x00\xc0\x11\x00\x00\x00\xd6\x10\x01\xc1""B\x00\x00\x00\xc0\x1f\x00\x08\xdf\x0a\x1c\x00\xf4\xa0\x00\xb4t\xc0\x80\x01\xf4\xf0\x00t\x02\x00\x00\x10\xc0\x1f\x00\xc0\x10\x00\x00\x00\xd6\x10\x01\xc1=\x00\x00\x00\xc0\x1f\x00\x08\x97\x0a\x00\x00\xf4\xa0\x00t\xc8\x00\x18\x00\xf4\xa0\x00\xb2t\xc0\x80\x01\xf4\xf0\x00\xc0\x00\x00\x00\x00\xd7\x10\x01t\x02\x00\x00\x10\xc0\x1f\x00\xc0\x0f\x00\x00\x00\xd6\x10\x01\xc1""6\x00\x00\x00\xc0\x1f\x00\x08\xcb\x0a\x10\x00\xf4\xa0\x00\xb3t\xc0\x80\x01\xf4\xf0\x00t\x02\x00\x00\x10\xc0\x1f\x00\xc0\x0e\x00\x00\x00\xd6\x10\x01\xc1""1\x00\x00\x00\xc0\x1f\x00\x08\xda\x0a\x1c\x00\xf4\xa0\x00t\xc9\x00\x10\x00\xf4\xa0\x00\xb1t\xc0\x80\x01\xf4\xf0\x00\xc0\x00\x00\x00\x00\xd7\x10\x01t\x02\x00\x00\x10\xc0\x1f\x00\xc0\x0d\x00\x00\x00\xd6\x10\x01\xc1*\x00\x00\x00\xc0\x1f\x00\x08\xc9\xc0\x15\x01\xf4\xb4\x00t\xc8\x00\x18\x00\xf4\xa0\x00\xb2t\xc0\x80\x01\xf4\xf0\x00t\x02\x00\x00\x10\xc0\x1f\x00\xc0\x0c\x00\x00\x00\xd6\x10\x01\xc1$\x00\x00\x00\xc0\x1f\x00\x08\xca\x0a\x18\x00\xf4\xa0\x00\xb3t\xc0\x80\x01\xf4\xf0\x00\xc0\x0a\x00\x00\x00\xd6\x10\x01\xc0\x00\x00\x00\x00\xd7\x10\x01t\x02\x00\x00\x10\xc0\x1f\x00\xc0\x0b\x00\x00\x00\xd6\x10\x01\xc1\x1d\x00\x00\x00\xc0\x1f\x00\x08\xd8\x0a\x1c\x00\xf4\xa0\x00\xb4t\xc0\x80\x01\xf4\xf0\x00t\x1a\x00\x00\x00\xc0\x1f\x00\x08\xce\x0a\x18\x00\xf5\xa0\x00u\xc8\x00\x18\x00\xd0\xa0\x00*\xc0\xc0\x80\x00\xf4\xf0\x00\xb2\x10t\x80\x01\xf4\xf0\x00\xc0\x00\x00\x00\x00\xd7\x10\x01t\x04\x00\x00\x10\xc0\x1f\x00\xb2P\xc0\x80\x01\xf4\xf0\x00\xc4\xc0t\x10q\xf4\xb7\x01t\xca\x00\x10\x00\xd6\xa3\x01\xc1\x10\x00\x00\x00\xc0\x1f\x00\x08\xd5\x0a\x18\x00\xf4\xa0\x00t\xc9\x00\x10\x00\xf4\xa0\x00\xb1t\xc0\x80\x01\xf4\xf0\x00t\x02\x00\x00\x10\xc0\x1f\x00\xc0\x07\x00\x00\x00\xd6\x10\x01\xc1\x0a\x00\x00\x00\xc0\x1f\x00\x08\xcd\x0a\x10\x00\xf4\xa0\x00t\xc8\x00\x18\x00\xf4\xa0\x00\xb2t\xc0\x80\x01\xf4\xf0\x00\xc0\x06\x00\x00\x00\xd6\x10\x01\xc0\x00\x00\x00\x00\xd7\x10\x01t\x04\x00\x00\x00\xc0\x1f\x00\x08\xc9\x0a\x18\x00\xf4\xa0\x00\xb3t\xc0\x80\x01\xf4\xf0\x00\xc4\xc0t\x10q\xf4\xb7\x01t\xc9\x00\x10\x00\xd6\xa3Q\xe2\x10\x01{\x08La\x02\xe2 \x01+\x04pa\x02g\xb5\xda\x02\x00\xe3\xb2\x00""c\x00\x1c\xc0\x0c\xe3\x90\x00@\xb5\xda\x02\x00\xc0\xb2\x00@\x00\x1c\xc0\x0c\xc0\x90\x00@\xba@\xba\x04\xc0P\x01U\xb5\xda\x02\x00\xf4\xb2\x00t\x00\x1c\xc0\x0c\xf4\x90\x00t\xbat\xba\x04\xd5P\x01Q\xb5\xda\x02\x00\xe7\xb2\x00g\x00\x1c\xc0\x0c\xe7\x90\x00g\xbag\xba\x04\xd1P\x01y\xb5\xda\x02\x00\xe8\xb2\x00h\x00\x1c\xc0\x0c\xe8\x90\x00h\xbah\xba\x04\xf9P\x01z\xb5\xda\x02\x00\xe9\xb2\x00i\x00\x1c\xc0\x0c\xe9\x90\x00i\xbai\xba\x04\xfaP\x01|\xb5\xda\x02\x00\xeb\xb2\x00k\x00\x1c\xc0\x0c\xeb\x90\x00k\xbak\xba\x04\xfcP\x01~\xb5\xda\x02\x00\xec\xb2\x00l\x00\x1c\xc0\x0c\xec\x90\x00l\xbal\xba\x04\xfeP\x01\x7f\xb5\xda\x02\x00\xed\xb2\x00m\x00\x1c\xc0\x0c\xed\x90\x00m\xbam\xba\x04\xffP\x01}\xb5\xda\x02\x00\xee\xb2\x00n\x00\x1c\xc0\x0c\xee\x90\x00n\xban\xba\x04\xe8P\x01""A\xb5\xda\x02\x00\xc1\xb2\x00""A\x00\x1c\xc0\x0c\xc1\x90\x00""A\xba""A\xba\x04\xc1P\x01{\xb5\xda\x02\x00\xef\xb2\x00o\x00\x1c\xc0\x0c\xef\x90\x00o\xbao\xba\x04\xfbP\x01TTR\x00\x00\xd2\xb2\x00X\x9e\xc0\x00\x04\xd4\xb2\x00""f\xb5\xda\x02\x00\xcf\xb2\x00O\x00\x1c\xc0\x0c\xcf\x90\x00O\xbaO\xba\x04\xcfP\x01S\xb5\xda\x02\x00\xe6\xb2\x00""f\x00\x1c\xc0\x0c\xe6\x90\x00""f\xba""f\xba\x04\xd3P\x01""e\xb5\xda\x02\x00\xf0\xb2\x00p\x00\x1c\xc0\x0c\xf0\x90\x00p\xbap\xba\x04\xf0P\x01""d\xb5\xda\x02\x00\xf1\xb2\x00q\x00\x1c\xc0\x0c\xf1\x90\x00q\xbaq\xba\x04\xf1P\x01""c\xba""c\xba\x04\xceP\x01\xfe\x18\x1c\x00\x00\xcc\x10\x07\xff\x00\x00\x00\x00\xcd\x91\x06*\x02\x00\x00\x00\xc0\x1f\x00\xc0\x18\x00\x00\x00\xcb\x10\x01\xc1\x03\x00\x00\x00\xc0\x1f\x00\x00\x00\x00\x00\x00\xc0\x00\x18\xe2(\x01+\x04Ja\x02\xc0 \x00\x00\x00\xcb\x10Q\xc0\x00\x00\x00\x00\xf5\x91\x00\xc0\x10\x01\x00\x00\xf4\x10\x01\x0b\xc9\x00\x10\x00\xef\xa0\x00TTR\x00\x00\xca\xb2\x00\x0c\x0e' \x00\xd8\xa3\x01\x0cN'$\x00\xce\xa3\x01\x0c\x00' \x00\xda\xa3\x01\x0c""0' \x00\xdc\xa3\x01\x0cp'$\x00\xde\xa3\x01\x0cT'$\x00\xd4\xa3\x01\x0cR'$\x00\xd2\xa3\x01\x0cP'$\x00\xe0\xa3\x01\x0c""8'$\x00\xe2\xa3\x01\x0c:' \x00\xe4\xa3\x01\x0c|' \x00\xfc\xa3\x01\x0c>' \x00\xe6\xa3\x01\x0c~'$\x00\xfe\xa3\x01\x0ch' \x00\xe8\xa3\x01\x0c@'$\x00\xc0\xa3\x01Lz'$\x00\xf0\xa3\x01""4\x0a\x00$\x00\xcc\xa3\x01tn\x00$\x00\xf4\xa3\x01H\xc4\xc0\x1d\x01\xfb\xb4\x00\xe2L\x00\x00\x00\xcc\xa3\x1b\x0c\x00\x00[\x02""Ba\x00\xe2t\x00\x00\x00\xf4\xa3\x03t\x00\x00\x1b\x02Ia\x08\x0c\x08\x00[\x02sa \x0c\x0c\x00\x1b\x02va\x00\x0c\x10\x00[\x02ra\x00\x0c\x14\x00\x9b\x02xa\x00*\x03\x00\x00\x10\xc0\x1f\x00\xe2\x10\x02\x18\x82\x82`:\x0c\x1c\x00\x9b\x02""Ca\x00L\x18\x00\x9b\x02""BaPN\x00\x00\x98\x82\xb8`\x00@\x00\x00\x98\x82\xb6`\x00X\x00\x00\x98\x82\xb2`\x00Z\x00\x00\x98\x82\xb9`\x00\x5c\x00\x00\x98\x82\xba`\x00^\x00\x00\x98\x82\x89`\x00R\x00\x00X\x82\x8b`\x00`\x00\x00\x98\x82\x8c`\x00""b\x00\x00X\x82\x8d`\x00""f\x00\x00\x98\x82\xb3`\x00>\x00\x00\x98\x82\xb4`\x00h\x00\x00\x98\x82\xb5`\x00p\x00\x00\x98\x82\xb7`\x00\xfe\x18%\x00\x00\xc2\x10\x07\xff\x00\x00\x00\x00\xc3\x91\x06\x02\x16'\x00\x00\xee\xa3\x01\xfe\xe8\x19\x00\x00\xc2\x10\x07""B\x16'\x00\x00\xc2\xa3\x01J\xa3\xc0\x00\x04\xc8\xb2\x00T\x00\x00\x98\x82\x8a`\x00|\x00\x00X\x82\x8f`\x00""B\x00\x00\x18\x82\xbc`\x00n\x00\x00X\x82\x80`\x00""d\x00\x00\x98\x82\x8e`\x00;\xa5;\xa5\x01\xc1P\x01\xc0\x00\x00\x00\x00\xf1\x10\x01\xfe\xf0\x19\x00\x00\xfe\x10\x0f<\x00\x19\x00\x0c\xf0\x90\x10\xc0\x00\xc0\x80\x01\xfd\xf8P\xe2""0'$\x00\xc2\xa3""3B\x10\x01\x18\x82\x82`\x08""B\x00\x19\x00\x0c\xc2\x90\x00""B0\xc0\x00\x04\xc2\xb2\x00""B\x9e\xda\x02\x00\xc2\xb2\x00""B\x00\x1c\xc0\x0c\xc2\x90\x00""B<B<\x04\xffP\x01=\x04\x00\x00\x00\xc0\x1f\x00\x00\x7f\x00\x00\x00\xc2\xa0\x00\xff\x00\x00\x00\x00\xff\x91\x06>B' \x00\xc2\xa3\x01""B\x00\x00\x18\x82\xbf`P\xe2""0'$\x00\xc2\xa3\x03q\xc4\x00\x1c\x00\xf1\xa0\x00""1\x01\xc0\x80\x00\xd0\xf0\x08""BP\x01[\x02\x7f""a\x00P\xef\xff\xff\x17\xc0\x1f\x00\xe2""8\x02X\x82\xae`\x02j\xc0\xc0\x00\x03\xef\xf0\x00o\xce\xc0\x1d\x01\xef\xb4\x00\xfeP$\x00\x00\xc0\x10\x07\xff\x00\x00\x00\x00\xc1\x91\x06@VG\x00\x00\xc0\xa3\x01@\x00\x00""0\xe6\xbc`\x10n\xcb\xbd\x14\x01\xee\xb4\x00no\x00\x00\x00\xee\xa0\x00nC\x08\x00\x10\xf0\x10\x09=Y\x01\x00\x10\xc0\x1f\x00<\xc9\x0a\x14\x00\xc0\xa0\x00@\xc9\x00\x1c\x00\xc1\xa0\x00<\xc8\xc0\x19\x01\xed\xb4\x00m\xc9\x00\x14\x00\xfd\xa0\x00<\xc8\x0a\x1c\x00\xee\xa0\x00n\xc9\x00\x10\x00\xfe\xa0\x00<\xc4\xc0\x1d\x01\xef\xb4\x00o\xc8\x00\x18\x00\xff\xa0\x00\xc0\x1d\x00\x00\x00\xd4\x10\x01\xc0\x00\x00\x00\x00\xd1\x10\x01\xfe\x10%\x00\x00\xd2\x10\x07\xc0\x00\x00\x00\x00\xc0\x10\x01\xc0\x00\x00\x00\x00\xc3\x10\x01\xc0\x00\x00\x00\x00\xf1\x10Q\x11\xc4\x00\x1c\x00\xd0\xa0\x00;\x10\xc0\x80\x01\xc2\xf0\x00\xc0\x00\x00\x00\x00\xd8\x10\x01""B\x02\x00\x00\x10\xc0\x1f\x00\xe2\x10' \x00\xd6\xa3\x03VP\x01X\x82\x98`P\x11\xc8\x00\x18\x00\xd0\xa0\x00;\x10\xc0\x80\x01\xc2\xf0\x00\xc0\x00\x00\x00\x00\xd7\x10\x01""B\x02\x00\x00\x10\xc0\x1f\x00\xe2\x10' \x00\xd6\xa3\x03VP\x01X\x82\x97`P\x11\xc8\x00\x1c\x00\xd0\xa0\x00;\x10\xc0\x80\x01\xc2\xf0\x00\xc0\x00\x00\x00\x00\xd6\x10\x01""B\x02\x00\x00\x10\xc0\x1f\x00\xe2\x10' \x00\xda\xa3\x03ZP\x01\x98\x82\x96`P\x11\xc9\x00\x10\x00\xd0\xa0\x00;\x10\xc0\x80\x01\xc2\xf0\x00\xc0\x00\x00\x00\x00\xd5\x10\x01""B\x02\x00\x00\x10\xc0\x1f\x00\xe2\x10' \x00\xda\xa3\x03ZP\x01X\x82\x95`P\xe2\x10'$\x00\xda\xa3\x03ZP\x01\x18\x82\x9a`\x00\xff\x00\x00\x00\x00\xd3\x91\x06\x14\x00\x00\x00\x00\xd9\x91\x00<\x1a\x00\x00\x10\xc0\x1f\x00\xc0\x00\x00\x00\x00\xdb\x10\x01\x14\x00\x00\x00\x00\xdc\x91\x08\xc1<\x1aQ\x09\xd9\xb4P\x1c\xc9\xc0\x15\x00\xdd\xb4\x00\x1d\xc4\xc0\x9c\x01\xc2\xf8\x00\x19\x1b\xa5\x10\x00\xd0\xb4\x00""B\x05\x00\x00\x00\xc0\x1f\x00\x1d\x0a\x00\x00\x10\xc0\x1f\x00]\x01\x00\x00\x00\xc2\x1a\x01""B\x0b\x00\x00\x00\xc0\x1f\x00P\x1cq\x11\x01\xf1\xb4\x00\xc1\x09\x00\x00\x00\xc0\x1f\x00\x1d\x02\x00\x00\x00\xc2\x1a\x01""B\x06\x00\x00\x10\xc0\x1f\x00]\x03\x00\x00\x00\xc2\x1a\x01""B\x05\x00\x00\x00\xc0\x1f\x00P\x1c@\x11\x01\xc0\xb4\x00\xc1\x03\x00\x00\x00\xc0\x1f\x00P\x1cp\x11\x01\xf0\xb4\x00\xc1\x01\x00\x00\x00\xc0\x1f\x00P\x1c""C\x11\x01\xc3\xb4P[\xc4\x00\x1c\x00\xdb\xa0\x00\x1b<\xc0\x80\x00\xc2\xf0\x00\x5c\xc4\x00\x1c\x00\xdc\xa0\x00""B\xea\xff\xff\x17\xc0\x1f\x00<\x14\x00\x00\x00\xd9\xa0P\x00\x00\x00\x00\x00\xc0\x00 \x16<\xc0\x11\x00\xc2\xb4\x00""B\xce\x0a\x1c\x00\xc2\xa0\x10\x15<\xc0\x11\x00\xd0\xb4\x00P\xa6\x0a\x00\x00\xd0\xa0\x00PB\x00\x00\x00\xc2\xa0\x00\x17<\xc0\x11\x00\xed\xb4\x00m\xca\x0a\x14\x00\xed\xa0\x00""Bm\x00\x00\x00\xc2\xa0\x00\x18<\xc0\x11\x00\xdb\xb4\x00[\xc8\x0a\x1c\x00\xee\xa0\x00""Bn\x00\x00\x00\xc2\xa0\x08Z<\xc0\x11\x00\xef\xb4\x00""Bo\x00\x00\x00\xc2\xa0\x00\x12\x02' \x00\xee\xa3\x01n\x00\x00\x18\x82\x93`\x00\x19\xc9\xc0\x15\x00\xda\xb4\x00\x1a\xc4\xc0\x9c\x01\xc2\xf8\x08\xc4\xc0\x13\x10q\xd0\xb4\x00""B\x05\x00\x00\x00\xc0\x1f\x00\x1a\x0a\x00\x00\x10\xc0\x1f\x00Z\x01\x00\x00\x00\xc2\x1a\x01""B\x0b\x00\x00\x00\xc0\x1f\x00P\x19q\x11\x01\xf1\xb4\x00\xc1\x09\x00\x00\x00\xc0\x1f\x00\x1a\x02\x00\x00\x00\xc2\x1a\x01""B\x06\x00\x00\x10\xc0\x1f\x00Z\x03\x00\x00\x00\xc2\x1a\x01""B\x05\x00\x00\x00\xc0\x1f\x00P\x19@\x11\x01\xc0\xb4\x00\xc1\x03\x00\x00\x00\xc0\x1f\x00P\x19p\x11\x01\xf0\xb4\x00\xc1\x01\x00\x00\x00\xc0\x1f\x00P\x19""C\x11\x01\xc3\xb4P\x19\xc4\x00\x1c\x00\xda\xa0\x00\x1a\xc9\xc0\x15\x00\xdb\xb4\x00\x1b\xc4\xc0\x9c\x01\xc2\xf8\x00\x13\xc4\xa5\x1c\x00\xd0\xb4\x00""B\x05\x00\x00\x00\xc0\x1f\x00\x1b\x0a\x00\x00\x10\xc0\x1f\x00[\x01\x00\x00\x00\xc2\x1a\x01""B\x0b\x00\x00\x00\xc0\x1f\x00PZq\x11\x01\xf1\xb4\x00\xc1\x09\x00\x00\x00\xc0\x1f\x00\x1b\x02\x00\x00\x00\xc2\x1a\x01""B\x06\x00\x00\x10\xc0\x1f\x00[\x03\x00\x00\x00\xc2\x1a\x01""B\x05\x00\x00\x00\xc0\x1f\x00PZ@\x11\x01\xc0\xb4\x00\xc1\x03\x00\x00\x00\xc0\x1f\x00PZp\x11\x01\xf0\xb4\x00\xc1\x01\x00\x00\x00\xc0\x1f\x00PZC\x11\x01\xc3\xb4PY\xc8\x00\x18\x00\xd9\xa0\x00<\x19\x00\x00\x10\xc0\x1f\x00\xc1<XQ\x09\xd8\xb4\x00\xc0\x00\x00\x00\x00\xda\x10Q\x19\xc9\xc0\x15\x00\xdb\xb4\x00\x1b\xc4\xc0\x9c\x01\xc2\xf8\x00\x18\x1a\xa5\x10\x00\xd0\xb4\x00""B\x05\x00\x00\x00\xc0\x1f\x00\x1b\x0a\x00\x00\x10\xc0\x1f\x00[\x01\x00\x00\x00\xc2\x1a\x01""B\x0b\x00\x00\x00\xc0\x1f\x00P\x19q\x11\x01\xf1\xb4\x00\xc1\x09\x00\x00\x00\xc0\x1f\x00\x1b\x02\x00\x00\x00\xc2\x1a\x01""B\x06\x00\x00\x10\xc0\x1f\x00[\x03\x00\x00\x00\xc2\x1a\x01""B\x05\x00\x00\x00\xc0\x1f\x00P\x19@\x11\x01\xc0\xb4\x00\xc1\x03\x00\x00\x00\xc0\x1f\x00P\x19p\x11\x01\xf0\xb4\x00\xc1\x01\x00\x00\x00\xc0\x1f\x00P\x19""C\x11\x01\xc3\xb4PZ\xc4\x00\x1c\x00\xda\xa0\x00\x1a<\xc0\x80\x00\xc2\xf0\x00Y\xc4\x00\x1c\x00\xd9\xa0\x00""B\xea\xff\xff\x17\xc0\x1f\x00?\x14\x00\x00\x00\xd9\xa0P\x19\xc9\xc0\x15\x00\xd8\xb4\x00\x18\xc4\xc0\x9c\x01\xc2\xf8\x00\x13\xc8\xa5\x18\x00\xd0\xb4\x00""B\x05\x00\x00\x00\xc0\x1f\x00\x18\x0a\x00\x00\x10\xc0\x1f\x00X\x01\x00\x00\x00\xc2\x1a\x01""B\x0b\x00\x00\x00\xc0\x1f\x00P\x19q\x11\x01\xf1\xb4\x00\xc1\x09\x00\x00\x00\xc0\x1f\x00\x18\x02\x00\x00\x00\xc2\x1a\x01""B\x06\x00\x00\x10\xc0\x1f\x00X\x03\x00\x00\x00\xc2\x1a\x01""B\x05\x00\x00\x00\xc0\x1f\x00P\x19@\x11\x01\xc0\xb4\x00\xc1\x03\x00\x00\x00\xc0\x1f\x00P\x19p\x11\x01\xf0\xb4\x00\xc1\x01\x00\x00\x00\xc0\x1f\x00P\x19""C\x11\x01\xc3\xb4P\x19\xc4\x00\x1c\x00\xd8\xa0\x00\x18\xc9\xc0\x15\x00\xda\xb4\x00\x1a\xc4\xc0\x9c\x01\xc2\xf8\x00\x13\xc8\xa5\x1c\x00\xd0\xb4\x00""B\x05\x00\x00\x00\xc0\x1f\x00\x1a\x0a\x00\x00\x10\xc0\x1f\x00Z\x01\x00\x00\x00\xc2\x1a\x01""B\x0b\x00\x00\x00\xc0\x1f\x00PXq\x11\x01\xf1\xb4\x00\xc1\x09\x00\x00\x00\xc0\x1f\x00\x1a\x02\x00\x00\x00\xc2\x1a\x01""B\x06\x00\x00\x10\xc0\x1f\x00Z\x03\x00\x00\x00\xc2\x1a\x01""B\x05\x00\x00\x00\xc0\x1f\x00PX@\x11\x01\xc0\xb4\x00\xc1\x03\x00\x00\x00\xc0\x1f\x00PXp\x11\x01\xf0\xb4\x00\xc1\x01\x00\x00\x00\xc0\x1f\x00PXC\x11\x01\xc3\xb4PY\xc8\x00\x18\x00\xd8\xa0\x00<\x19\x00\x00\x10\xc0\x1f\x00\xc1<WQ\x09\xd7\xb4\x00\xc0\x00\x00\x00\x00\xd9\x10Q\x18\xc9\xc0\x15\x00\xda\xb4\x00\x1a\xc4\xc0\x9c\x01\xc2\xf8\x00\x17\x19\xa5\x10\x00\xd0\xb4\x00""B\x05\x00\x00\x00\xc0\x1f\x00\x1a\x0a\x00\x00\x10\xc0\x1f\x00Z\x01\x00\x00\x00\xc2\x1a\x01""B\x0b\x00\x00\x00\xc0\x1f\x00P\x18q\x11\x01\xf1\xb4\x00\xc1\x09\x00\x00\x00\xc0\x1f\x00\x1a\x02\x00\x00\x00\xc2\x1a\x01""B\x06\x00\x00\x10\xc0\x1f\x00Z\x03\x00\x00\x00\xc2\x1a\x01""B\x05\x00\x00\x00\xc0\x1f\x00P\x18@\x11\x01\xc0\xb4\x00\xc1\x03\x00\x00\x00\xc0\x1f\x00P\x18p\x11\x01\xf0\xb4\x00\xc1\x01\x00\x00\x00\xc0\x1f\x00P\x18""C\x11\x01\xc3\xb4PY\xc4\x00\x1c\x00\xd9\xa0\x00\x19<\xc0\x80\x00\xc2\xf0\x00X\xc4\x00\x1c\x00\xd8\xa0\x00""B\xea\xff\xff\x17\xc0\x1f\x00>\x14\x00\x00\x00\xd8\xa0P\x18\xc9\xc0\x15\x00\xd7\xb4\x00\x17\xc4\xc0\x9c\x01\xc2\xf8\x00\x13\xc9\xa5\x10\x00\xd0\xb4\x00""B\x05\x00\x00\x00\xc0\x1f\x00\x17\x0a\x00\x00\x10\xc0\x1f\x00W\x01\x00\x00\x00\xc2\x1a\x01""B\x0b\x00\x00\x00\xc0\x1f\x00P\x18q\x11\x01\xf1\xb4\x00\xc1\x09\x00\x00\x00\xc0\x1f\x00\x17\x02\x00\x00\x00\xc2\x1a\x01""B\x06\x00\x00\x10\xc0\x1f\x00W\x03\x00\x00\x00\xc2\x1a\x01""B\x05\x00\x00\x00\xc0\x1f\x00P\x18@\x11\x01\xc0\xb4\x00\xc1\x03\x00\x00\x00\xc0\x1f\x00P\x18p\x11\x01\xf0\xb4\x00\xc1\x01\x00\x00\x00\xc0\x1f\x00P\x18""C\x11\x01\xc3\xb4PX\xc4\x00\x1c\x00\xd7\xa0\x00<\x19\x00\x00\x10\xc0\x1f\x00\xc1<VQ\x09\xd6\xb4\x00\xc0\x00\x00\x00\x00\xd8\x10Q\x17\xc9\xc0\x15\x00\xd9\xb4\x00\x19\xc4\xc0\x9c\x01\xc2\xf8\x00\x16\x18\xa5\x10\x00\xd0\xb4\x00""B\x05\x00\x00\x00\xc0\x1f\x00\x19\x0a\x00\x00\x10\xc0\x1f\x00Y\x01\x00\x00\x00\xc2\x1a\x01""B\x0b\x00\x00\x00\xc0\x1f\x00P\x17q\x11\x01\xf1\xb4\x00\xc1\x09\x00\x00\x00\xc0\x1f\x00\x19\x02\x00\x00\x00\xc2\x1a\x01""B\x06\x00\x00\x10\xc0\x1f\x00Y\x03\x00\x00\x00\xc2\x1a\x01""B\x05\x00\x00\x00\xc0\x1f\x00P\x17@\x11\x01\xc0\xb4\x00\xc1\x03\x00\x00\x00\xc0\x1f\x00P\x17p\x11\x01\xf0\xb4\x00\xc1\x01\x00\x00\x00\xc0\x1f\x00P\x17""C\x11\x01\xc3\xb4PX\xc4\x00\x1c\x00\xd8\xa0\x00\x18<\xc0\x80\x00\xc2\xf0\x00W\xc4\x00\x1c\x00\xd7\xa0\x00""B\xea\xff\xff\x17\xc0\x1f\x00=\x14\x00\x00\x00\xd7\xa0P\x17\xc9\xc0\x15\x00\xd6\xb4\x00\x16\xc4\xc0\x9c\x01\xc2\xf8\x00\x13\xc9\xa5\x14\x00\xd0\xb4\x00""B\x05\x00\x00\x00\xc0\x1f\x00\x16\x0a\x00\x00\x10\xc0\x1f\x00V\x01\x00\x00\x00\xc2\x1a\x01""B\x0b\x00\x00\x00\xc0\x1f\x00P\x17q\x11\x01\xf1\xb4\x00\xc1\x09\x00\x00\x00\xc0\x1f\x00\x16\x02\x00\x00\x00\xc2\x1a\x01""B\x06\x00\x00\x10\xc0\x1f\x00V\x03\x00\x00\x00\xc2\x1a\x01""B\x05\x00\x00\x00\xc0\x1f\x00P\x17@\x11\x01\xc0\xb4\x00\xc1\x03\x00\x00\x00\xc0\x1f\x00P\x17p\x11\x01\xf0\xb4\x00\xc1\x01\x00\x00\x00\xc0\x1f\x00P\x17""C\x11\x01\xc3\xb4P\x17\xc4\x00\x1c\x00\xd6\xa0\x00\x16\xc9\xc0\x15\x00\xd8\xb4\x00\x18\xc4\xc0\x9c\x01\xc2\xf8\x00\x13\xc9\xa5\x18\x00\xd0\xb4\x00""B\x05\x00\x00\x00\xc0\x1f\x00\x18\x0a\x00\x00\x10\xc0\x1f\x00X\x01\x00\x00\x00\xc2\x1a\x01""B\x0b\x00\x00\x00\xc0\x1f\x00PVq\x11\x01\xf1\xb4\x00\xc1\x09\x00\x00\x00\xc0\x1f\x00\x18\x02\x00\x00\x00\xc2\x1a\x01""B\x06\x00\x00\x10\xc0\x1f\x00X\x03\x00\x00\x00\xc2\x1a\x01""B\x05\x00\x00\x00\xc0\x1f\x00PV@\x11\x01\xc0\xb4\x00\xc1\x03\x00\x00\x00\xc0\x1f\x00PVp\x11\x01\xf0\xb4\x00\xc1\x01\x00\x00\x00\xc0\x1f\x00PVC\x11\x01\xc3\xb4PW\xc8\x00\x18\x00\xd6\xa0\x00<\x19\x00\x00\x10\xc0\x1f\x00\xc1<UQ\x09\xd5\xb4\x00\xc0\x00\x00\x00\x00\xd7\x10Q\x16\xc9\xc0\x15\x00\xd8\xb4\x00\x18\xc4\xc0\x9c\x01\xc2\xf8\x00\x15\x17\xa5\x10\x00\xd0\xb4\x00""B\x05\x00\x00\x00\xc0\x1f\x00\x18\x0a\x00\x00\x10\xc0\x1f\x00X\x01\x00\x00\x00\xc2\x1a\x01""B\x0b\x00\x00\x00\xc0\x1f\x00P\x16q\x11\x01\xf1\xb4\x00\xc1\x09\x00\x00\x00\xc0\x1f\x00\x18\x02\x00\x00\x00\xc2\x1a\x01""B\x06\x00\x00\x10\xc0\x1f\x00X\x03\x00\x00\x00\xc2\x1a\x01""B\x05\x00\x00\x00\xc0\x1f\x00P\x16@\x11\x01\xc0\xb4\x00\xc1\x03\x00\x00\x00\xc0\x1f\x00P\x16p\x11\x01\xf0\xb4\x00\xc1\x01\x00\x00\x00\xc0\x1f\x00P\x16""C\x11\x01\xc3\xb4PW\xc4\x00\x1c\x00\xd7\xa0\x00\x17<\xc0\x80\x00\xc2\xf0\x00V\xc4\x00\x1c\x00\xd6\xa0\x00""B\xea\xff\xff\x17\xc0\x1f\x00\x01T\x00\x00\x00\xd6\xa0P\x16\xc9\xc0\x15\x00\xd4\xb4\x00\x14\xc4\xc0\x9c\x01\xc2\xf8\x00\x13\xc9\xa5\x1c\x00\xd0\xb4\x00""B\x05\x00\x00\x00\xc0\x1f\x00\x14\x0a\x00\x00\x10\xc0\x1f\x00T\x01\x00\x00\x00\xc2\x1a\x01""B\x0b\x00\x00\x00\xc0\x1f\x00P\x16q\x11\x01\xf1\xb4\x00\xc1\x09\x00\x00\x00\xc0\x1f\x00\x14\x02\x00\x00\x00\xc2\x1a\x01""B\x06\x00\x00\x10\xc0\x1f\x00T\x03\x00\x00\x00\xc2\x1a\x01""B\x05\x00\x00\x00\xc0\x1f\x00P\x16@\x11\x01\xc0\xb4\x00\xc1\x03\x00\x00\x00\xc0\x1f\x00P\x16p\x11\x01\xf0\xb4\x00\xc1\x01\x00\x00\x00\xc0\x1f\x00P\x16""C\x11\x01\xc3\xb4PQ\xc9\x00\x14\x00\xd1\xa0\x00;\x11\xc0\x80\x01\xc2\xf0\x00V\xc4\x00\x1c\x00\xd4\xa0\x00""B\xb6\xfe\xff\x07\xc0\x1f\x00\xc1!\x01\x00\x00\xc0\x1f\x00~\xfc\x00\x00\x10\xc0\x1f\x00<\xc8\x0a\x1c\x00\xc0\xa0\x00@\xc9\x00\x14\x00\xc1\xa0\x00<\xc4\xc0\x1d\x01\xef\xb4\x00o\xc8\x00\x1c\x00\xfd\xa0\x00\xc0\x1d\x00\x00\x00\xff\x10\x01\xc0\x00\x00\x00\x00\xfe\x10\x01\xfe""0\x1e\x00\x00\xd2\x10\x07\xc0\x00\x00\x00\x00\xc0\x10\x01\xc0\x00\x00\x00\x00\xc3\x10\x01\xc0\x00\x00\x00\x00\xf1\x10Q>\xc4\x00\x1c\x00\xd0\xa0\x00;\x10\xc0\x80\x01\xc2\xf0\x00\xc0\x00\x00\x00\x00\xd5\x10\x01""B\x02\x00\x00\x10\xc0\x1f\x00\xe2P' \x00\xd0\xa3\x03PP\x01\x98\x82\x95`P>\xc8\x00\x18\x00\xd0\xa0\x00;\x10\xc0\x80\x01\xc2\xf0\x00\xc0\x00\x00\x00\x00\xd4\x10\x01""B\x02\x00\x00\x10\xc0\x1f\x00\xe2P' \x00\xd0\xa3\x03PP\x01X\x82\x94`P\xe2>' \x00\xd0\xa3\x03PP\x01\x18\x82\x91`\x00\xff\x00\x00\x00\x00\xd3\x91\x06?\x00\x00\x00\x00\xd6\x91\x00<\x1a\x00\x00\x10\xc0\x1f\x00\xc0\x00\x00\x00\x00\xd7\x10\x01?\x00\x00\x00\x00\xd8\x91\x08\xc1<\x11Q\x09\xd6\xb4P\x18\xc9\xc0\x15\x00\xd9\xb4\x00\x19\xc4\xc0\x9c\x01\xc2\xf8\x00\x16\x17\xa5\x10\x00\xd0\xb4\x00""B\x05\x00\x00\x00\xc0\x1f\x00\x19\x0a\x00\x00\x10\xc0\x1f\x00Y\x01\x00\x00\x00\xc2\x1a\x01""B\x0b\x00\x00\x00\xc0\x1f\x00P\x18q\x11\x01\xf1\xb4\x00\xc1\x09\x00\x00\x00\xc0\x1f\x00\x19\x02\x00\x00\x00\xc2\x1a\x01""B\x06\x00\x00\x10\xc0\x1f\x00Y\x03\x00\x00\x00\xc2\x1a\x01""B\x05\x00\x00\x00\xc0\x1f\x00P\x18@\x11\x01\xc0\xb4\x00\xc1\x03\x00\x00\x00\xc0\x1f\x00P\x18p\x11\x01\xf0\xb4\x00\xc1\x01\x00\x00\x00\xc0\x1f\x00P\x18""C\x11\x01\xc3\xb4PW\xc4\x00\x1c\x00\xd7\xa0\x00\x17<\xc0\x80\x00\xc2\xf0\x00X\xc4\x00\x1c\x00\xd8\xa0\x00""B\xea\xff\xff\x17\xc0\x1f\x00<?\x00\x00\x00\xd6\xa0P\x00\x00\x00\x00\x00\xc0\x00 \x15<\xc0\x11\x00\xc2\xb4\x00""B\xc9\x0a\x14\x00\xc2\xa0\x10\x14<\xc0\x11\x00\xd0\xb4\x00P\xce\x0a\x14\x00\xd0\xa0\x00PB\x00\x00\x00\xc2\xa0\x08Q<\xc0\x11\x00\xef\xb4\x00""Bo\x00\x00\x00\xc2\xa0\x00\x12\x02' \x00\xd0\xa3\x01P\x00\x00\x18\x82\x91`\x00\x16\xc9\xc0\x15\x00\xd3\xb4\x00\x13\xc4\xc0\x9c\x01\xc2\xf8\x08\xc4\xc0\x11\x10q\xd0\xb4\x00""B\x05\x00\x00\x00\xc0\x1f\x00\x13\x0a\x00\x00\x10\xc0\x1f\x00\x13\x01\x00\x00\x00\xc2\x1a\x01""B\x0b\x00\x00\x00\xc0\x1f\x00P\x16q\x11\x01\xf1\xb4\x00\xc1\x09\x00\x00\x00\xc0\x1f\x00\x13\x02\x00\x00\x00\xc2\x1a\x01""B\x06\x00\x00\x10\xc0\x1f\x00\x13\x03\x00\x00\x00\xc2\x1a\x01""B\x05\x00\x00\x00\xc0\x1f\x00P\x16@\x11\x01\xc0\xb4\x00\xc1\x03\x00\x00\x00\xc0\x1f\x00P\x16p\x11\x01\xf0\xb4\x00\xc1\x01\x00\x00\x00\xc0\x1f\x00P\x16""C\x11\x01\xc3\xb4P\x16\xc4\x00\x1c\x00\xd3\xa0\x00\x13\xc9\xc0\x15\x00\xd7\xb4\x00\x17\xc4\xc0\x9c\x01\xc2\xf8\x00\x11\xc4\xa5\x1c\x00\xd0\xb4\x00""B\x05\x00\x00\x00\xc0\x1f\x00\x17\x0a\x00\x00\x10\xc0\x1f\x00W\x01\x00\x00\x00\xc2\x1a\x01""B\x0b\x00\x00\x00\xc0\x1f\x00P\x13q\x11\x01\xf1\xb4\x00\xc1\x09\x00\x00\x00\xc0\x1f\x00\x17\x02\x00\x00\x00\xc2\x1a\x01""B\x06\x00\x00\x10\xc0\x1f\x00W\x03\x00\x00\x00\xc2\x1a\x01""B\x05\x00\x00\x00\xc0\x1f\x00P\x13@\x11\x01\xc0\xb4\x00\xc1\x03\x00\x00\x00\xc0\x1f\x00P\x13p\x11\x01\xf0\xb4\x00\xc1\x01\x00\x00\x00\xc0\x1f\x00P\x13""C\x11\x01\xc3\xb4P\x16\xc8\x00\x18\x00\xd3\xa0\x00\x13\xc9\xc0\x15\x00\xd7\xb4\x00\x17\xc4\xc0\x9c\x01\xc2\xf8\x00\x11\xc8\xa5\x18\x00\xd0\xb4\x00""B\x05\x00\x00\x00\xc0\x1f\x00\x17\x0a\x00\x00\x10\xc0\x1f\x00W\x01\x00\x00\x00\xc2\x1a\x01""B\x0b\x00\x00\x00\xc0\x1f\x00P\x13q\x11\x01\xf1\xb4\x00\xc1\x09\x00\x00\x00\xc0\x1f\x00\x17\x02\x00\x00\x00\xc2\x1a\x01""B\x06\x00\x00\x10\xc0\x1f\x00W\x03\x00\x00\x00\xc2\x1a\x01""B\x05\x00\x00\x00\xc0\x1f\x00P\x13@\x11\x01\xc0\xb4\x00\xc1\x03\x00\x00\x00\xc0\x1f\x00P\x13p\x11\x01\xf0\xb4\x00\xc1\x01\x00\x00\x00\xc0\x1f\x00P\x13""C\x11\x01\xc3\xb4PV\xc8\x00\x1c\x00\xd3\xa0\x00<\x19\x00\x00\x10\xc0\x1f\x00\xc1<UQ\x09\xd5\xb4\x00\xc0\x00\x00\x00\x00\xd6\x10Q\x13\xc9\xc0\x15\x00\xd7\xb4\x00\x17\xc4\xc0\x9c\x01\xc2\xf8\x00\x15\x16\xa5\x10\x00\xd0\xb4\x00""B\x05\x00\x00\x00\xc0\x1f\x00\x17\x0a\x00\x00\x10\xc0\x1f\x00W\x01\x00\x00\x00\xc2\x1a\x01""B\x0b\x00\x00\x00\xc0\x1f\x00P\x13q\x11\x01\xf1\xb4\x00\xc1\x09\x00\x00\x00\xc0\x1f\x00\x17\x02\x00\x00\x00\xc2\x1a\x01""B\x06\x00\x00\x10\xc0\x1f\x00W\x03\x00\x00\x00\xc2\x1a\x01""B\x05\x00\x00\x00\xc0\x1f\x00P\x13@\x11\x01\xc0\xb4\x00\xc1\x03\x00\x00\x00\xc0\x1f\x00P\x13p\x11\x01\xf0\xb4\x00\xc1\x01\x00\x00\x00\xc0\x1f\x00P\x13""C\x11\x01\xc3\xb4PV\xc4\x00\x1c\x00\xd6\xa0\x00\x16<\xc0\x80\x00\xc2\xf0\x00S\xc4\x00\x1c\x00\xd3\xa0\x00""B\xea\xff\xff\x17\xc0\x1f\x00=?\x00\x00\x00\xd3\xa0P\x13\xc9\xc0\x15\x00\xd5\xb4\x00\x15\xc4\xc0\x9c\x01\xc2\xf8\x00\x11\xc8\xa5\x1c\x00\xd0\xb4\x00""B\x05\x00\x00\x00\xc0\x1f\x00\x15\x0a\x00\x00\x10\xc0\x1f\x00U\x01\x00\x00\x00\xc2\x1a\x01""B\x0b\x00\x00\x00\xc0\x1f\x00P\x13q\x11\x01\xf1\xb4\x00\xc1\x09\x00\x00\x00\xc0\x1f\x00\x15\x02\x00\x00\x00\xc2\x1a\x01""B\x06\x00\x00\x10\xc0\x1f\x00U\x03\x00\x00\x00\xc2\x1a\x01""B\x05\x00\x00\x00\xc0\x1f\x00P\x13@\x11\x01\xc0\xb4\x00\xc1\x03\x00\x00\x00\xc0\x1f\x00P\x13p\x11\x01\xf0\xb4\x00\xc1\x01\x00\x00\x00\xc0\x1f\x00P\x13""C\x11\x01\xc3\xb4P\x13\xc4\x00\x1c\x00\xd5\xa0\x00\x15\xc9\xc0\x15\x00\xd6\xb4\x00\x16\xc4\xc0\x9c\x01\xc2\xf8\x00\x11\xc9\xa5\x10\x00\xd0\xb4\x00""B\x05\x00\x00\x00\xc0\x1f\x00\x16\x0a\x00\x00\x10\xc0\x1f\x00V\x01\x00\x00\x00\xc2\x1a\x01""B\x0b\x00\x00\x00\xc0\x1f\x00PUq\x11\x01\xf1\xb4\x00\xc1\x09\x00\x00\x00\xc0\x1f\x00\x16\x02\x00\x00\x00\xc2\x1a\x01""B\x06\x00\x00\x10\xc0\x1f\x00V\x03\x00\x00\x00\xc2\x1a\x01""B\x05\x00\x00\x00\xc0\x1f\x00PU@\x11\x01\xc0\xb4\x00\xc1\x03\x00\x00\x00\xc0\x1f\x00PUp\x11\x01\xf0\xb4\x00\xc1\x01\x00\x00\x00\xc0\x1f\x00PUC\x11\x01\xc3\xb4PS\xc8\x00\x18\x00\xd3\xa0\x00<\x19\x00\x00\x10\xc0\x1f\x00\xc1<TQ\x09\xd4\xb4\x00\xc0\x00\x00\x00\x00\xd5\x10Q\x13\xc9\xc0\x15\x00\xd6\xb4\x00\x16\xc4\xc0\x9c\x01\xc2\xf8\x00\x14\x15\xa5\x10\x00\xd0\xb4\x00""B\x05\x00\x00\x00\xc0\x1f\x00\x16\x0a\x00\x00\x10\xc0\x1f\x00V\x01\x00\x00\x00\xc2\x1a\x01""B\x0b\x00\x00\x00\xc0\x1f\x00P\x13q\x11\x01\xf1\xb4\x00\xc1\x09\x00\x00\x00\xc0\x1f\x00\x16\x02\x00\x00\x00\xc2\x1a\x01""B\x06\x00\x00\x10\xc0\x1f\x00V\x03\x00\x00\x00\xc2\x1a\x01""B\x05\x00\x00\x00\xc0\x1f\x00P\x13@\x11\x01\xc0\xb4\x00\xc1\x03\x00\x00\x00\xc0\x1f\x00P\x13p\x11\x01\xf0\xb4\x00\xc1\x01\x00\x00\x00\xc0\x1f\x00P\x13""C\x11\x01\xc3\xb4PU\xc4\x00\x1c\x00\xd5\xa0\x00\x15<\xc0\x80\x00\xc2\xf0\x00S\xc4\x00\x1c\x00\xd3\xa0\x00""B\xea\xff\xff\x17\xc0\x1f\x00\x01\x7f\x00\x00\x00\xd3\xa0P\x13\xc9\xc0\x15\x00\xd0\xb4\x00\x10\xc4\xc0\x9c\x01\xc2\xf8\x00\x11\xc9\xa5\x14\x00\xff\xb4\x00""B\x05\x00\x00\x00\xc0\x1f\x00\x10\x0a\x00\x00\x10\xc0\x1f\x00P\x01\x00\x00\x00\xc2\x1a\x01""B\x0b\x00\x00\x00\xc0\x1f\x00\x7f\x13q\x11\x01\xf1\xb4\x00\xc1\x09\x00\x00\x00\xc0\x1f\x00\x10\x02\x00\x00\x00\xc2\x1a\x01""B\x06\x00\x00\x10\xc0\x1f\x00P\x03\x00\x00\x00\xc2\x1a\x01""B\x05\x00\x00\x00\xc0\x1f\x00\x7f\x13@\x11\x01\xc0\xb4\x00\xc1\x03\x00\x00\x00\xc0\x1f\x00\x7f\x13p\x11\x01\xf0\xb4\x00\xc1\x01\x00\x00\x00\xc0\x1f\x00\x7f\x13""C\x11\x01\xc3\xb4P\x13\xc4\x00\x1c\x00\xff\xa0\x00?\xc9\xc0\x15\x00\xd4\xb4\x00\x14\xc4\xc0\x9c\x01\xc2\xf8\x00Q\xc9\xa5\x18\x00\xd0\xb4\x00""B\x05\x00\x00\x00\xc0\x1f\x00\x14\x0a\x00\x00\x10\xc0\x1f\x00T\x01\x00\x00\x00\xc2\x1a\x01""B\x0b\x00\x00\x00\xc0\x1f\x00P\x7fq\x11\x01\xf1\xb4\x00\xc1\x09\x00\x00\x00\xc0\x1f\x00\x14\x02\x00\x00\x00\xc2\x1a\x01""B\x06\x00\x00\x10\xc0\x1f\x00T\x03\x00\x00\x00\xc2\x1a\x01""B\x05\x00\x00\x00\xc0\x1f\x00P\x7f@\x11\x01\xc0\xb4\x00\xc1\x03\x00\x00\x00\xc0\x1f\x00P\x7fp\x11\x01\xf0\xb4\x00\xc1\x01\x00\x00\x00\xc0\x1f\x00P\x7f""C\x11\x01\xc3\xb4P~\xc8\x00\x1c\x00\xfe\xa0\x00;>\xc0\x80\x01\xc2\xf0\x00\x13\xc8\x00\x18\x00\xff\xa0\x00""B\x0f\xff\xff\x07\xc0\x1f\x00\xc1$\x00\x00\x00\xc0\x1f\x00\xc0\x1d\x00\x00\x00\xc1\x10\x01\xc0\x00\x00\x00\x00\xfd\x10\x01\xc0\x00\x00\x00\x00\xc0\x10\x01\xc0\x00\x00\x00\x00\xc3\x10\x01\xc0\x00\x00\x00\x00\xf1\x10Q<\x1b\x00\x00\x10\xc0\x1f\x00\xe2<'$\x00\xfe\xa3\x03~P\x01\x18\x82\xbe`\x00\x01\x00\x00\x00\x00\xd1\x91\x00\xc0\x00\x00\x00\x00\xff\x10Q\x11\xc9\xc0\x15\x00\xd2\xb4\x00\x12\xc4\xc0\x9c\x01\xc2\xf8\x08>?\xa5\x10\x00\xd0\xb4\x00""B\x05\x00\x00\x00\xc0\x1f\x00\x12\x0a\x00\x00\x10\xc0\x1f\x00R\x01\x00\x00\x00\xc2\x1a\x01""B\x0b\x00\x00\x00\xc0\x1f\x00P\x11q\x11\x01\xf1\xb4\x00\xc1\x09\x00\x00\x00\xc0\x1f\x00\x12\x02\x00\x00\x00\xc2\x1a\x01""B\x06\x00\x00\x10\xc0\x1f\x00R\x03\x00\x00\x00\xc2\x1a\x01""B\x05\x00\x00\x00\xc0\x1f\x00P\x11@\x11\x01\xc0\xb4\x00\xc1\x03\x00\x00\x00\xc0\x1f\x00P\x11p\x11\x01\xf0\xb4\x00\xc1\x01\x00\x00\x00\xc0\x1f\x00P\x11""C\x11\x01\xc3\xb4P\x7f\xc4\x00\x1c\x00\xff\xa0\x00?<\xc0\x80\x00\xc2\xf0\x00Q\xc4\x00\x1c\x00\xd1\xa0\x00""B\xea\xff\xff\x17\xc0\x1f\x00<A\x00\x00\x00\xc1\xa0P}\xc4\x00\x1c\x00\xfd\xa0\x00=;\xc0\x80\x00\xc2\xf0\x00""B\xe1\xff\xff\x17\xc0\x1f\x00""9\xc4\xc0\x1d\x00\xc1\xb4\x00""A\xce\x0a\x1c\x00\xc1\xa0\x00""8\xc4\xc0\x1d\x00\xc2\xb4\x00""B\xa6\x0a\x00\x00\xc2\xa0\x00""BA\x00\x00\x00\xc1\xa0\x00:\xc4\xc0\x1d\x00\xd8\xb4\x00X\xca\x0a\x14\x00\xd8\xa0\x00""AX\x00\x00\x00\xc1\xa0\x00\x09\xc4\xc0\x1d\x00\xd9\xb4\x00Y\xc8\x0a\x1c\x00\xd9\xa0\x00""AY\x00\x00\x00\xc1\xa0\x00\x0a\xc4\xc0\x1d\x00\xda\xb4\x00""AZ\x00\x00\x00\xc1\xa0\x00\xfe(\x11\x00\x00\xfc\x10\x07\xff\x00\x00\x00\x00\xfd\x91\x06<\x00'$\x00\xfe\xa3\x01~\x00\x00\x98\x82\xbb`\x00""4\xc4\xc0\x1d\x00\xeb\xb4\x00k\xce\x0a\x1c\x00\xeb\xa0\x00""3\xc4\xc0\x1d\x00\xec\xb4\x00l\xa6\x0a\x00\x00\xec\xa0\x00lk\x00\x00\x00\xeb\xa0\x00""5\xc4\xc0\x1d\x00\xed\xb4\x00m\xca\x0a\x14\x00\xed\xa0\x00km\x00\x00\x00\xeb\xa0\x00""6\xc4\xc0\x1d\x00\xee\xb4\x00n\xc8\x0a\x1c\x00\xee\xa0\x00kn\x00\x00\x00\xeb\xa0\x00""2\xc4\xc0\x1d\x00\xe1\xb4\x00""7\xc4\xc0\x1d\x00\xef\xb4\x00ko\x00\x00\x00\xeb\xa0\x00z\xcf""C\x1d\x01\xdb\xb4\x00<`'$\x00\xc2\xa3\x01""B\x00\x00X\x82\xa2`\x00y\xcf\xbe\x14\x01\xdd\xb4\x00x\xce\x81\x18\x01\xe0\xb4\x02r\xce\xc4\x10\x01\xe4\xb4\x00w\xcf@\x1d\x01\xc0\xb4\x00u\xce\x82\x14\x01\xd1\xb4\x02\x0c\xc4\xc0\x1d\x00\xd8\xb4\x00X\xce\x0a\x1c\x00\xd8\xa0\x00\x0b\xc4\xc0\x1d\x00\xd9\xb4\x00Y\xa6\x0a\x00\x00\xd9\xa0\x00YX\x00\x00\x00\xd8\xa0\x00\x0d\xc4\xc0\x1d\x00\xda\xb4\x00Z\xca\x0a\x14\x00\xda\xa0\x00XZ\x00\x00\x00\xd8\xa0\x00t\xcd\x83\x1c\x01\xd3\xb4\x02s\xcd\x85\x10\x01\xd6\xb4\x02\x0e\xcb\x88\x1c\x01\xe1\xb4\x02I\xc8\x93\x18\x01\xed\xb4\x02<j'$\x00\xc2\xa3\x01""B\x00\x00\x18\x82\x82` ;\xce\xdc\x18\x01\xdc\xb4\x00[\xc0\x5c\x11\x01\xdb\xb4\x00[\xc0]\x11\x01\xdb\xb4\x00\x0f\xc4\xc0\x1d\x00\xdc\xb4\x00;\xcd\xbf\x1c\x01\xde\xb4\x00[\xc0^\x11\x01\xdb\xb4\x00O\xcc\x8d\x18\x01\xde\xb4\x02;\xcd\x80\x14\x01\xdf\xb4\x02[\xc0_\x11\x01\xdb\xb4\x00[\xc0`\x11\x01\xdb\xb4\x00;\xcc\x82\x18\x01\xe3\xb4\x02[\xc0""c\x11\x01\xdb\xb4\x00[\xc0""d\x11\x01\xdb\xb4\x00M\xcb\x8b\x10\x01\xe4\xb4\x12\x22\xcd\x83\x1c\x01\xe5\xb4\x02[\xc0""e\x11\x01\xdb\xb4\x00\x22\xcd\x84\x14\x01\xe6\xb4\x02[\xc0""f\x11\x01\xdb\xb4\x00L\xca\x91\x18\x01\xe6\xb4\x02\x22\xcc\x85\x18\x01\xe7\xb4\x02[\xc0g\x11\x01\xdb\xb4\x00\x22\xcc\x86\x10\x01\xe8\xb4\x02[\xc0h\x11\x01\xdb\xb4\x00v\xcf\xbf\x10\x01\xfe\xb4\x08\x02\xcf\xdc\x18\x01\xf9\xb4\x00@\xc0y\x11\x01\xc0\xb4\x00\xe2""0\x02X\x82\xb9`\x02\x02\xcf\xbe\x10\x01\xfa\xb4\x00@\xc0z\x11\x01\xc0\xb4\x00@\xc0~\x11\x01\xc0\xb4\x00\x22\xcb\x87\x14\x01\xe9\xb4\x02[\xc0i\x11\x01\xdb\xb4\x00K\xc9\x96\x1c\x01\xe9\xb4\x02\x02\xce\x80\x14\x01\xff\xb4\x02@\xc0\x7f\x11\x01\xc0\xb4\x00\x22\xca\x88\x18\x01\xea\xb4\x02[\xc0j\x11\x01\xdb\xb4\x00J\xc9\x9c\x14\x01\xea\xb4\x00\x02\xcd\x81\x1c\x01\xd0\xb4\x02@\xc0P\x11\x01\xc0\xb4\x00@\xc0Q\x11\x01\xc0\xb4\x00\x22\xca\x89\x10\x01\xf2\xb4\x02[\xc0r\x11\x01\xdb\xb4\x00""b\xc9\x8b\x14\x01\xf8\xb4\x02[\xc0x\x11\x01\xf2\xb4\x00N\xc4\xc0\x1d\x00\xdb\xb4\x00[\xc8\x0a\x1c\x00\xdb\xa0\x00X[\x00\x00\x00\xd8\xa0\x00X\x5c\x00\x00\x00\xd8\xa0\x00\x02\xcd\xc4\x10\x01\xd2\xb4\x00@\xc0R\x11\x01\xc0\xb4\x00@\xc0S\x11\x01\xc0\xb4\x00\x02\xcc\x84\x14\x01\xd4\xb4\x02@\xc0T\x11\x01\xc0\xb4\x00\x02\xcb\x8c\x1c\x01\xd5\xb4\x02@\xc0U\x11\x01\xc0\xb4\x00@\xc0V\x11\x01\xd7\xb4\x00|X' \x00\xc0\xa3\x01@\x00\x00\x18\x82\x80`\x00""B\xcb\x86\x10\x01\xdd\xb4\x02W\xc0]\x11\x01\xdd\xb4\x00]\xc0^\x11\x01\xdd\xb4\x00;\xc9\xb8\x10\x01\xeb\xb4\x00;\xc8\x8a\x18\x01\xec\xb4\x02;\xc4\x95\x1c\x00\xee\xb4\x02{\xc8\xa5\x1c\x00\xef\xb4\x08\x00\xcc\x87\x14\x01\xdf\xb4\x02]\xc0_\x11\x01\xdd\xb4\x00\x00\xcb\x8e\x1c\x01\xe0\xb4\x02]\xc0`\x11\x01\xdd\xb4\x00]\xc0""a\x11\x01\xdd\xb4\x00\x00\xcb\x89\x10\x01\xe2\xb4\x02]\xc0""b\x11\x01\xdd\xb4\x00\x00\xca\x8f\x18\x01\xe3\xb4\x02]\xc0""c\x11\x01\xdd\xb4\x00]\xc0""d\x11\x01\xdd\xb4\x00\x00\xc9\x90\x1c\x01\xe5\xb4\x02]\xc0""e\x11\x01\xdd\xb4\x00]\xc0""f\x11\x01\xdd\xb4\x00\x00\xc9\x92\x10\x01\xe7\xb4\x02]\xc0g\x11\x01\xdd\xb4\x00\x00\xc8\x94\x18\x01\xe8\xb4\x02]\xc0h\x11\x01\xdd\xb4\x00]\xc0i\x11\x01\xdd\xb4\x00@\xc4\x97\x1c\x00\xc0\xb4\x02]\xc0@\x11\x01\xc0\xb4\x00@\xc0j\x11\x01\xc0\xb4\x00@\xc0k\x11\x01\xc0\xb4\x00@\xc0l\x11\x01\xc0\xb4\x00@\xc0m\x11\x01\xc0\xb4\x00@\xc0n\x11\x01\xc0\xb4\x00@\xc0o\x11\x01\xf3\xb4\x00\xe2""4\x02\x18\x82\x80`R\x00\x00\x00\x00\x00\xc0\x00\x10yH\xc0\x80\x04\xc2\xf4\x08\x86@G \x00\xc0\xa3\x01""B\x03\x00\x00\x00\xc0\x1f\x00\x00\x00\x00\x00\x00\xc0\x00 @\x00\x00""8\x08paP\x00\x00\x00\x00\x00\xc0\x00x\x00\x00\x00\x00\x00\xc0\x00 @\x00\x00""8\x08""Dax\x01\x00\x00\x00\x02\x00\x00\x00\x03\x00\x00\x00\x04\x00\x00\x00\x05\x00\x00\x00\x07\x00\x00\x00\x09\x00\x00\x00\x0b\x00\x00\x00\x0f\x00\x00\x00\x13\x00\x00\x00\x17\x00\x00\x00\x1f\x00\x00\x00'\x00\x00\x00\x2f\x00\x00\x00?\x00\x00\x00O\x00\x00\x00_\x00\x00\x00\x7f\x00\x00\x00\x9f\x00\x00\x00\xbf\x00\x00\x00\xff\x00\x00\x00\x00\x00\x00\x00\x00\x00\x00\x00\x02\x00\x00\x00\x04\x00\x00\x00\x05\x00\x00\x00\x03\x00\x00\x00\x01\x00\x00\x00\x00\x00\x00\x00\x02\x00\x00\x00\x04\x00\x00\x00\x06\x00\x00\x00\x08\x00\x00\x00\x09\x00\x00\x00\x07\x00\x00\x00\x05\x00\x00\x00\x03\x00\x00\x00\x01\x00\x00\x00\x00\x00\x00\x00\x04\x00\x00\x00\x08\x00\x00\x00\x02\x00\x00\x00\x06\x00\x00\x00\x0a\x00\x00\x00\x0b\x00\x00\x00\x07\x00\x00\x00\x03\x00\x00\x00\x09\x00\x00\x00\x05\x00\x00\x00\x01\x00\x00\x00\x00\x00\x00\x00\x04\x00\x00\x00\x08\x00\x00\x00\x0c\x00\x00\x00\x10\x00\x00\x00\x02\x00\x00\x00\x06\x00\x00\x00\x0a\x00\x00\x00\x0e\x00\x00\x00\x12\x00\x00\x00\x13\x00\x00\x00\x0f\x00\x00\x00\x0b\x00\x00\x00\x07\x00\x00\x00\x03\x00\x00\x00\x11\x00\x00\x00\x0d\x00\x00\x00\x09\x00\x00\x00\x05\x00\x00\x00\x01\x00\x00\x00\x00\x00\x00\x00\x08\x00\x00\x00\x10\x00\x00\x00\x02\x00\x00\x00\x0a\x00\x00\x00\x12\x00\x00\x00\x04\x00\x00\x00\x0c\x00\x00\x00\x14\x00\x00\x00\x06\x00\x00\x00\x0e\x00\x00\x00\x16\x00\x00\x00\x17\x00\x00\x00\x0f\x00\x00\x00\x07\x00\x00\x00\x15\x00\x00\x00\x0d\x00\x00\x00\x05\x00\x00\x00\x13\x00\x00\x00\x0b\x00\x00\x00\x03\x00\x00\x00\x11\x00\x00\x00\x09\x00\x00\x00\x01\x00\x00\x00\x00\x00\x00\x00\x08\x00\x00\x00\x10\x00\x00\x00\x18\x00\x00\x00 \x00\x00\x00\x02\x00\x00\x00\x0a\x00\x00\x00\x12\x00\x00\x00\x1a\x00\x00\x00\x22\x00\x00\x00\x04\x00\x00\x00\x0c\x00\x00\x00\x14\x00\x00\x00\x1c\x00\x00\x00$\x00\x00\x00\x06\x00\x00\x00\x0e\x00\x00\x00\x16\x00\x00\x00\x1e\x00\x00\x00&\x00\x00\x00'\x00\x00\x00\x1f\x00\x00\x00\x17\x00\x00\x00\x0f\x00\x00\x00\x07\x00\x00\x00%\x00\x00\x00\x1d\x00\x00\x00\x15\x00\x00\x00\x0d\x00\x00\x00\x05\x00\x00\x00#\x00\x00\x00\x1b\x00\x00\x00\x13\x00\x00\x00\x0b\x00\x00\x00\x03\x00\x00\x00!\x00\x00\x00\x19\x00\x00\x00\x11\x00\x00\x00\x09\x00\x00\x00\x01\x00\x00\x00\x00\x00\x00\x00\x10\x00\x00\x00 \x00\x00\x00\x02\x00\x00\x00\x12\x00\x00\x00\x22\x00\x00\x00\x04\x00\x00\x00\x14\x00\x00\x00$\x00\x00\x00\x06\x00\x00\x00\x16\x00\x00\x00&\x00\x00\x00\x08\x00\x00\x00\x18\x00\x00\x00(\x00\x00\x00\x0a\x00\x00\x00\x1a\x00\x00\x00*\x00\x00\x00\x0c\x00\x00\x00\x1c\x00\x00\x00,\x00\x00\x00\x0e\x00\x00\x00\x1e\x00\x00\x00.\x00\x00\x00\x2f\x00\x00\x00\x1f\x00\x00\x00\x0f\x00\x00\x00-\x00\x00\x00\x1d\x00\x00\x00\x0d\x00\x00\x00+\x00\x00\x00\x1b\x00\x00\x00\x0b\x00\x00\x00)\x00\x00\x00\x19\x00\x00\x00\x09\x00\x00\x00'\x00\x00\x00\x17\x00\x00\x00\x07\x00\x00\x00%\x00\x00\x00\x15\x00\x00\x00\x05\x00\x00\x00#\x00\x00\x00\x13\x00\x00\x00\x03\x00\x00\x00!\x00\x00\x00\x11\x00\x00\x00\x01\x00\x00\x00\x00\x00\x00\x00\x10\x00\x00\x00 \x00\x00\x00""0\x00\x00\x00@\x00\x00\x00\x02\x00\x00\x00\x12\x00\x00\x00\x22\x00\x00\x00""2\x00\x00\x00""B\x00\x00\x00\x04\x00\x00\x00\x14\x00\x00\x00$\x00\x00\x00""4\x00\x00\x00""D\x00\x00\x00\x06\x00\x00\x00\x16\x00\x00\x00&\x00\x00\x00""6\x00\x00\x00""F\x00\x00\x00\x08\x00\x00\x00\x18\x00\x00\x00(\x00\x00\x00""8\x00\x00\x00H\x00\x00\x00\x0a\x00\x00\x00\x1a\x00\x00\x00*\x00\x00\x00:\x00\x00\x00J\x00\x00\x00\x0c\x00\x00\x00\x1c\x00\x00\x00,\x00\x00\x00<\x00\x00\x00L\x00\x00\x00\x0e\x00\x00\x00\x1e\x00\x00\x00.\x00\x00\x00>\x00\x00\x00N\x00\x00\x00O\x00\x00\x00?\x00\x00\x00\x2f\x00\x00\x00\x1f\x00\x00\x00\x0f\x00\x00\x00M\x00\x00\x00=\x00\x00\x00-\x00\x00\x00\x1d\x00\x00\x00\x0d\x00\x00\x00K\x00\x00\x00;\x00\x00\x00+\x00\x00\x00\x1b\x00\x00\x00\x0b\x00\x00\x00I\x00\x00\x00""9\x00\x00\x00)\x00\x00\x00\x19\x00\x00\x00\x09\x00\x00\x00G\x00\x00\x00""7\x00\x00\x00'\x00\x00\x00\x17\x00\x00\x00\x07\x00\x00\x00""E\x00\x00\x00""5\x00\x00\x00%\x00\x00\x00\x15\x00\x00\x00\x05\x00\x00\x00""C\x00\x00\x00""3\x00\x00\x00#\x00\x00\x00\x13\x00\x00\x00\x03\x00\x00\x00""A\x00\x00\x00""1\x00\x00\x00!\x00\x00\x00\x11\x00\x00\x00\x01\x00\x00\x00\x00\x00\x00\x00 \x00\x00\x00@\x00\x00\x00\x02\x00\x00\x00\x22\x00\x00\x00""B\x00\x00\x00\x04\x00\x00\x00$\x00\x00\x00""D\x00\x00\x00\x06\x00\x00\x00&\x00\x00\x00""F\x00\x00\x00\x08\x00\x00\x00(\x00\x00\x00H\x00\x00\x00\x0a\x00\x00\x00*\x00\x00\x00J\x00\x00\x00\x0c\x00\x00\x00,\x00\x00\x00L\x00\x00\x00\x0e\x00\x00\x00.\x00\x00\x00N\x00\x00\x00\x10\x00\x00\x00""0\x00\x00\x00P\x00\x00\x00\x12\x00\x00\x00""2\x00\x00\x00R\x00\x00\x00\x14\x00\x00\x00""4\x00\x00\x00T\x00\x00\x00\x16\x00\x00\x00""6\x00\x00\x00V\x00\x00\x00\x18\x00\x00\x00""8\x00\x00\x00X\x00\x00\x00\x1a\x00\x00\x00:\x00\x00\x00Z\x00\x00\x00\x1c\x00\x00\x00<\x00\x00\x00\x5c\x00\x00\x00\x1e\x00\x00\x00>\x00\x00\x00^\x00\x00\x00_\x00\x00\x00?\x00\x00\x00\x1f\x00\x00\x00]\x00\x00\x00=\x00\x00\x00\x1d\x00\x00\x00[\x00\x00\x00;\x00\x00\x00\x1b\x00\x00\x00Y\x00\x00\x00""9\x00\x00\x00\x19\x00\x00\x00W\x00\x00\x00""7\x00\x00\x00\x17\x00\x00\x00U\x00\x00\x00""5\x00\x00\x00\x15\x00\x00\x00S\x00\x00\x00""3\x00\x00\x00\x13\x00\x00\x00Q\x00\x00\x00""1\x00\x00\x00\x11\x00\x00\x00O\x00\x00\x00\x2f\x00\x00\x00\x0f\x00\x00\x00M\x00\x00\x00-\x00\x00\x00\x0d\x00\x00\x00K\x00\x00\x00+\x00\x00\x00\x0b\x00\x00\x00I\x00\x00\x00)\x00\x00\x00\x09\x00\x00\x00G\x00\x00\x00'\x00\x00\x00\x07\x00\x00\x00""E\x00\x00\x00%\x00\x00\x00\x05\x00\x00\x00""C\x00\x00\x00#\x00\x00\x00\x03\x00\x00\x00""A\x00\x00\x00!\x00\x00\x00\x01\x00\x00\x00\x00\x00\x00\x00 \x00\x00\x00@\x00\x00\x00`\x00\x00\x00\x80\x00\x00\x00\x02\x00\x00\x00\x22\x00\x00\x00""B\x00\x00\x00""b\x00\x00\x00\x82\x00\x00\x00\x04\x00\x00\x00$\x00\x00\x00""D\x00\x00\x00""d\x00\x00\x00\x84\x00\x00\x00\x06\x00\x00\x00&\x00\x00\x00""F\x00\x00\x00""f\x00\x00\x00\x86\x00\x00\x00\x08\x00\x00\x00(\x00\x00\x00H\x00\x00\x00h\x00\x00\x00\x88\x00\x00\x00\x0a\x00\x00\x00*\x00\x00\x00J\x00\x00\x00j\x00\x00\x00\x8a\x00\x00\x00\x0c\x00\x00\x00,\x00\x00\x00L\x00\x00\x00l\x00\x00\x00\x8c\x00\x00\x00\x0e\x00\x00\x00.\x00\x00\x00N\x00\x00\x00n\x00\x00\x00\x8e\x00\x00\x00\x10\x00\x00\x00""0\x00\x00\x00P\x00\x00\x00p\x00\x00\x00\x90\x00\x00\x00\x12\x00\x00\x00""2\x00\x00\x00R\x00\x00\x00r\x00\x00\x00\x92\x00\x00\x00\x14\x00\x00\x00""4\x00\x00\x00T\x00\x00\x00t\x00\x00\x00\x94\x00\x00\x00\x16\x00\x00\x00""6\x00\x00\x00V\x00\x00\x00v\x00\x00\x00\x96\x00\x00\x00\x18\x00\x00\x00""8\x00\x00\x00X\x00\x00\x00x\x00\x00\x00\x98\x00\x00\x00\x1a\x00\x00\x00:\x00\x00\x00Z\x00\x00\x00z\x00\x00\x00\x9a\x00\x00\x00\x1c\x00\x00\x00<\x00\x00\x00\x5c\x00\x00\x00|\x00\x00\x00\x9c\x00\x00\x00\x1e\x00\x00\x00>\x00\x00\x00^\x00\x00\x00~\x00\x00\x00\x9e\x00\x00\x00\x9f\x00\x00\x00\x7f\x00\x00\x00_\x00\x00\x00?\x00\x00\x00\x1f\x00\x00\x00\x9d\x00\x00\x00}\x00\x00\x00]\x00\x00\x00=\x00\x00\x00\x1d\x00\x00\x00\x9b\x00\x00\x00{\x00\x00\x00[\x00\x00\x00;\x00\x00\x00\x1b\x00\x00\x00\x99\x00\x00\x00y\x00\x00\x00Y\x00\x00\x00""9\x00\x00\x00\x19\x00\x00\x00\x97\x00\x00\x00w\x00\x00\x00W\x00\x00\x00""7\x00\x00\x00\x17\x00\x00\x00\x95\x00\x00\x00u\x00\x00\x00U\x00\x00\x00""5\x00\x00\x00\x15\x00\x00\x00\x93\x00\x00\x00s\x00\x00\x00S\x00\x00\x00""3\x00\x00\x00\x13\x00\x00\x00\x91\x00\x00\x00q\x00\x00\x00Q\x00\x00\x00""1\x00\x00\x00\x11\x00\x00\x00\x8f\x00\x00\x00o\x00\x00\x00O\x00\x00\x00\x2f\x00\x00\x00\x0f\x00\x00\x00\x8d\x00\x00\x00m\x00\x00\x00M\x00\x00\x00-\x00\x00\x00\x0d\x00\x00\x00\x8b\x00\x00\x00k\x00\x00\x00K\x00\x00\x00+\x00\x00\x00\x0b\x00\x00\x00\x89\x00\x00\x00i\x00\x00\x00I\x00\x00\x00)\x00\x00\x00\x09\x00\x00\x00\x87\x00\x00\x00g\x00\x00\x00G\x00\x00\x00'\x00\x00\x00\x07\x00\x00\x00\x85\x00\x00\x00""e\x00\x00\x00""E\x00\x00\x00%\x00\x00\x00\x05\x00\x00\x00\x83\x00\x00\x00""c\x00\x00\x00""C\x00\x00\x00#\x00\x00\x00\x03\x00\x00\x00\x81\x00\x00\x00""a\x00\x00\x00""A\x00\x00\x00!\x00\x00\x00\x01\x00\x00\x00\x00\x00\x00\x00@\x00\x00\x00\x80\x00\x00\x00\x02\x00\x00\x00""B\x00\x00\x00\x82\x00\x00\x00\x04\x00\x00\x00""D\x00\x00\x00\x84\x00\x00\x00\x06\x00\x00\x00""F\x00\x00\x00\x86\x00\x00\x00\x08\x00\x00\x00H\x00\x00\x00\x88\x00\x00\x00\x0a\x00\x00\x00J\x00\x00\x00\x8a\x00\x00\x00\x0c\x00\x00\x00L\x00\x00\x00\x8c\x00\x00\x00\x0e\x00\x00\x00N\x00\x00\x00\x8e\x00\x00\x00\x10\x00\x00\x00P\x00\x00\x00\x90\x00\x00\x00\x12\x00\x00\x00R\x00\x00\x00\x92\x00\x00\x00\x14\x00\x00\x00T\x00\x00\x00\x94\x00\x00\x00\x16\x00\x00\x00V\x00\x00\x00\x96\x00\x00\x00\x18\x00\x00\x00X\x00\x00\x00\x98\x00\x00\x00\x1a\x00\x00\x00Z\x00\x00\x00\x9a\x00\x00\x00\x1c\x00\x00\x00\x5c\x00\x00\x00\x9c\x00\x00\x00\x1e\x00\x00\x00^\x00\x00\x00\x9e\x00\x00\x00 \x00\x00\x00`\x00\x00\x00\xa0\x00\x00\x00\x22\x00\x00\x00""b\x00\x00\x00\xa2\x00\x00\x00$\x00\x00\x00""d\x00\x00\x00\xa4\x00\x00\x00&\x00\x00\x00""f\x00\x00\x00\xa6\x00\x00\x00(\x00\x00\x00h\x00\x00\x00\xa8\x00\x00\x00*\x00\x00\x00j\x00\x00\x00\xaa\x00\x00\x00,\x00\x00\x00l\x00\x00\x00\xac\x00\x00\x00.\x00\x00\x00n\x00\x00\x00\xae\x00\x00\x00""0\x00\x00\x00p\x00\x00\x00\xb0\x00\x00\x00""2\x00\x00\x00r\x00\x00\x00\xb2\x00\x00\x00""4\x00\x00\x00t\x00\x00\x00\xb4\x00\x00\x00""6\x00\x00\x00v\x00\x00\x00\xb6\x00\x00\x00""8\x00\x00\x00x\x00\x00\x00\xb8\x00\x00\x00:\x00\x00\x00z\x00\x00\x00\xba\x00\x00\x00<\x00\x00\x00|\x00\x00\x00\xbc\x00\x00\x00>\x00\x00\x00~\x00\x00\x00\xbe\x00\x00\x00\xbf\x00\x00\x00\x7f\x00\x00\x00?\x00\x00\x00\xbd\x00\x00\x00}\x00\x00\x00=\x00\x00\x00\xbb\x00\x00\x00{\x00\x00\x00;\x00\x00\x00\xb9\x00\x00\x00y\x00\x00\x00""9\x00\x00\x00\xb7\x00\x00\x00w\x00\x00\x00""7\x00\x00\x00\xb5\x00\x00\x00u\x00\x00\x00""5\x00\x00\x00\xb3\x00\x00\x00s\x00\x00\x00""3\x00\x00\x00\xb1\x00\x00\x00q\x00\x00\x00""1\x00\x00\x00\xaf\x00\x00\x00o\x00\x00\x00\x2f\x00\x00\x00\xad\x00\x00\x00m\x00\x00\x00-\x00\x00\x00\xab\x00\x00\x00k\x00\x00\x00+\x00\x00\x00\xa9\x00\x00\x00i\x00\x00\x00)\x00\x00\x00\xa7\x00\x00\x00g\x00\x00\x00'\x00\x00\x00\xa5\x00\x00\x00""e\x00\x00\x00%\x00\x00\x00\xa3\x00\x00\x00""c\x00\x00\x00#\x00\x00\x00\xa1\x00\x00\x00""a\x00\x00\x00!\x00\x00\x00\x9f\x00\x00\x00_\x00\x00\x00\x1f\x00\x00\x00\x9d\x00\x00\x00]\x00\x00\x00\x1d\x00\x00\x00\x9b\x00\x00\x00[\x00\x00\x00\x1b\x00\x00\x00\x99\x00\x00\x00Y\x00\x00\x00\x19\x00\x00\x00\x97\x00\x00\x00W\x00\x00\x00\x17\x00\x00\x00\x95\x00\x00\x00U\x00\x00\x00\x15\x00\x00\x00\x93\x00\x00\x00S\x00\x00\x00\x13\x00\x00\x00\x91\x00\x00\x00Q\x00\x00\x00\x11\x00\x00\x00\x8f\x00\x00\x00O\x00\x00\x00\x0f\x00\x00\x00\x8d\x00\x00\x00M\x00\x00\x00\x0d\x00\x00\x00\x8b\x00\x00\x00K\x00\x00\x00\x0b\x00\x00\x00\x89\x00\x00\x00I\x00\x00\x00\x09\x00\x00\x00\x87\x00\x00\x00G\x00\x00\x00\x07\x00\x00\x00\x85\x00\x00\x00""E\x00\x00\x00\x05\x00\x00\x00\x83\x00\x00\x00""C\x00\x00\x00\x03\x00\x00\x00\x81\x00\x00\x00""A\x00\x00\x00\x01\x00\x00\x00\xff\xff\xff\xff\xff\xff\xff\xff\xff\xff\xff\xff\xff\xff\xff\xff\x00\x00\x00\x00\xff\xff\xff\xff\x06\x00\x00\x00\x10\x00\x00\x00\xff\xff\xff\xff\x1c\x00\x00\x00""0\x00\x00\x00\xff\xff\xff\xffH\x00\x00\x00p\x00\x00\x00\xff\xff\xff\xff\xa0\x00\x00\x00\xf0\x00\x00\x00\xff\xff\xff\xffP\x01\x00\x00\xf0\x01\x00\x00\xff\xff\xff\xff\x00\x00\x00\x00\x01\x00\x00\x00\x00\x00\x00\x00\x00\x00\x00\x00\x00\x00\x00\x00\x00\x00\x00\x00\x01\x00\x00\x00\x00\x00\x00\x00\x00\x00\x00\x00\x02\x00\x00\x00\x00\x00\x00\x00\x00\x00\x00\x00\x00\x00\x00\x00\x00\x00\x00\x00\x00\x00\x00\x00\x01\x00\x00\x00\x00\x00\x00\x00\x01\x00\x00\x00\x01\x00\x00\x00\x00\x00\x00\x00\x00\x00\x00\x00\x03\x00\x00\x00\x00\x00\x00\x00\x00\x00\x00\x00\x00\x00\x00\x00\x01\x00\x00\x00\x00\x00\x00\x00\x01\x00\x00\x00\x00\x00\x00\x00\x02\x00\x00\x00\x01\x00\x00\x00\x00\x00\x00\x00\x00\x00\x00\x00\x04\x00\x00\x00\x00\x00\x00\x00\x00\x00\x00\x00\x00\x00\x00\x00\x02\x00\x00\x00\x00\x00\x00\x00\x01\x00\x00\x00\x00\x00\x00\x00\x03\x00\x00\x00\x01\x00\x00\x00\x00\x00\x00\x00\x00\x00\x00\x00\x05\x00\x00\x00\x00\x00\x00\x00\x00\x00\x00\x00\x00\x00\x00\x00\x03\x00\x00\x00\x00\x00\x00\x00\x01\x00\x00\x00\x00\x00\x00\x00\x04\x00\x00\x00\x01\x00\x00\x00\x00\x00\x00\x00\x00\x00\x00\x00\x06\x00\x00\x00\x00\x00\x00\x00\x00\x00\x00\x00\x00\x00\x00\x00\x04\x00\x00\x00\x00\x00\x00\x00\x01\x00\x00\x00\x00\x00\x00\x00\x05\x00\x00\x00\x01\x00\x00\x00\x00\x00\x00\x00\x00\x00\x00\x00\x07\x00\x00\x00\x00\x00\x00\x00\x00\x00\x00\x00\x00\x00\x00\x00\x05\x00\x00\x00\x00\x00\x00\x00\x01\x00\x00\x00\x00\x00\x00\x00\x06\x00\x00\x00\x01\x00\x00\x00\x00\x00\x00\x00\x00\x00\x00\x00\x08\x00\x00\x00\x00\x00\x00\x00\x00\x00\x00\x00\x00\x00\x00\x00\x00\x00\x00\x00\x01\x00\x00\x00\x02\x00\x00\x00\x04\x00\x00\x00\x05\x00\x00\x00\x06\x00\x00\x00\x08\x00\x00\x00\x09\x00\x00\x00\x0a\x00\x00\x00\x10\x00\x00\x00\x11\x00\x00\x00\x12\x00\x00\x00\x14\x00\x00\x00\x15\x00\x00\x00\x16\x00\x00\x00\x18\x00\x00\x00\x19\x00\x00\x00\x1a\x00\x00\x00\x03\x00\x00\x00\x07\x00\x00\x00\x0f\x00\x00\x00\x13\x00\x00\x00\x17\x00\x00\x00\x1b\x00\x00\x00\x0c\x00\x00\x00\x0d\x00\x00\x00\x0e\x00\x00\x00 \x00\x00\x00!\x00\x00\x00\x22\x00\x00\x00$\x00\x00\x00%\x00\x00\x00&\x00\x00\x00(\x00\x00\x00)\x00\x00\x00*\x00\x00\x00""0\x00\x00\x00""1\x00\x00\x00""2\x00\x00\x00""4\x00\x00\x00""5\x00\x00\x00""6\x00\x00\x00""8\x00\x00\x00""9\x00\x00\x00:\x00\x00\x00#\x00\x00\x00'\x00\x00\x00\x2f\x00\x00\x00""3\x00\x00\x00""7\x00\x00\x00;\x00\x00\x00,\x00\x00\x00-\x00\x00\x00.\x00\x00\x00@\x00\x00\x00""A\x00\x00\x00""B\x00\x00\x00""D\x00\x00\x00""E\x00\x00\x00""F\x00\x00\x00H\x00\x00\x00I\x00\x00\x00J\x00\x00\x00P\x00\x00\x00Q\x00\x00\x00R\x00\x00\x00T\x00\x00\x00U\x00\x00\x00V\x00\x00\x00X\x00\x00\x00Y\x00\x00\x00Z\x00\x00\x00""C\x00\x00\x00G\x00\x00\x00O\x00\x00\x00S\x00\x00\x00W\x00\x00\x00[\x00\x00\x00L\x00\x00\x00M\x00\x00\x00N\x00\x00\x00\x80\x00\x00\x00\x81\x00\x00\x00\x82\x00\x00\x00\x84\x00\x00\x00\x85\x00\x00\x00\x86\x00\x00\x00\x88\x00\x00\x00\x89\x00\x00\x00\x8a\x00\x00\x00\x90\x00\x00\x00\x91\x00\x00\x00\x92\x00\x00\x00\x94\x00\x00\x00\x95\x00\x00\x00\x96\x00\x00\x00\x98\x00\x00\x00\x99\x00\x00\x00\x9a\x00\x00\x00\x83\x00\x00\x00\x87\x00\x00\x00\x8f\x00\x00\x00\x93\x00\x00\x00\x97\x00\x00\x00\x9b\x00\x00\x00\x8c\x00\x00\x00\x8d\x00\x00\x00\x8e\x00\x00\x00\xa0\x00\x00\x00\xa1\x00\x00\x00\xa2\x00\x00\x00\xa4\x00\x00\x00\xa5\x00\x00\x00\xa6\x00\x00\x00\xa8\x00\x00\x00\xa9\x00\x00\x00\xaa\x00\x00\x00\xb0\x00\x00\x00\xb1\x00\x00\x00\xb2\x00\x00\x00\xb4\x00\x00\x00\xb5\x00\x00\x00\xb6\x00\x00\x00\xb8\x00\x00\x00\xb9\x00\x00\x00\xba\x00\x00\x00\xa3\x00\x00\x00\xa7\x00\x00\x00\xaf\x00\x00\x00\xb3\x00\x00\x00\xb7\x00\x00\x00\xbb\x00\x00\x00\xac\x00\x00\x00\xad\x00\x00\x00\xae\x00\x00\x00\xc0\x00\x00\x00\xc1\x00\x00\x00\xc2\x00\x00\x00\xc4\x00\x00\x00\xc5\x00\x00\x00\xc6\x00\x00\x00\xc8\x00\x00\x00\xc9\x00\x00\x00\xca\x00\x00\x00\xd0\x00\x00\x00\xd1\x00\x00\x00\xd2\x00\x00\x00\xd4\x00\x00\x00\xd5\x00\x00\x00\xd6\x00\x00\x00\xd8\x00\x00\x00\xd9\x00\x00\x00\xda\x00\x00\x00\xc3\x00\x00\x00\xc7\x00\x00\x00\xcf\x00\x00\x00\xd3\x00\x00\x00\xd7\x00\x00\x00\xdb\x00\x00\x00\xcc\x00\x00\x00\xcd\x00\x00\x00\xce\x00\x00\x00`\x00\x00\x00""a\x00\x00\x00""b\x00\x00\x00""d\x00\x00\x00""e\x00\x00\x00""f\x00\x00\x00h\x00\x00\x00i\x00\x00\x00j\x00\x00\x00p\x00\x00\x00q\x00\x00\x00r\x00\x00\x00t\x00\x00\x00u\x00\x00\x00v\x00\x00\x00x\x00\x00\x00y\x00\x00\x00z\x00\x00\x00""c\x00\x00\x00g\x00\x00\x00o\x00\x00\x00s\x00\x00\x00w\x00\x00\x00{\x00\x00\x00l\x00\x00\x00m\x00\x00\x00n\x00\x00\x00\xe0\x00\x00\x00\xe1\x00\x00\x00\xe2\x00\x00\x00\xe4\x00\x00\x00\xe5\x00\x00\x00\xe6\x00\x00\x00\xe8\x00\x00\x00\xe9\x00\x00\x00\xea\x00\x00\x00\xf0\x00\x00\x00\xf1\x00\x00\x00\xf2\x00\x00\x00\xf4\x00\x00\x00\xf5\x00\x00\x00\xf6\x00\x00\x00\xf8\x00\x00\x00\xf9\x00\x00\x00\xfa\x00\x00\x00\xe3\x00\x00\x00\xe7\x00\x00\x00\xef\x00\x00\x00\xf3\x00\x00\x00\xf7\x00\x00\x00\xfb\x00\x00\x00\xec\x00\x00\x00\xed\x00\x00\x00\xee\x00\x00\x00\x1c\x00\x00\x00\x1d\x00\x00\x00\x1e\x00\x00\x00<\x00\x00\x00=\x00\x00\x00>\x00\x00\x00\x5c\x00\x00\x00]\x00\x00\x00^\x00\x00\x00\x9c\x00\x00\x00\x9d\x00\x00\x00\x9e\x00\x00\x00\xbc\x00\x00\x00\xbd\x00\x00\x00\xbe\x00\x00\x00\xdc\x00\x00\x00\xdd\x00\x00\x00\xde\x00\x00\x00\x1f\x00\x00\x00?\x00\x00\x00\x7f\x00\x00\x00\x9f\x00\x00\x00\xbf\x00\x00\x00\xff\x00\x00\x00\xfc\x00\x00\x00\xfd\x00\x00\x00\xfe\x00\x00\x00\x00\x00\x00\x00\x00\x00\x00\x00\x01\x00\x00\x00\x02\x00\x00\x00\x03\x00\x00\x00\x04\x00\x00\x00\x08\x00\x00\x00\x09\x00\x00\x00\x0a\x00\x00\x00\x0b\x00\x00\x00\x0c\x00\x00\x00\x10\x00\x00\x00\x11\x00\x00\x00\x12\x00\x00\x00\x13\x00\x00\x00\x14\x00\x00\x00\x18\x00\x00\x00\x19\x00\x00\x00\x1a\x00\x00\x00\x1b\x00\x00\x00\x1c\x00\x00\x00\x05\x00\x00\x00\x0d\x00\x00\x00\x15\x00\x00\x00\x1d\x00\x00\x00\x06\x00\x00\x00 \x00\x00\x00!\x00\x00\x00\x22\x00\x00\x00#\x00\x00\x00$\x00\x00\x00(\x00\x00\x00)\x00\x00\x00*\x00\x00\x00+\x00\x00\x00,\x00\x00\x00""0\x00\x00\x00""1\x00\x00\x00""2\x00\x00\x00""3\x00\x00\x00""4\x00\x00\x00""8\x00\x00\x00""9\x00\x00\x00:\x00\x00\x00;\x00\x00\x00<\x00\x00\x00%\x00\x00\x00-\x00\x00\x00""5\x00\x00\x00=\x00\x00\x00\x0e\x00\x00\x00@\x00\x00\x00""A\x00\x00\x00""B\x00\x00\x00""C\x00\x00\x00""D\x00\x00\x00H\x00\x00\x00I\x00\x00\x00J\x00\x00\x00K\x00\x00\x00L\x00\x00\x00P\x00\x00\x00Q\x00\x00\x00R\x00\x00\x00S\x00\x00\x00T\x00\x00\x00X\x00\x00\x00Y\x00\x00\x00Z\x00\x00\x00[\x00\x00\x00\x5c\x00\x00\x00""E\x00\x00\x00M\x00\x00\x00U\x00\x00\x00]\x00\x00\x00\x16\x00\x00\x00`\x00\x00\x00""a\x00\x00\x00""b\x00\x00\x00""c\x00\x00\x00""d\x00\x00\x00h\x00\x00\x00i\x00\x00\x00j\x00\x00\x00k\x00\x00\x00l\x00\x00\x00p\x00\x00\x00q\x00\x00\x00r\x00\x00\x00s\x00\x00\x00t\x00\x00\x00x\x00\x00\x00y\x00\x00\x00z\x00\x00\x00{\x00\x00\x00|\x00\x00\x00""e\x00\x00\x00m\x00\x00\x00u\x00\x00\x00}\x00\x00\x00\x1e\x00\x00\x00""f\x00\x00\x00g\x00\x00\x00""F\x00\x00\x00G\x00\x00\x00&\x00\x00\x00n\x00\x00\x00o\x00\x00\x00N\x00\x00\x00O\x00\x00\x00.\x00\x00\x00v\x00\x00\x00w\x00\x00\x00V\x00\x00\x00W\x00\x00\x00""6\x00\x00\x00~\x00\x00\x00\x7f\x00\x00\x00^\x00\x00\x00_\x00\x00\x00>\x00\x00\x00'\x00\x00\x00\x2f\x00\x00\x00""7\x00\x00\x00?\x00\x00\x00\x1f\x00\x00\x00\x00\x00\x00\x00\x00\x00\x00\x00\x02\x00\x00\x00\x05\x00\x00\x00\x09\x00\x00\x00\x0e\x00\x00\x00\x14\x00\x00\x00\x1c\x00\x00\x00&\x00\x00\x00""2\x00\x00\x00""B\x00\x00\x00V\x00\x00\x00n\x00\x00\x00\x8e\x00\x00\x00\xb6\x00\x00\x00\xe6\x00\x00\x00&\x01\x00\x00v\x01\x00\x00\xd6\x01\x00\x00V\x02\x00\x00\xf6\x02\x00\x00\xb6\x03\x00\x00\x00\x00\x00\x00\x00\x00\x00\x00\xff\x00\x00\x00\x00\x00\x00\x00\x82\x00\x00\x00\xff\x00\x00\x00\x00\x00\x00\x00U\x00\x00\x00\xaa\x00\x00\x00\xff\x00\x00\x00\x00\x00\x00\x00""A\x00\x00\x00\x82\x00\x00\x00\xbe\x00\x00\x00\xff\x00\x00\x00\x00\x00\x00\x00\xff\x00\x00\x00""3\x00\x00\x00\xcc\x00\x00\x00""f\x00\x00\x00\x99\x00\x00\x00\x00\x00\x00\x00$\x00\x00\x00I\x00\x00\x00m\x00\x00\x00\x92\x00\x00\x00\xb6\x00\x00\x00\xdb\x00\x00\x00\xff\x00\x00\x00\x00\x00\x00\x00\xff\x00\x00\x00\x1c\x00\x00\x00\xe3\x00\x00\x00""8\x00\x00\x00\xc7\x00\x00\x00T\x00\x00\x00\xab\x00\x00\x00q\x00\x00\x00\x8e\x00\x00\x00\x00\x00\x00\x00\xff\x00\x00\x00""E\x00\x00\x00\xba\x00\x00\x00\x17\x00\x00\x00\xe8\x00\x00\x00\x5c\x00\x00\x00\xa3\x00\x00\x00.\x00\x00\x00\xd1\x00\x00\x00t\x00\x00\x00\x8b\x00\x00\x00\x00\x00\x00\x00\x11\x00\x00\x00\x22\x00\x00\x00""3\x00\x00\x00""D\x00\x00\x00U\x00\x00\x00""f\x00\x00\x00w\x00\x00\x00\x88\x00\x00\x00\x99\x00\x00\x00\xaa\x00\x00\x00\xbb\x00\x00\x00\xcc\x00\x00\x00\xdd\x00\x00\x00\xee\x00\x00\x00\xff\x00\x00\x00\x00\x00\x00\x00\xff\x00\x00\x00""C\x00\x00\x00\xbc\x00\x00\x00\x0d\x00\x00\x00\xf2\x00\x00\x00P\x00\x00\x00\xaf\x00\x00\x00\x1b\x00\x00\x00\xe4\x00\x00\x00^\x00\x00\x00\xa1\x00\x00\x00(\x00\x00\x00\xd7\x00\x00\x00k\x00\x00\x00\x94\x00\x00\x00""6\x00\x00\x00\xc9\x00\x00\x00y\x00\x00\x00\x86\x00\x00\x00\x00\x00\x00\x00\xff\x00\x00\x00!\x00\x00\x00\xde\x00\x00\x00""B\x00\x00\x00\xbd\x00\x00\x00""c\x00\x00\x00\x9c\x00\x00\x00\x0b\x00\x00\x00\xf4\x00\x00\x00,\x00\x00\x00\xd3\x00\x00\x00M\x00\x00\x00\xb2\x00\x00\x00n\x00\x00\x00\x91\x00\x00\x00\x16\x00\x00\x00\xe9\x00\x00\x00""7\x00\x00\x00\xc8\x00\x00\x00X\x00\x00\x00\xa7\x00\x00\x00y\x00\x00\x00\x86\x00\x00\x00\x00\x00\x00\x00\x08\x00\x00\x00\x10\x00\x00\x00\x18\x00\x00\x00!\x00\x00\x00)\x00\x00\x00""1\x00\x00\x00""9\x00\x00\x00""B\x00\x00\x00J\x00\x00\x00R\x00\x00\x00Z\x00\x00\x00""c\x00\x00\x00k\x00\x00\x00s\x00\x00\x00{\x00\x00\x00\x84\x00\x00\x00\x8c\x00\x00\x00\x94\x00\x00\x00\x9c\x00\x00\x00\xa5\x00\x00\x00\xad\x00\x00\x00\xb5\x00\x00\x00\xbd\x00\x00\x00\xc6\x00\x00\x00\xce\x00\x00\x00\xd6\x00\x00\x00\xde\x00\x00\x00\xe7\x00\x00\x00\xef\x00\x00\x00\xf7\x00\x00\x00\xff\x00\x00\x00\x00\x00\x00\x00\xff\x00\x00\x00 \x00\x00\x00\xdf\x00\x00\x00""A\x00\x00\x00\xbe\x00\x00\x00""a\x00\x00\x00\x9e\x00\x00\x00\x06\x00\x00\x00\xf9\x00\x00\x00'\x00\x00\x00\xd8\x00\x00\x00G\x00\x00\x00\xb8\x00\x00\x00h\x00\x00\x00\x97\x00\x00\x00\x0d\x00\x00\x00\xf2\x00\x00\x00-\x00\x00\x00\xd2\x00\x00\x00N\x00\x00\x00\xb1\x00\x00\x00n\x00\x00\x00\x91\x00\x00\x00\x13\x00\x00\x00\xec\x00\x00\x00""4\x00\x00\x00\xcb\x00\x00\x00T\x00\x00\x00\xab\x00\x00\x00u\x00\x00\x00\x8a\x00\x00\x00\x1a\x00\x00\x00\xe5\x00\x00\x00:\x00\x00\x00\xc5\x00\x00\x00[\x00\x00\x00\xa4\x00\x00\x00{\x00\x00\x00\x84\x00\x00\x00\x00\x00\x00\x00\xff\x00\x00\x00\x10\x00\x00\x00\xef\x00\x00\x00 \x00\x00\x00\xdf\x00\x00\x00""0\x00\x00\x00\xcf\x00\x00\x00""A\x00\x00\x00\xbe\x00\x00\x00Q\x00\x00\x00\xae\x00\x00\x00""a\x00\x00\x00\x9e\x00\x00\x00q\x00\x00\x00\x8e\x00\x00\x00\x05\x00\x00\x00\xfa\x00\x00\x00\x15\x00\x00\x00\xea\x00\x00\x00&\x00\x00\x00\xd9\x00\x00\x00""6\x00\x00\x00\xc9\x00\x00\x00""F\x00\x00\x00\xb9\x00\x00\x00V\x00\x00\x00\xa9\x00\x00\x00g\x00\x00\x00\x98\x00\x00\x00w\x00\x00\x00\x88\x00\x00\x00\x0b\x00\x00\x00\xf4\x00\x00\x00\x1b\x00\x00\x00\xe4\x00\x00\x00+\x00\x00\x00\xd4\x00\x00\x00;\x00\x00\x00\xc4\x00\x00\x00L\x00\x00\x00\xb3\x00\x00\x00\x5c\x00\x00\x00\xa3\x00\x00\x00l\x00\x00\x00\x93\x00\x00\x00|\x00\x00\x00\x83\x00\x00\x00\x00\x00\x00\x00\x04\x00\x00\x00\x08\x00\x00\x00\x0c\x00\x00\x00\x10\x00\x00\x00\x14\x00\x00\x00\x18\x00\x00\x00\x1c\x00\x00\x00 \x00\x00\x00$\x00\x00\x00(\x00\x00\x00,\x00\x00\x00""0\x00\x00\x00""4\x00\x00\x00""8\x00\x00\x00<\x00\x00\x00""A\x00\x00\x00""E\x00\x00\x00I\x00\x00\x00M\x00\x00\x00Q\x00\x00\x00U\x00\x00\x00Y\x00\x00\x00]\x00\x00\x00""a\x00\x00\x00""e\x00\x00\x00i\x00\x00\x00m\x00\x00\x00q\x00\x00\x00u\x00\x00\x00y\x00\x00\x00}\x00\x00\x00\x82\x00\x00\x00\x86\x00\x00\x00\x8a\x00\x00\x00\x8e\x00\x00\x00\x92\x00\x00\x00\x96\x00\x00\x00\x9a\x00\x00\x00\x9e\x00\x00\x00\xa2\x00\x00\x00\xa6\x00\x00\x00\xaa\x00\x00\x00\xae\x00\x00\x00\xb2\x00\x00\x00\xb6\x00\x00\x00\xba\x00\x00\x00\xbe\x00\x00\x00\xc3\x00\x00\x00\xc7\x00\x00\x00\xcb\x00\x00\x00\xcf\x00\x00\x00\xd3\x00\x00\x00\xd7\x00\x00\x00\xdb\x00\x00\x00\xdf\x00\x00\x00\xe3\x00\x00\x00\xe7\x00\x00\x00\xeb\x00\x00\x00\xef\x00\x00\x00\xf3\x00\x00\x00\xf7\x00\x00\x00\xfb\x00\x00\x00\xff\x00\x00\x00\x00\x00\x00\x00\xff\x00\x00\x00\x10\x00\x00\x00\xef\x00\x00\x00 \x00\x00\x00\xdf\x00\x00\x00""0\x00\x00\x00\xcf\x00\x00\x00@\x00\x00\x00\xbf\x00\x00\x00P\x00\x00\x00\xaf\x00\x00\x00`\x00\x00\x00\x9f\x00\x00\x00p\x00\x00\x00\x8f\x00\x00\x00\x03\x00\x00\x00\xfc\x00\x00\x00\x13\x00\x00\x00\xec\x00\x00\x00#\x00\x00\x00\xdc\x00\x00\x00""3\x00\x00\x00\xcc\x00\x00\x00""C\x00\x00\x00\xbc\x00\x00\x00S\x00\x00\x00\xac\x00\x00\x00""d\x00\x00\x00\x9b\x00\x00\x00t\x00\x00\x00\x8b\x00\x00\x00\x06\x00\x00\x00\xf9\x00\x00\x00\x16\x00\x00\x00\xe9\x00\x00\x00&\x00\x00\x00\xd9\x00\x00\x00""6\x00\x00\x00\xc9\x00\x00\x00G\x00\x00\x00\xb8\x00\x00\x00W\x00\x00\x00\xa8\x00\x00\x00g\x00\x00\x00\x98\x00\x00\x00w\x00\x00\x00\x88\x00\x00\x00\x09\x00\x00\x00\xf6\x00\x00\x00\x19\x00\x00\x00\xe6\x00\x00\x00*\x00\x00\x00\xd5\x00\x00\x00:\x00\x00\x00\xc5\x00\x00\x00J\x00\x00\x00\xb5\x00\x00\x00Z\x00\x00\x00\xa5\x00\x00\x00j\x00\x00\x00\x95\x00\x00\x00z\x00\x00\x00\x85\x00\x00\x00\x0d\x00\x00\x00\xf2\x00\x00\x00\x1d\x00\x00\x00\xe2\x00\x00\x00-\x00\x00\x00\xd2\x00\x00\x00=\x00\x00\x00\xc2\x00\x00\x00M\x00\x00\x00\xb2\x00\x00\x00]\x00\x00\x00\xa2\x00\x00\x00m\x00\x00\x00\x92\x00\x00\x00}\x00\x00\x00\x82\x00\x00\x00\x00\x00\x00\x00\xff\x00\x00\x00\x08\x00\x00\x00\xf7\x00\x00\x00\x10\x00\x00\x00\xef\x00\x00\x00\x18\x00\x00\x00\xe7\x00\x00\x00 \x00\x00\x00\xdf\x00\x00\x00(\x00\x00\x00\xd7\x00\x00\x00""0\x00\x00\x00\xcf\x00\x00\x00""8\x00\x00\x00\xc7\x00\x00\x00@\x00\x00\x00\xbf\x00\x00\x00H\x00\x00\x00\xb7\x00\x00\x00P\x00\x00\x00\xaf\x00\x00\x00X\x00\x00\x00\xa7\x00\x00\x00`\x00\x00\x00\x9f\x00\x00\x00h\x00\x00\x00\x97\x00\x00\x00p\x00\x00\x00\x8f\x00\x00\x00x\x00\x00\x00\x87\x00\x00\x00\x02\x00\x00\x00\xfd\x00\x00\x00\x0a\x00\x00\x00\xf5\x00\x00\x00\x12\x00\x00\x00\xed\x00\x00\x00\x1a\x00\x00\x00\xe5\x00\x00\x00#\x00\x00\x00\xdc\x00\x00\x00+\x00\x00\x00\xd4\x00\x00\x00""3\x00\x00\x00\xcc\x00\x00\x00;\x00\x00\x00\xc4\x00\x00\x00""C\x00\x00\x00\xbc\x00\x00\x00K\x00\x00\x00\xb4\x00\x00\x00S\x00\x00\x00\xac\x00\x00\x00[\x00\x00\x00\xa4\x00\x00\x00""c\x00\x00\x00\x9c\x00\x00\x00k\x00\x00\x00\x94\x00\x00\x00s\x00\x00\x00\x8c\x00\x00\x00{\x00\x00\x00\x84\x00\x00\x00\x05\x00\x00\x00\xfa\x00\x00\x00\x0d\x00\x00\x00\xf2\x00\x00\x00\x15\x00\x00\x00\xea\x00\x00\x00\x1d\x00\x00\x00\xe2\x00\x00\x00%\x00\x00\x00\xda\x00\x00\x00-\x00\x00\x00\xd2\x00\x00\x00""5\x00\x00\x00\xca\x00\x00\x00=\x00\x00\x00\xc2\x00\x00\x00""F\x00\x00\x00\xb9\x00\x00\x00N\x00\x00\x00\xb1\x00\x00\x00V\x00\x00\x00\xa9\x00\x00\x00^\x00\x00\x00\xa1\x00\x00\x00""f\x00\x00\x00\x99\x00\x00\x00n\x00\x00\x00\x91\x00\x00\x00v\x00\x00\x00\x89\x00\x00\x00~\x00\x00\x00\x81\x00\x00\x00\x00\x00\x00\x00\x02\x00\x00\x00\x04\x00\x00\x00\x06\x00\x00\x00\x08\x00\x00\x00\x0a\x00\x00\x00\x0c\x00\x00\x00\x0e\x00\x00\x00\x10\x00\x00\x00\x12\x00\x00\x00\x14\x00\x00\x00\x16\x00\x00\x00\x18\x00\x00\x00\x1a\x00\x00\x00\x1c\x00\x00\x00\x1e\x00\x00\x00 \x00\x00\x00\x22\x00\x00\x00$\x00\x00\x00&\x00\x00\x00(\x00\x00\x00*\x00\x00\x00,\x00\x00\x00.\x00\x00\x00""0\x00\x00\x00""2\x00\x00\x00""4\x00\x00\x00""6\x00\x00\x00""8\x00\x00\x00:\x00\x00\x00<\x00\x00\x00>\x00\x00\x00@\x00\x00\x00""B\x00\x00\x00""D\x00\x00\x00""F\x00\x00\x00H\x00\x00\x00J\x00\x00\x00L\x00\x00\x00N\x00\x00\x00P\x00\x00\x00R\x00\x00\x00T\x00\x00\x00V\x00\x00\x00X\x00\x00\x00Z\x00\x00\x00\x5c\x00\x00\x00^\x00\x00\x00`\x00\x00\x00""b\x00\x00\x00""d\x00\x00\x00""f\x00\x00\x00h\x00\x00\x00j\x00\x00\x00l\x00\x00\x00n\x00\x00\x00p\x00\x00\x00r\x00\x00\x00t\x00\x00\x00v\x00\x00\x00x\x00\x00\x00z\x00\x00\x00|\x00\x00\x00~\x00\x00\x00\x81\x00\x00\x00\x83\x00\x00\x00\x85\x00\x00\x00\x87\x00\x00\x00\x89\x00\x00\x00\x8b\x00\x00\x00\x8d\x00\x00\x00\x8f\x00\x00\x00\x91\x00\x00\x00\x93\x00\x00\x00\x95\x00\x00\x00\x97\x00\x00\x00\x99\x00\x00\x00\x9b\x00\x00\x00\x9d\x00\x00\x00\x9f\x00\x00\x00\xa1\x00\x00\x00\xa3\x00\x00\x00\xa5\x00\x00\x00\xa7\x00\x00\x00\xa9\x00\x00\x00\xab\x00\x00\x00\xad\x00\x00\x00\xaf\x00\x00\x00\xb1\x00\x00\x00\xb3\x00\x00\x00\xb5\x00\x00\x00\xb7\x00\x00\x00\xb9\x00\x00\x00\xbb\x00\x00\x00\xbd\x00\x00\x00\xbf\x00\x00\x00\xc1\x00\x00\x00\xc3\x00\x00\x00\xc5\x00\x00\x00\xc7\x00\x00\x00\xc9\x00\x00\x00\xcb\x00\x00\x00\xcd\x00\x00\x00\xcf\x00\x00\x00\xd1\x00\x00\x00\xd3\x00\x00\x00\xd5\x00\x00\x00\xd7\x00\x00\x00\xd9\x00\x00\x00\xdb\x00\x00\x00\xdd\x00\x00\x00\xdf\x00\x00\x00\xe1\x00\x00\x00\xe3\x00\x00\x00\xe5\x00\x00\x00\xe7\x00\x00\x00\xe9\x00\x00\x00\xeb\x00\x00\x00\xed\x00\x00\x00\xef\x00\x00\x00\xf1\x00\x00\x00\xf3\x00\x00\x00\xf5\x00\x00\x00\xf7\x00\x00\x00\xf9\x00\x00\x00\xfb\x00\x00\x00\xfd\x00\x00\x00\xff\x00\x00\x00\x00\x00\x00\x00\xff\x00\x00\x00\x08\x00\x00\x00\xf7\x00\x00\x00\x10\x00\x00\x00\xef\x00\x00\x00\x18\x00\x00\x00\xe7\x00\x00\x00 \x00\x00\x00\xdf\x00\x00\x00(\x00\x00\x00\xd7\x00\x00\x00""0\x00\x00\x00\xcf\x00\x00\x00""8\x00\x00\x00\xc7\x00\x00\x00@\x00\x00\x00\xbf\x00\x00\x00H\x00\x00\x00\xb7\x00\x00\x00P\x00\x00\x00\xaf\x00\x00\x00X\x00\x00\x00\xa7\x00\x00\x00`\x00\x00\x00\x9f\x00\x00\x00h\x00\x00\x00\x97\x00\x00\x00p\x00\x00\x00\x8f\x00\x00\x00x\x00\x00\x00\x87\x00\x00\x00\x01\x00\x00\x00\xfe\x00\x00\x00\x09\x00\x00\x00\xf6\x00\x00\x00\x11\x00\x00\x00\xee\x00\x00\x00\x19\x00\x00\x00\xe6\x00\x00\x00!\x00\x00\x00\xde\x00\x00\x00)\x00\x00\x00\xd6\x00\x00\x00""1\x00\x00\x00\xce\x00\x00\x00""9\x00\x00\x00\xc6\x00\x00\x00""A\x00\x00\x00\xbe\x00\x00\x00I\x00\x00\x00\xb6\x00\x00\x00Q\x00\x00\x00\xae\x00\x00\x00Y\x00\x00\x00\xa6\x00\x00\x00""a\x00\x00\x00\x9e\x00\x00\x00i\x00\x00\x00\x96\x00\x00\x00q\x00\x00\x00\x8e\x00\x00\x00y\x00\x00\x00\x86\x00\x00\x00\x03\x00\x00\x00\xfc\x00\x00\x00\x0b\x00\x00\x00\xf4\x00\x00\x00\x13\x00\x00\x00\xec\x00\x00\x00\x1b\x00\x00\x00\xe4\x00\x00\x00#\x00\x00\x00\xdc\x00\x00\x00+\x00\x00\x00\xd4\x00\x00\x00""3\x00\x00\x00\xcc\x00\x00\x00;\x00\x00\x00\xc4\x00\x00\x00""C\x00\x00\x00\xbc\x00\x00\x00K\x00\x00\x00\xb4\x00\x00\x00S\x00\x00\x00\xac\x00\x00\x00[\x00\x00\x00\xa4\x00\x00\x00""c\x00\x00\x00\x9c\x00\x00\x00k\x00\x00\x00\x94\x00\x00\x00s\x00\x00\x00\x8c\x00\x00\x00{\x00\x00\x00\x84\x00\x00\x00\x04\x00\x00\x00\xfb\x00\x00\x00\x0c\x00\x00\x00\xf3\x00\x00\x00\x14\x00\x00\x00\xeb\x00\x00\x00\x1c\x00\x00\x00\xe3\x00\x00\x00$\x00\x00\x00\xdb\x00\x00\x00,\x00\x00\x00\xd3\x00\x00\x00""4\x00\x00\x00\xcb\x00\x00\x00<\x00\x00\x00\xc3\x00\x00\x00""D\x00\x00\x00\xbb\x00\x00\x00L\x00\x00\x00\xb3\x00\x00\x00T\x00\x00\x00\xab\x00\x00\x00\x5c\x00\x00\x00\xa3\x00\x00\x00""d\x00\x00\x00\x9b\x00\x00\x00l\x00\x00\x00\x93\x00\x00\x00t\x00\x00\x00\x8b\x00\x00\x00|\x00\x00\x00\x83\x00\x00\x00\x06\x00\x00\x00\xf9\x00\x00\x00\x0e\x00\x00\x00\xf1\x00\x00\x00\x16\x00\x00\x00\xe9\x00\x00\x00\x1e\x00\x00\x00\xe1\x00\x00\x00&\x00\x00\x00\xd9\x00\x00\x00.\x00\x00\x00\xd1\x00\x00\x00""6\x00\x00\x00\xc9\x00\x00\x00>\x00\x00\x00\xc1\x00\x00\x00""F\x00\x00\x00\xb9\x00\x00\x00N\x00\x00\x00\xb1\x00\x00\x00V\x00\x00\x00\xa9\x00\x00\x00^\x00\x00\x00\xa1\x00\x00\x00""f\x00\x00\x00\x99\x00\x00\x00n\x00\x00\x00\x91\x00\x00\x00v\x00\x00\x00\x89\x00\x00\x00~\x00\x00\x00\x81\x00\x00\x00\x00\x00\x00\x00\xff\x00\x00\x00\x04\x00\x00\x00\xfb\x00\x00\x00\x08\x00\x00\x00\xf7\x00\x00\x00\x0c\x00\x00\x00\xf3\x00\x00\x00\x10\x00\x00\x00\xef\x00\x00\x00\x14\x00\x00\x00\xeb\x00\x00\x00\x18\x00\x00\x00\xe7\x00\x00\x00\x1c\x00\x00\x00\xe3\x00\x00\x00 \x00\x00\x00\xdf\x00\x00\x00$\x00\x00\x00\xdb\x00\x00\x00(\x00\x00\x00\xd7\x00\x00\x00,\x00\x00\x00\xd3\x00\x00\x00""0\x00\x00\x00\xcf\x00\x00\x00""4\x00\x00\x00\xcb\x00\x00\x00""8\x00\x00\x00\xc7\x00\x00\x00<\x00\x00\x00\xc3\x00\x00\x00@\x00\x00\x00\xbf\x00\x00\x00""D\x00\x00\x00\xbb\x00\x00\x00H\x00\x00\x00\xb7\x00\x00\x00L\x00\x00\x00\xb3\x00\x00\x00P\x00\x00\x00\xaf\x00\x00\x00T\x00\x00\x00\xab\x00\x00\x00X\x00\x00\x00\xa7\x00\x00\x00\x5c\x00\x00\x00\xa3\x00\x00\x00`\x00\x00\x00\x9f\x00\x00\x00""d\x00\x00\x00\x9b\x00\x00\x00h\x00\x00\x00\x97\x00\x00\x00l\x00\x00\x00\x93\x00\x00\x00p\x00\x00\x00\x8f\x00\x00\x00t\x00\x00\x00\x8b\x00\x00\x00x\x00\x00\x00\x87\x00\x00\x00|\x00\x00\x00\x83\x00\x00\x00\x01\x00\x00\x00\xfe\x00\x00\x00\x05\x00\x00\x00\xfa\x00\x00\x00\x09\x00\x00\x00\xf6\x00\x00\x00\x0d\x00\x00\x00\xf2\x00\x00\x00\x11\x00\x00\x00\xee\x00\x00\x00\x15\x00\x00\x00\xea\x00\x00\x00\x19\x00\x00\x00\xe6\x00\x00\x00\x1d\x00\x00\x00\xe2\x00\x00\x00!\x00\x00\x00\xde\x00\x00\x00%\x00\x00\x00\xda\x00\x00\x00)\x00\x00\x00\xd6\x00\x00\x00-\x00\x00\x00\xd2\x00\x00\x00""1\x00\x00\x00\xce\x00\x00\x00""5\x00\x00\x00\xca\x00\x00\x00""9\x00\x00\x00\xc6\x00\x00\x00=\x00\x00\x00\xc2\x00\x00\x00""A\x00\x00\x00\xbe\x00\x00\x00""E\x00\x00\x00\xba\x00\x00\x00I\x00\x00\x00\xb6\x00\x00\x00M\x00\x00\x00\xb2\x00\x00\x00Q\x00\x00\x00\xae\x00\x00\x00U\x00\x00\x00\xaa\x00\x00\x00Y\x00\x00\x00\xa6\x00\x00\x00]\x00\x00\x00\xa2\x00\x00\x00""a\x00\x00\x00\x9e\x00\x00\x00""e\x00\x00\x00\x9a\x00\x00\x00i\x00\x00\x00\x96\x00\x00\x00m\x00\x00\x00\x92\x00\x00\x00q\x00\x00\x00\x8e\x00\x00\x00u\x00\x00\x00\x8a\x00\x00\x00y\x00\x00\x00\x86\x00\x00\x00}\x00\x00\x00\x82\x00\x00\x00\x02\x00\x00\x00\xfd\x00\x00\x00\x06\x00\x00\x00\xf9\x00\x00\x00\x0a\x00\x00\x00\xf5\x00\x00\x00\x0e\x00\x00\x00\xf1\x00\x00\x00\x12\x00\x00\x00\xed\x00\x00\x00\x16\x00\x00\x00\xe9\x00\x00\x00\x1a\x00\x00\x00\xe5\x00\x00\x00\x1e\x00\x00\x00\xe1\x00\x00\x00\x22\x00\x00\x00\xdd\x00\x00\x00&\x00\x00\x00\xd9\x00\x00\x00*\x00\x00\x00\xd5\x00\x00\x00.\x00\x00\x00\xd1\x00\x00\x00""2\x00\x00\x00\xcd\x00\x00\x00""6\x00\x00\x00\xc9\x00\x00\x00:\x00\x00\x00\xc5\x00\x00\x00>\x00\x00\x00\xc1\x00\x00\x00""B\x00\x00\x00\xbd\x00\x00\x00""F\x00\x00\x00\xb9\x00\x00\x00J\x00\x00\x00\xb5\x00\x00\x00N\x00\x00\x00\xb1\x00\x00\x00R\x00\x00\x00\xad\x00\x00\x00V\x00\x00\x00\xa9\x00\x00\x00Z\x00\x00\x00\xa5\x00\x00\x00^\x00\x00\x00\xa1\x00\x00\x00""b\x00\x00\x00\x9d\x00\x00\x00""f\x00\x00\x00\x99\x00\x00\x00j\x00\x00\x00\x95\x00\x00\x00n\x00\x00\x00\x91\x00\x00\x00r\x00\x00\x00\x8d\x00\x00\x00v\x00\x00\x00\x89\x00\x00\x00z\x00\x00\x00\x85\x00\x00\x00~\x00\x00\x00\x81\x00\x00\x00\x00\x00\x00\x00\x01\x00\x00\x00\x02\x00\x00\x00\x03\x00\x00\x00\x04\x00\x00\x00\x05\x00\x00\x00\x06\x00\x00\x00\x07\x00\x00\x00\x08\x00\x00\x00\x09\x00\x00\x00\x0a\x00\x00\x00\x0b\x00\x00\x00\x0c\x00\x00\x00\x0d\x00\x00\x00\x0e\x00\x00\x00\x0f\x00\x00\x00\x10\x00\x00\x00\x11\x00\x00\x00\x12\x00\x00\x00\x13\x00\x00\x00\x14\x00\x00\x00\x15\x00\x00\x00\x16\x00\x00\x00\x17\x00\x00\x00\x18\x00\x00\x00\x19\x00\x00\x00\x1a\x00\x00\x00\x1b\x00\x00\x00\x1c\x00\x00\x00\x1d\x00\x00\x00\x1e\x00\x00\x00\x1f\x00\x00\x00 \x00\x00\x00!\x00\x00\x00\x22\x00\x00\x00#\x00\x00\x00$\x00\x00\x00%\x00\x00\x00&\x00\x00\x00'\x00\x00\x00(\x00\x00\x00)\x00\x00\x00*\x00\x00\x00+\x00\x00\x00,\x00\x00\x00-\x00\x00\x00.\x00\x00\x00\x2f\x00\x00\x00""0\x00\x00\x00""1\x00\x00\x00""2\x00\x00\x00""3\x00\x00\x00""4\x00\x00\x00""5\x00\x00\x00""6\x00\x00\x00""7\x00\x00\x00""8\x00\x00\x00""9\x00\x00\x00:\x00\x00\x00;\x00\x00\x00<\x00\x00\x00=\x00\x00\x00>\x00\x00\x00?\x00\x00\x00@\x00\x00\x00""A\x00\x00\x00""B\x00\x00\x00""C\x00\x00\x00""D\x00\x00\x00""E\x00\x00\x00""F\x00\x00\x00G\x00\x00\x00H\x00\x00\x00I\x00\x00\x00J\x00\x00\x00K\x00\x00\x00L\x00\x00\x00M\x00\x00\x00N\x00\x00\x00O\x00\x00\x00P\x00\x00\x00Q\x00\x00\x00R\x00\x00\x00S\x00\x00\x00T\x00\x00\x00U\x00\x00\x00V\x00\x00\x00W\x00\x00\x00X\x00\x00\x00Y\x00\x00\x00Z\x00\x00\x00[\x00\x00\x00\x5c\x00\x00\x00]\x00\x00\x00^\x00\x00\x00_\x00\x00\x00`\x00\x00\x00""a\x00\x00\x00""b\x00\x00\x00""c\x00\x00\x00""d\x00\x00\x00""e\x00\x00\x00""f\x00\x00\x00g\x00\x00\x00h\x00\x00\x00i\x00\x00\x00j\x00\x00\x00k\x00\x00\x00l\x00\x00\x00m\x00\x00\x00n\x00\x00\x00o\x00\x00\x00p\x00\x00\x00q\x00\x00\x00r\x00\x00\x00s\x00\x00\x00t\x00\x00\x00u\x00\x00\x00v\x00\x00\x00w\x00\x00\x00x\x00\x00\x00y\x00\x00\x00z\x00\x00\x00{\x00\x00\x00|\x00\x00\x00}\x00\x00\x00~\x00\x00\x00\x7f\x00\x00\x00\x80\x00\x00\x00\x81\x00\x00\x00\x82\x00\x00\x00\x83\x00\x00\x00\x84\x00\x00\x00\x85\x00\x00\x00\x86\x00\x00\x00\x87\x00\x00\x00\x88\x00\x00\x00\x89\x00\x00\x00\x8a\x00\x00\x00\x8b\x00\x00\x00\x8c\x00\x00\x00\x8d\x00\x00\x00\x8e\x00\x00\x00\x8f\x00\x00\x00\x90\x00\x00\x00\x91\x00\x00\x00\x92\x00\x00\x00\x93\x00\x00\x00\x94\x00\x00\x00\x95\x00\x00\x00\x96\x00\x00\x00\x97\x00\x00\x00\x98\x00\x00\x00\x99\x00\x00\x00\x9a\x00\x00\x00\x9b\x00\x00\x00\x9c\x00\x00\x00\x9d\x00\x00\x00\x9e\x00\x00\x00\x9f\x00\x00\x00\xa0\x00\x00\x00\xa1\x00\x00\x00\xa2\x00\x00\x00\xa3\x00\x00\x00\xa4\x00\x00\x00\xa5\x00\x00\x00\xa6\x00\x00\x00\xa7\x00\x00\x00\xa8\x00\x00\x00\xa9\x00\x00\x00\xaa\x00\x00\x00\xab\x00\x00\x00\xac\x00\x00\x00\xad\x00\x00\x00\xae\x00\x00\x00\xaf\x00\x00\x00\xb0\x00\x00\x00\xb1\x00\x00\x00\xb2\x00\x00\x00\xb3\x00\x00\x00\xb4\x00\x00\x00\xb5\x00\x00\x00\xb6\x00\x00\x00\xb7\x00\x00\x00\xb8\x00\x00\x00\xb9\x00\x00\x00\xba\x00\x00\x00\xbb\x00\x00\x00\xbc\x00\x00\x00\xbd\x00\x00\x00\xbe\x00\x00\x00\xbf\x00\x00\x00\xc0\x00\x00\x00\xc1\x00\x00\x00\xc2\x00\x00\x00\xc3\x00\x00\x00\xc4\x00\x00\x00\xc5\x00\x00\x00\xc6\x00\x00\x00\xc7\x00\x00\x00\xc8\x00\x00\x00\xc9\x00\x00\x00\xca\x00\x00\x00\xcb\x00\x00\x00\xcc\x00\x00\x00\xcd\x00\x00\x00\xce\x00\x00\x00\xcf\x00\x00\x00\xd0\x00\x00\x00\xd1\x00\x00\x00\xd2\x00\x00\x00\xd3\x00\x00\x00\xd4\x00\x00\x00\xd5\x00\x00\x00\xd6\x00\x00\x00\xd7\x00\x00\x00\xd8\x00\x00\x00\xd9\x00\x00\x00\xda\x00\x00\x00\xdb\x00\x00\x00\xdc\x00\x00\x00\xdd\x00\x00\x00\xde\x00\x00\x00\xdf\x00\x00\x00\xe0\x00\x00\x00\xe1\x00\x00\x00\xe2\x00\x00\x00\xe3\x00\x00\x00\xe4\x00\x00\x00\xe5\x00\x00\x00\xe6\x00\x00\x00\xe7\x00\x00\x00\xe8\x00\x00\x00\xe9\x00\x00\x00\xea\x00\x00\x00\xeb\x00\x00\x00\xec\x00\x00\x00\xed\x00\x00\x00\xee\x00\x00\x00\xef\x00\x00\x00\xf0\x00\x00\x00\xf1\x00\x00\x00\xf2\x00\x00\x00\xf3\x00\x00\x00\xf4\x00\x00\x00\xf5\x00\x00\x00\xf6\x00\x00\x00\xf7\x00\x00\x00\xf8\x00\x00\x00\xf9\x00\x00\x00\xfa\x00\x00\x00\xfb\x00\x00\x00\xfc\x00\x00\x00\xfd\x00\x00\x00\xfe\x00\x00\x00\xff\x00\x00\x00";
static const cmpbe_chunk_OBJC OBJC_137 = { 71096, (uint8_t*)b_137 };
static const cmpbe_chunk_EBIN EBIN_138 =
{
	(uint16_t) 0x1,
	(uint16_t) 0x3000,
	(cmpbe_chunk_FSHA_prepass_flags) 0x0,
	(uint32_t) 0xf000,
	(uint16_t) 0x40,
	(uint16_t) 0x2c,
	(uint32_t) 0x2b0,
	(cmpbe_chunk_FSHA_flags) 0x42000,
	(cmpbe_chunk_FSHA_variant) 0x80,
	NULL,
	NULL,
	NULL,
	NULL,
	NULL,
	OBJC_137,
	NULL,
	NULL,
};
static const uint8_t b_139[] = "\x02\x00\x00(\xf4\x84`\x00""B@\x00h\xf4\xb8`\x00\xc0\x03\x00\x00\x00\xc9\x10\x01\xc0\x01\x00\x01\x00\x7f\x10\x09""E\xff\xff\xff\x00\xc5\x18\x01\x04\x04\x00\x18\x82\x88`\x00""D\x08\x00(\xf4\x84`\x10y\xff\xff\xff\x00\xf9\x18\x01""8\x08\x00h\xf4\xba`\x00""8h\x00\xa8\xf4\xbc`\x08\x08\x09\x05\xc5\x01\xc7P\x01\x04\x00\x00\x00\x00\xc6\x91\x00""F\x00\x00\x18\x82\x86`\x10\x00\x00\x00h\x04za \x00\x08\x00\xa8\x04|a\x08\x06\xc0I\xc0\x04\xc7X\x01""FG\x00\x00\x00\xc6\xa0\x00""F\xc8\xc0\x19\x04\xc7\xb4\x00\xc0\x09\x00\x00\x00\xc6\x10\x01HFE\xc5\x01\xc5P\x01""D\x08\x00\x08\x82\xbe`\x08>\x06\x00\x00\x00""E\x18\x01""E\xc0\xc0\x88\x10\x86\xf1\x00~\xc8\x7f\x18 ~\xb4\x00~\xc2\x00\x08 F\xa1\x00\x00 \x00\xa8\x04""Fa\x00""8H\x00(\xf4\xbe`\x00x(\x00h\xf4\xb8`\x08\x00\x10\x00(\x04~a\x10@\x18\x00(\x04xax";
static const cmpbe_chunk_OBJC OBJC_139 = { 240, (uint8_t*)b_139 };
static const cmpbe_chunk_EBIN EBIN_140 =
{
	(uint16_t) 0xffff,
	(uint16_t) 0x0,
	(cmpbe_chunk_FSHA_prepass_flags) 0x0,
	(uint32_t) 0xffffffff,
	(uint16_t) 0x20,
	(uint16_t) 0x2c,
	(uint32_t) 0x0,
	(cmpbe_chunk_FSHA_flags) 0x20042000,
	(cmpbe_chunk_FSHA_variant) 0x0,
	NULL,
	NULL,
	NULL,
	NULL,
	NULL,
	OBJC_139,
	NULL,
	NULL,
};
static cmpbe_chunk_EBIN a_138[2] = { EBIN_138, EBIN_140, };
static const cmpbe_chunk_CMMN CMMN_1 =
{
	VELA_1,
	SSYM_2,
	SSYM_3,
	SSYM_24,
	SSYM_25,
	SSYM_26,
	SSYM_59,
	UBUF_60,
	(uint16_t) 0x0,
	(uint32_t) 0x4c,
	a_61,
	(uint32_t) 0x2,
	a_138,
	NULL,
};
static const uint8_t b_141[] = "main";
static const cmpbe_chunk_STRI STRI_141 = { 4, (uint8_t*)b_141 };
static const cmpbe_chunk_KWGS KWGS_142 =
{
	(uint32_t) 0x8,
	(uint32_t) 0x8,
	(uint32_t) 0x1,
};
static const cmpbe_chunk_KERN KERN_141 =
{
	STRI_141,
	(uint32_t) 0x0,
	NULL,
	(uint32_t) 0x0,
	(cmpbe_chunk_MBS2_reserved_enum) 0x0,
	(cmpbe_chunk_KWGS*)&KWGS_142,
};
static const cmpbe_chunk_CCOM CCOM_1 =
{
	CMMN_1,
	KERN_141,
	NULL,
	NULL,
};
cmpbe_chunk_MBS2 MBS2 =
{
	/*version = */48,
	VEHW_0,
	NULL,
	(cmpbe_chunk_CCOM*)&CCOM_1,
	NULL,
	NULL,
	NULL,
	NULL,
	NULL,
	NULL,
	NULL,
	NULL,
	NULL,
};
#if defined(__GNUC__)
#pragma GCC diagnostic pop
#endif
